﻿Video_ID,comment_text,comment_likes,comment_date
3F-D4cF1UWw,유료광고 표시가 누락된거다라고 하는데<br>솔직히 제목자체가 내돈내산인데<br>협찬받아놓구선 뻔뻔하기가 그지없네요,1456,2020-07-16T08:27:31Z
3F-D4cF1UWw,강민경은 그렇다치고 한혜연은 ..ㅋㅋ 제목도 내돈내산에다가 영상도 자기가 샀다고 추천한다고 시작하던데..;; ㅋ 그럼 뭐 연기하는거임? 내가 샀어 추천해 근데 광고야,864,2020-07-16T11:25:08Z
3F-D4cF1UWw,한혜연 나혼산 때문에 이미지포장 너무된거같은데,855,2020-07-17T05:34:59Z
3F-D4cF1UWw,한혜연은 사기다 내돈주고샀다는 코너까지 있는데 수천만원 받은건 엄연한 사기,842,2020-07-17T01:12:38Z
3F-D4cF1UWw,심지어 한혜연은 거대패션MOM에 슈스스계정 70억주고 판거였음.<br><br>자기유튜브계정이 실질적으로아님,554,2020-07-17T01:41:30Z
3F-D4cF1UWw,한혜연은 대중의 인기를  이용한  명백한  사기극이다.<br>사회적 파장을  생각해서  반드시  처벌 받아야 할 것이며<br>세금 조사 또한 분명히  해야  할 것이다.<br>더 이상  이런  선량한 대중을 이용한  사기는  용납 되어선  안된다.,483,2020-07-17T00:51:32Z
3F-D4cF1UWw,한혜연씨 정말 실망이다...거짓말하지맙시다...구취...,419,2020-07-16T09:50:35Z
3F-D4cF1UWw,한혜연은 진짜 악질적이다.<br>본인의 직업상 많은 여성들에게 영향을 미칠 수 있음을 알면서도<br>협찬제품이나 광고제품을 내 돈으로 내가 산 것이라고 말하는 것은 대놓고 거짓말 아닌가?,396,2020-08-06T08:26:22Z
3F-D4cF1UWw,네돈네산인데 내돈내산으로 오타 났다고 하는게 더 현실성있었겠다 유료광고 표시누락이라니 ㅋㅋㅋㅋㅋㅋㅋㅋㅋㅋㅋㅋㅋㅋㅋㅋㅋ,365,2020-07-17T10:09:29Z
3F-D4cF1UWw,"네이버 블로그가 망한 이유. 꼭 다 읽고 나면 끝에 깨알 글씨로 협찬,제공,소정.. 제목이나 상단에 기재해서 결정할 선택권을 달라고 네이버에 권유 했지만 묵묵부답. 등산 캠핑 유튜버도 구독자 좀 늘더니 온몸에 k2 도배해 놓고 본말전도..",351,2020-07-17T00:30:30Z
3F-D4cF1UWw,한혜연은 패션도 그닥.....,317,2020-07-16T09:00:04Z
3F-D4cF1UWw,한혜연은 채널도 70억에 팔고선 아직도 자기가 하고있는것처럼 채널명이 그대로 인것도... 참 ..,236,2020-07-16T22:04:09Z
3F-D4cF1UWw,내돈내산 을 믿고 샀었는데 ... 한혜연씨한테 완전 속았음. 사기당한기분... 🤬😡🤬,218,2020-07-16T21:46:28Z
3F-D4cF1UWw,강민경은 사과는 커녕 댓글 막아놨음 ㅋㅋㅋㅋㅋㅋㅋㅋㅋㅋㅋ ㄹㅇ 이건 도대체 무슨 깡이냐 ㅋㅋㅋㅋㅋㅋ,201,2020-08-07T04:24:12Z
3F-D4cF1UWw,둘다 그냥 사기꾼 거짓말쟁이지 혀는 기네,201,2020-08-03T11:49:45Z
3F-D4cF1UWw,해명하면 끝인가 잘못했네,198,2020-07-16T08:18:39Z
3F-D4cF1UWw,믿을 사람은 오직 자신일 뿐이다...<br>기본적인 예의만 지키고 걸러내야 하는 것은 거르자...<br>믿을만한 사람은 없다...,147,2020-07-17T12:47:56Z
3F-D4cF1UWw,돈에 미쳐서 그만좀밝혀라,129,2020-07-16T09:48:16Z
3F-D4cF1UWw,한혜연 정도면 이런 거짓말 안하고 ppl을 밝혀도 상관없지 않나?<br>그렇게 성공가도를 달리면서도 더 많은 돈을 위해서 거짓말을 하는 사람이라면 믿을 수 없다.,127,2020-07-21T06:38:43Z
3F-D4cF1UWw,한혜연 영상 처음엔 이쁜거 많았는데 요즘들어서 저거 진짜 별론데 왜들고다니지 생각들어서 안봤는데  광고라서 그냥 들고나오나봄,102,2020-07-17T03:21:59Z
3F-D4cF1UWw,한혜연씨<br>정말 좋아하는 팬이었는데<br><br>그만하시고 조용히사세요<br><br>누가그러드라구요 실력에 비해 넘 떴다고.<br>실력은 모르겠다만<br>인성은 진짜 쓰래기네요<br><br>생각좀 하고 내뱉으세요!!!!<br>나이가 몇인데.,101,2020-07-21T14:31:48Z
3F-D4cF1UWw,구독자를 속인 사람은 영원히 아웃!,94,2020-07-16T08:35:28Z
3F-D4cF1UWw,터질께 터진듯 ㅋ.ㅋ..,89,2020-07-16T08:13:47Z
3F-D4cF1UWw,한혜연은 사기까지 쳐가며 돈 벌어서 어디다 쓸려고 하는지 .. 제목이 내돈내산인데 광고라는 말이 누락이라니 ... 상식이 있긴 한지,86,2020-07-16T13:56:24Z
3F-D4cF1UWw,한혜연 진짜 원래부터 꼴보기 싫었는데 결국 터지네,84,2020-08-04T11:42:44Z
3F-D4cF1UWw,신세경은 천사지.,83,2020-07-16T08:52:05Z
3F-D4cF1UWw,이미 두분다 마케팅 채널 가치는 많이 떨어졌네요,79,2020-07-16T19:50:28Z
3F-D4cF1UWw,이번기회에 저 마귀할멈 좀  그만 봤으면,70,2020-07-17T05:29:31Z
3F-D4cF1UWw,겉모습은 실속이 있어보이지만 내면은 욕심으로 상대방을 이용을 하는 목적이 있고 이 목적이 달성을 하면 자신을 충족시키기...<br>내면은 썩을대로 썩었는데...<br>걸러내야 하는 것은 거르자...,59,2020-07-17T12:45:48Z
3F-D4cF1UWw,강민경수입어케내는지몰라요<br>하더니<br>그럴줄알앗다연옌들얼마나<br>다  여운데.<br>어차피둘다관심없엇지만ㅎ,56,2020-07-16T22:20:38Z
3F-D4cF1UWw,한혜연.....생긴대로 산다 진짜,51,2020-07-17T05:38:28Z
3F-D4cF1UWw,한혜연 인상봐라 옆에있으면 짜증많이 받을 듯,48,2020-07-17T00:07:45Z
3F-D4cF1UWw,"마귀할멈상이라고 계속 생각해왔는데,   역시 관상은 과학인거야 . .",46,2020-07-17T03:22:57Z
3F-D4cF1UWw,일부 컨텐츠에 유료광고 표기가 누락이 아니라 사기를친거잖아여 ㅋㅋ<br>내돈주내가샀는데 그게아니라 그게 협찬제품이잖아요? 어떻게 이런걸 표기누락이라는 개쌉소리를하지,45,2020-07-23T21:09:50Z
3F-D4cF1UWw,한혜연은 사기고 강민경처럼 하는 유튜버는 천지삐까리다. 더보기에라도 표기하면 됨 !,44,2020-07-17T00:06:17Z
3F-D4cF1UWw,나혼자산다 안나오겠다 저여자 영상나옴 보기싫었는데 <br>개이득,44,2020-07-17T07:21:29Z
3F-D4cF1UWw,그냥 제품만나오면 몰라도 제품사 까지 표시하고 광고아니다 하면 누가믿음 차라리 댓글로 어머 너무이쁘다 언니 그거 어디꺼에요? ~~ 하고 답글로 OOO 이에요~ 하면서 광고하면 안걸릴텐데,43,2020-07-16T08:15:07Z
3F-D4cF1UWw,강민경은 그렇다 쳐도 한혜연 내돈내산은 실수 착오가 아니라 사기 아니냐..,43,2020-07-17T03:21:46Z
3F-D4cF1UWw,강민경 끼워서 한혜연 물타기...?<br>강민경은 거짓말은 안했지만<br>한혜연은 거짓말로 사기친거,42,2020-07-17T17:02:22Z
3F-D4cF1UWw,그리 돈에 환장한~~ 그짓말쟁이들ᆢ,41,2020-07-16T08:34:57Z
3F-D4cF1UWw,돈에 미쳐가지고,41,2020-07-16T09:37:08Z
3F-D4cF1UWw,거짓말이 맞는거에여?<br>사기가 맞는말인가여?<br>결국 돈때문이었구나<br>둘다 매체어서 안나왔음 좋겠다,41,2020-07-17T06:08:26Z
3F-D4cF1UWw,저정도면...구독자를 호구로 아는거지,32,2020-07-16T19:39:58Z
3F-D4cF1UWw,ㅋㅋㅋ 강민경이 더 나쁜거처럼 뉴스에서 몰아가네? 강민경은 영상찍을당시 진짜 수익생각없이 찍은거맞고 영상이 올라가고 인기가 올라서 제품회사에서 알아서 돈을 준다고하니 아무생각없이 그냥 덥썩받은게 문제고 한혜연은 대놓고 돈받고 찍은걸 내돈내산이라고 속이고 찍은건데 한혜연이 더 기만한거아님?,30,2020-07-19T01:10:11Z
3F-D4cF1UWw,관상은 과학이다.,29,2020-07-17T01:19:24Z
3F-D4cF1UWw,강민경 해명은 들어보면 그럴일도 있겟다 싶지만 한혜연은 그냥 너무 대놓고 속이는데?<br>둘이 싸잡아 욕하는건 좀 아닌거 같다ㅋㅋㅋ,28,2020-07-18T17:47:31Z
3F-D4cF1UWw,제품들고 나오면 무조건 광고라고 생각되지 않나? 순진한 사람들 많네.,26,2020-07-16T11:06:57Z
3F-D4cF1UWw,한혜연은 사기네이거....에라이,25,2020-07-17T05:54:11Z
3F-D4cF1UWw,이거 유튜브에다가 영상 다 신고해서 수익 안생기게 해야 합니다. 쟤들한텐 그게 제일 두려운 조치 아닐까요?,24,2020-07-16T09:24:43Z
3F-D4cF1UWw,"저는 패션?을 잘 몰라서그런데, 한혜연님의 파급력이 큰가요.. 여성분들에게는 영향을 끼치나.. <br>잘몰겠네요",24,2020-07-19T07:39:31Z
3F-D4cF1UWw,전체적으로 소리가 작아요.. 광고 보다 내용보면 볼륨올리고 광고나오면 놀라서 소리 줄이고 본 내용 나오면 다시 볼륨 올리고... 무한 반복..ㅠㅠ,23,2020-07-16T08:36:55Z
3F-D4cF1UWw,두번다시 광고피지마~~,22,2020-07-16T09:45:12Z
3F-D4cF1UWw,강민경 개실망이다! 뭐.. 해당 채널 구독자는 아니지만... 정말 괘씸하네; 좋은 인상 가지고 있었는데....  정말 실망;,22,2020-07-21T01:49:07Z
3F-D4cF1UWw,강민경은 욕먹을건 아닌거같고 다 피피엘이라고 설명을 했으니.. 한혜연씨는 시청자를 대놓고 우롱한느낌이 드네요,20,2020-07-24T06:49:45Z
3F-D4cF1UWw,영상 하나에 상품 협찬하는데 6천만원 달라더라,19,2020-07-16T09:57:36Z
3F-D4cF1UWw,문제될 것 같았는데 결국 터지네요. 누가 봐도 협찬 같은데 법 바뀌고도 광고/협찬 표시 안하더니 결국 터지네;,18,2020-07-17T04:17:54Z
3F-D4cF1UWw,한혜연 많이 나왔다 이제 그만 나와라 말하는 것도 그렇고 보기 짜증난다,18,2020-07-23T05:59:55Z
3F-D4cF1UWw,얼굴에욕심이가득하다. 다시보고싶지않은얼굴... 뻥없는삶을살아라~,17,2020-07-17T01:53:48Z
3F-D4cF1UWw,한혜연은 좀 뻔뻔하네~~~~,16,2020-07-16T23:59:55Z
3F-D4cF1UWw,강민경 저건 안그렇게생겨서 쇼핑몰 바가지 금액도그렇고 은근 여우같이 얍삽하게 짱구돌리네.,15,2020-07-16T12:20:22Z
3F-D4cF1UWw,김나영씨는 &quot;입어만 볼게요&quot;유튜브영상 마지막부분에 이영상에는 유료광고가 포함되어 있다고 쓴 자막 올리고 있는데 디스패치가 사람 하나 이렇게 죽이네...기자가 입어만볼게요 영상을 보고 기사에 김나영씨를 언급한건지....광고인 거 다 알고 보는 건데....그리고 앞에 언급된 두분과는 다른데...아이들이랑 잘살아보려는 김나영씨한테 이러지 좀 말아라 다스패치야...,15,2020-07-16T08:26:44Z
3F-D4cF1UWw,요즘 고준희 정형돈 등<br>연예인 졸라많이들 하더라...,14,2020-07-16T09:36:51Z
3F-D4cF1UWw,세금과 벌금으로 몰수...,13,2020-07-17T07:53:32Z
3F-D4cF1UWw,여태 안걸리고 벌만큼 벌은거... cash cow.. milked it for as long as possible...,13,2020-07-16T08:49:49Z
3F-D4cF1UWw,한씨랑 강씨랑 둘다 똑같다,13,2020-07-16T22:25:10Z
3F-D4cF1UWw,니돈내산으로 바꿔야~!,12,2020-07-16T10:10:52Z
3F-D4cF1UWw,그때.다이어트 한다고 나혼산에.나와서 몇 에피소드를 나오더니 운동하고 식이해서 뺀걸로 에피소드봤는데 바로 다이어트약 광고모델 하길래 거기서부터 좀 많이 안좋게 보이더니 터질게 터졌네요,11,2020-08-02T05:11:21Z
3F-D4cF1UWw,자신들 돈주고 산건 맞음.다만 그 댓가로 광고비를 따로 받은거겠지.참 가지가지한다.<br>이래서 정통 연기자외엔 연예종사자들을<br>딴따라라고 부르는거겠지.양심은 있는거냐?,11,2020-07-16T09:26:29Z
3F-D4cF1UWw,관상은  과학이다,11,2020-07-17T22:38:03Z
Rc159TWGBFM,형님 심각한 영상에 죄송하지만 정말로 와꾸가 웃겨벌입니다 역시 형님이십니다.,125,2020-07-15T12:02:59Z
Rc159TWGBFM,머리통 딥페이크한거같노 ㅋㅋㅋㅋ,62,2020-07-15T12:13:24Z
Rc159TWGBFM,"형 하나만 말하는데 <a href=""https://www.youtube.com/watch?v=Rc159TWGBFM&amp;t=294"">4:54</a>초처럼 얼굴 클로즈업 하지마 똥내 나",52,2020-07-15T11:54:31Z
Rc159TWGBFM,내셔널지오그래픽에서 전화오겠다<br><br><br><br><br><br><br>돈줄테니 입지말아달라고,51,2020-07-15T13:58:02Z
Rc159TWGBFM,한혜연씨의 자기잘못을 깨달아가는모습이 보기좋습니다!,34,2020-07-15T11:59:57Z
Rc159TWGBFM,드디어 형님도 앵그리비응신의 길을 걷는겁니까,28,2020-07-15T12:05:03Z
Rc159TWGBFM,야 이게 똥내야 이게 똥내라고 얘들아,24,2020-07-15T11:44:19Z
Rc159TWGBFM,윤태훈쥬지 사.랑.해,20,2020-07-15T11:44:21Z
Rc159TWGBFM,머리감고 방송준비나 하십쇼ㅋㅋㅋㅋ,16,2020-07-15T11:47:36Z
Rc159TWGBFM,아니 우야라고?,16,2020-07-15T11:44:50Z
Rc159TWGBFM,형님 내돈내산이 아니라 한돈국내산 아닙니까?,15,2020-07-15T12:17:38Z
Rc159TWGBFM,진짜 엄마말존나안듣게 생기셨습니다 형님,11,2020-07-15T11:56:41Z
QXp4vUpNTJM,이익이있으면 표기를해야맞는거같아요,39,2020-07-17T02:10:23Z
QXp4vUpNTJM,썸네일 제대로 해라 강민경 내돈내산 아니다,14,2020-08-06T13:06:56Z
QXp4vUpNTJM,디스패치는 거르자,13,2020-07-16T06:30:44Z
QXp4vUpNTJM,그 성별 그 체형,13,2020-07-15T15:28:03Z
QXp4vUpNTJM,화낼정도는 아닌것같은데 추후 영상 사용해도 되냐는 거였고 영상의 의미는 (찐일상템?) 훼손되지 않은 것같은데.  나중에 광고포함이라고 올리는 것도 웃긴것같은데 광고가 아니였으니깐,12,2020-07-21T19:03:09Z
QXp4vUpNTJM,썸네일 제대로해 강민경이 내돈내산이란 거 적은구 없다고 해명했다 새끼야 제대로일해<br>내가 강민경 팬은 아니지만 해명했는데 썸네일을 저딴식으로 적냐<br>제대로 일해,11,2020-08-08T14:47:51Z
wtJa7fkX6kU,3만9천원짜리랑 비교해봐도 아비에무앙이 훨씬 고급스럽고 좋아보이는데...ㅋㅋㅋ<br><br>퀄리티 있는 제품들도 무조건 저렴해야 한다는 인식이 좀 바꼈으면 좋겠어요.<br><br>가성비는 스파 브랜드에서만 ㅎㅎ,14,2020-07-27T01:40:38Z
wtJa7fkX6kU,저도 막냉이님의 의견에 한표ㅠㅠ 예쁜데 가격이 너무...ㅠㅠ,12,2020-07-15T04:42:57Z
wtJa7fkX6kU,아무리 소재와 가격이 비례한다고 하지만 3만원정도가 적당하지않을까 싶다 <br>나는 그냥 고기먹으로 갈래,12,2020-07-16T15:17:39Z
