Office,Date,Link,Identity
경향신문,2020.06.23,https://n.news.naver.com/mnews/article/032/0003016399?sid=103,n0003016399
경향신문,2020.06.24,https://n.news.naver.com/mnews/article/032/0003016712?sid=101,n0003016712
경향신문,2020.08.06,https://n.news.naver.com/mnews/article/032/0003025166?sid=102,n0003025166
경향신문,2020.08.10,https://n.news.naver.com/mnews/article/032/0003025835?sid=110,n0003025835
국민일보,2020.06.17,https://n.news.naver.com/mnews/article/005/0001332626?sid=103,n0001332626
,2020.06.28,https://m.entertain.naver.com/article/005/0001336189,m0001336189
,2020.06.29,https://m.entertain.naver.com/article/005/0001336404,m0001336404
,2020.06.29,https://m.entertain.naver.com/article/005/0001336538,m0001336538
,2020.07.15,https://m.entertain.naver.com/article/005/0001342326,m0001342326
국민일보,2020.07.16,https://n.news.naver.com/mnews/article/005/0001342521?sid=103,n0001342521
,2020.07.17,https://m.entertain.naver.com/article/005/0001342904,m0001342904
국민일보,2020.07.21,https://n.news.naver.com/mnews/article/005/0001343895?sid=103,n0001343895
,2020.07.29,https://m.entertain.naver.com/article/005/0001346841,m0001346841
국민일보,2020.07.31,https://n.news.naver.com/mnews/article/005/0001347400?sid=103,n0001347400
국민일보,2020.08.05,https://n.news.naver.com/mnews/article/005/0001348908?sid=102,n0001348908
국민일보,2020.08.06,https://n.news.naver.com/mnews/article/005/0001349230?sid=102,n0001349230
국민일보,2020.08.06,https://n.news.naver.com/mnews/article/005/0001349359?sid=103,n0001349359
국민일보,2020.08.07,https://n.news.naver.com/mnews/article/005/0001349550?sid=103,n0001349550
,2020.08.07,https://m.entertain.naver.com/article/005/0001349754,m0001349754
국민일보,2020.08.10,https://n.news.naver.com/mnews/article/005/0001350208?sid=110,n0001350208
,2020.06.15,https://m.entertain.naver.com/article/020/0003291993,m0003291993
동아일보,2020.06.23,https://n.news.naver.com/mnews/article/020/0003293599?sid=004,n0003293599
,2020.06.29,https://m.entertain.naver.com/article/020/0003294772,m0003294772
동아일보,2020.08.05,https://n.news.naver.com/mnews/article/020/0003301709?sid=102,n0003301709
동아일보,2020.08.07,https://n.news.naver.com/mnews/article/020/0003302115?sid=103,n0003302115
동아일보,2020.08.07,https://n.news.naver.com/mnews/article/020/0003302199?sid=102,n0003302199
동아일보,2020.08.12,https://n.news.naver.com/mnews/article/020/0003303042?sid=103,n0003303042
문화일보,2020.06.26,https://n.news.naver.com/mnews/article/021/0002433182?sid=101,n0002433182
,2020.06.29,https://m.entertain.naver.com/article/021/0002433371,m0002433371
문화일보,2020.08.03,https://n.news.naver.com/mnews/article/021/0002437419?sid=103,n0002437419
문화일보,2020.08.12,https://n.news.naver.com/mnews/article/021/0002438548?sid=110,n0002438548
서울신문,2020.06.15,https://n.news.naver.com/mnews/article/081/0003098994?sid=004,n0003098994
,2020.06.29,https://m.entertain.naver.com/article/081/0003102991,m0003102991
,2020.06.29,https://m.entertain.naver.com/article/081/0003103083,m0003103083
서울신문,2020.08.04,https://n.news.naver.com/mnews/article/081/0003112837?sid=103,n0003112837
서울신문,2020.08.05,https://n.news.naver.com/mnews/article/081/0003113247?sid=103,n0003113247
서울신문,2020.08.07,https://n.news.naver.com/mnews/article/081/0003113913?sid=103,n0003113913
서울신문,2020.08.10,https://n.news.naver.com/mnews/article/081/0003114309?sid=103,n0003114309
서울신문,2020.08.10,https://n.news.naver.com/mnews/article/081/0003114339?sid=101,n0003114339
서울신문,2020.08.13,https://n.news.naver.com/mnews/article/081/0003115304?sid=102,n0003115304
세계일보,2020.06.15,https://n.news.naver.com/mnews/article/022/0003474879?sid=101,n0003474879
세계일보,2020.06.27,https://n.news.naver.com/mnews/article/022/0003478902?sid=101,n0003478902
,2020.06.28,https://m.entertain.naver.com/article/022/0003479085,m0003479085
,2020.06.29,https://m.entertain.naver.com/article/022/0003479271,m0003479271
세계일보,2020.06.29,https://n.news.naver.com/mnews/article/022/0003479507?sid=101,n0003479507
,2020.07.02,https://m.entertain.naver.com/article/022/0003480625,m0003480625
,2020.07.08,https://m.entertain.naver.com/article/022/0003482438,m0003482438
,2020.07.15,https://m.entertain.naver.com/article/022/0003484681,m0003484681
,2020.07.15,https://m.entertain.naver.com/article/022/0003484652,m0003484652
,2020.07.17,https://m.entertain.naver.com/article/022/0003485355,m0003485355
,2020.07.17,https://m.entertain.naver.com/article/022/0003485317,m0003485317
,2020.07.21,https://m.entertain.naver.com/article/022/0003486438,m0003486438
,2020.07.28,https://m.entertain.naver.com/article/022/0003488456,m0003488456
,2020.07.29,https://m.entertain.naver.com/article/022/0003488902,m0003488902
,2020.07.31,https://m.entertain.naver.com/article/022/0003489636,m0003489636
,2020.08.03,https://m.entertain.naver.com/article/022/0003490176,m0003490176
,2020.08.04,https://m.entertain.naver.com/article/022/0003490504,m0003490504
세계일보,2020.08.07,https://n.news.naver.com/mnews/article/022/0003491555?sid=102,n0003491555
세계일보,2020.08.10,https://n.news.naver.com/mnews/article/022/0003492370?sid=103,n0003492370
조선일보,2020.07.25,https://n.news.naver.com/mnews/article/023/0003549119?sid=103,n0003549119
조선일보,2020.08.07,https://n.news.naver.com/mnews/article/023/0003552281?sid=103,n0003552281
조선일보,2020.08.08,https://n.news.naver.com/mnews/article/023/0003552522?sid=103,n0003552522
조선일보,2020.08.10,https://n.news.naver.com/mnews/article/023/0003552796?sid=105,n0003552796
조선일보,2020.08.11,https://n.news.naver.com/mnews/article/023/0003553088?sid=105,n0003553088
중앙일보,2020.06.23,https://n.news.naver.com/mnews/article/025/0003011559?sid=103,n0003011559
,2020.07.16,https://m.entertain.naver.com/article/025/0003018044,m0003018044
중앙일보,2020.07.17,https://n.news.naver.com/mnews/article/025/0003018411?sid=102,n0003018411
중앙일보,2020.07.17,https://n.news.naver.com/mnews/article/025/0003018538?sid=103,n0003018538
,2020.07.17,https://m.entertain.naver.com/article/025/0003018504,m0003018504
,2020.07.21,https://m.entertain.naver.com/article/025/0003019466,m0003019466
중앙일보,2020.07.30,https://n.news.naver.com/mnews/article/025/0003022129?sid=103,n0003022129
중앙일보,2020.08.04,https://n.news.naver.com/mnews/article/025/0003023326?sid=103,n0003023326
중앙일보,2020.08.04,https://n.news.naver.com/mnews/article/025/0003023341?sid=110,n0003023341
중앙일보,2020.08.05,https://n.news.naver.com/mnews/article/025/0003023683?sid=101,n0003023683
중앙일보,2020.08.06,https://n.news.naver.com/mnews/article/025/0003023975?sid=103,n0003023975
중앙일보,2020.08.08,https://n.news.naver.com/mnews/article/025/0003024468?sid=102,n0003024468
중앙일보,2020.08.10,https://n.news.naver.com/mnews/article/025/0003024770?sid=101,n0003024770
중앙일보,2020.08.10,https://n.news.naver.com/mnews/article/025/0003024952?sid=101,n0003024952
중앙일보,2020.08.11,https://n.news.naver.com/mnews/article/025/0003025259?sid=101,n0003025259
중앙일보,2020.08.17,https://n.news.naver.com/mnews/article/025/0003390294?sid=102,n0003390294
한겨레,2020.08.07,https://n.news.naver.com/mnews/article/028/0002508014?sid=103,n0002508014
한겨레,2020.08.10,https://n.news.naver.com/mnews/article/028/0002508142?sid=102,n0002508142
,2020.06.23,https://m.entertain.naver.com/article/469/0000508859,m0000508859
,2020.07.15,https://m.entertain.naver.com/article/469/0000516077,m0000516077
,2020.07.17,https://m.entertain.naver.com/article/469/0000516741,m0000516741
,2020.07.29,https://m.entertain.naver.com/article/469/0000520559,m0000520559
,2020.08.05,https://m.entertain.naver.com/article/469/0000522771,m0000522771
한국일보,2020.08.08,https://n.news.naver.com/mnews/article/469/0000523619?sid=101,n0000523619
한국일보,2020.08.09,https://n.news.naver.com/mnews/article/469/0000523786?sid=102,n0000523786
한국일보,2020.08.13,https://n.news.naver.com/mnews/article/469/0000525024?sid=110,n0000525024
