﻿Video_ID,comment_text,comment_likes,comment_date
DTvIg1_5S_M,한혜연은 사기나 다름없지 <br>여기가 미국이면 부당이득 국고 환수 + 징벌적 손해배상 + 징역임,348,2020-07-18T06:47:40Z
DTvIg1_5S_M,ppl 한다고 욕하는 사람은 없어도<br>거짓말은 ㅈㄴ 욕먹지,287,2020-07-18T12:34:15Z
DTvIg1_5S_M,나영언니는  컨텐츠들 볼때부터 알고 보고있었음 당연히 대가 받고 소개해주는거 알고있었음. 대가성을 받고 애초에 홍보해주는 컨텐츠가 목적이기때문에 문제될게 없음,209,2020-07-18T07:22:17Z
DTvIg1_5S_M,김나영은 유료광고라 고지했어요.<br>강씨랑 한씨랑 같은 급으로 취급하면 안됨!!!,175,2020-07-22T13:34:11Z
DTvIg1_5S_M,그런데 한혜연은 정말 뻔뻔하고 악질적이네요.<br>소극적으로 유료광고임을 밝히지 않은 수준이 아니라<br>적극적으로 유료광고를 &quot;내 돈 주고 내가 산 것이다&quot;라고 대놓고 거짓말을 했으니...,166,2020-08-06T08:41:46Z
DTvIg1_5S_M,김나영 노필터티비는 시작 할 때 아래 자막에 유료광고라고 자막 나가지 않나요??.,134,2020-07-19T16:05:40Z
DTvIg1_5S_M,그냥 대놓고 광고를 하고 영상에 광고가 있다고 알려줬으면 상관없는데 그걸 굳이 숨겨서..<br>그냥 해도 상관없는데 시청자들을 속이는건 좀..,93,2020-07-18T04:11:41Z
DTvIg1_5S_M,강민경은 그냥 댓글창 닫아버리네ㅋㅋㅋ 클라스죽인다,82,2020-08-11T10:33:00Z
DTvIg1_5S_M,한혜연은 진짜 생긴대로 논다 ㅋㅋ<br>뭐같이 생겼네,80,2020-07-18T04:31:21Z
DTvIg1_5S_M,"PPL받는 거 누가 뭐라고 하냐구..<br>내돈내산, 일상, 매일 쓰는 것들이라고 거짓말한 게 잘못된 거지 에휴",73,2020-07-25T00:00:07Z
DTvIg1_5S_M,자꾸 강민경 빠들이 되도않는 쉴드 치려고 기부는 했다느니 한혜연 만큼은 아니라느니 진정성 있는 사과를 했다느니 씨부리는데 지금 사건의 본질은 강민경을 믿었던 팬과 구독자들에게 구라를 치고 수익을 창출했다는거에 있는거임,66,2020-07-29T09:53:56Z
DTvIg1_5S_M,"해명 특 : 검은 복장, 검은배경, 느리게 말하기<br>이 3가지만 따라하면 당신도 해명 아주 잘~~ 할 수 있습니다 ㅋㅋ",60,2020-07-18T04:26:56Z
DTvIg1_5S_M,구독자를 돈으로보는사람은 저사람들뿐일까?ㅋㅋ 안까발려진거뿐이지 더잇다,53,2020-07-18T06:09:12Z
DTvIg1_5S_M,돈을 아무리많이 벌어도 1원한장 기부안하는사람많은데 김나영은 기부하는모습이 보기좋았음,49,2020-07-18T05:15:51Z
DTvIg1_5S_M,그냥 관상은 과학이다...,48,2020-07-18T05:04:26Z
DTvIg1_5S_M,돈도 많이 벌면서 저렇게까지 더 벌고 싶은가...하긴 돈은 항상 부족하다고 느끼지...,45,2020-07-18T04:20:39Z
DTvIg1_5S_M,둘다 나쁘긴 한데 한혜원이 내돈 을 썼어,38,2020-07-18T04:15:33Z
DTvIg1_5S_M,강민경 잘못했으면  유튜버 그만 해라  아웃이다 <br>죽을때는 다 놓고 간다,35,2020-08-06T09:42:26Z
DTvIg1_5S_M,정말 믿을 사람이 없네요~ 돈들 많이 버셔서 부러운데... 팬들을 속이는건...,32,2020-07-18T04:08:39Z
DTvIg1_5S_M,진짜 슈스스는 사기꾼아님????,26,2020-07-28T16:47:55Z
DTvIg1_5S_M,뭔가 스피드하게 진행해주셔서 속이다시원합니다 뭔가끌려서 구독을 누르고 말았죠ㅎㅎ궁금한데 왜케 말씀을 쫒기듯 빨리하시는지 진심으로 궁금해요ㅎㅎ빨리속사포로 해주셔서 좋긴합니당ㅋㅋ그냥궁금해서요....,24,2020-07-20T11:33:50Z
DTvIg1_5S_M,입만 열면 거짓말이 저절로 나와 ~김수미님의 대사가 떠오르네요.<br>그냥 정직하게만 해다오<br>그게 그렇게 어렵나?,22,2020-07-18T12:24:13Z
DTvIg1_5S_M,"ppl한다고 욕을 하는 게 아니지 뭐 먹고살려면 그럴 수 있다치는데, 안밝히고 구리치니까 욕먹는거지",21,2020-07-28T06:02:14Z
DTvIg1_5S_M,계정도 70억에 팔았데메 와~~~ 그래 많이 벌고 사기까지 쳐가며 더 벌고 싶을까... 진짜 무섭다무서워.. 저래 벌고 어디 기부 한 번 해봤을까. 쟈 볼 시간에 아이유를 한 번 더 보겠다,21,2020-07-22T14:03:54Z
DTvIg1_5S_M,역시 유튜버는 속도(speed)가 중요해,19,2020-07-18T04:09:25Z
DTvIg1_5S_M,아우!~~  시원시원하게 봤네!~~ 근래에 보기드문 나래이션이다....폴라포하나 제대로 어그작!~ 어그작!~ 씹어먹는 느낌!,17,2020-07-19T12:23:12Z
DTvIg1_5S_M,배우 견미리씨 전재산 해주십쇼!!,16,2020-07-20T12:05:45Z
DTvIg1_5S_M,한혜원 <br>면상은 거짓말을 하지않는다..<br>관상은 과학이다..,16,2020-07-21T18:58:09Z
DTvIg1_5S_M,캬 역시 두유노님은 타이밍!!!!!!<br>물이들어온다~!!!!!,15,2020-07-18T04:15:17Z
DTvIg1_5S_M,강민경이 돈독 올랐구나<br>나이도 어린게,15,2020-08-11T04:32:27Z
DTvIg1_5S_M,공효진님 재산도 궁금하네여 ..,14,2020-07-18T04:30:21Z
DTvIg1_5S_M,뼈빠지게 개고생하고 돈벌러 회사 다녀서 월급 받아봐야 쟤네 하루 일당이네,14,2020-07-19T15:18:01Z
DTvIg1_5S_M,어쩐지 이상했음,14,2020-07-18T04:15:14Z
DTvIg1_5S_M,한혜연이 진짜 악질임 돈독 오짐,13,2020-08-20T05:10:30Z
DTvIg1_5S_M,한혜연?은 생깅거부터 맘에 안듬,13,2020-07-18T04:29:08Z
DTvIg1_5S_M,와 두유노로 처음 알았다,12,2020-07-18T04:17:57Z
iqxB52z7MpU,그 속옷 광고가 제일 논란 됐는데 속옷 광고는 평소에 강민경이 자주 입었었고 그걸 팬들도 알았음 그 뒤에 속옷 추천하는 영상을 올렸고 그걸 본 업체측이 이영상 자기네 광고로 써도 되냐고 해서 그때 광고가 된건데 아무리 생각해도 뭘 잘못했는지 모르겠음.. ㅋㅋ,67,2020-10-23T08:11:31Z
iqxB52z7MpU,아니 협찬받은걸 입고 영상찍었다는 이유로도 욕먹어야되네ㅋㅋㅋㅋㅋㅋㅋㅋㅋㅋ제품에 대해 소개를 한것도 아니고 장점을 말한것도 아니고 진짜 웃기네ㅋㅋㅋㅋㅋㅋㅋ아니 그리고 저 속옷은 누가 알아본건지 모르겠는데 실제로 자기가 자기돈주고 잘쓰는 템이라면서 소개한거였고 그걸 본 속옷 회사가 홍보영상으로 쓰고싶다고해서 저작권도 있고 보상으로 돈 준거임;;; 왜 광고의 목적을 모르는 사람이 많은건지...,50,2020-08-10T14:19:29Z
iqxB52z7MpU,쟤 유튭보니까 댓글 막아놨던뎈ㅋㅋㅋㅋ케,41,2020-08-10T10:40:20Z
iqxB52z7MpU,"강민경님은 뒷광고도 아니고 내돈내산도 아닙니다.<br><br>뒷광고에 대해 말해드릴게요.<br><br>뒷광고=광고 효과를 극대화하기 위해 광고주와<br>유튜버가 광고임을 숨기고 광고비를 받는 행위 (대부분,&quot;가져왔다&quot;,&quot;내돈내산&quot;,&quot;협찬&quot;으로 표기)<br><br>그리고 문제가 되고있는 내돈내산,내돈내먹에 대해 말해드릴게요.<br><br>내돈내산: 자기돈으로 산것처럼 리뷰를 했는데 알고보니 광고비를 받고있었다. 구독자들 기만 한거임.<br>내돈내먹: 자기돈으로 먹는것처럼 리뷰를 했는데 알고보니 광고비를 받고있었다. 구독자들 기만 한거임.<br><br>내돈내산의 대표적인 예 : 한혜연씨<br>내돈내먹의 대표적인 예 : 논란중인 먹방유튜버들<br><br>하지만 강민경님은 내돈내산이라고 한적이없어요. 그리고 가져왔다라는 표현도 쓴적이 없구요. <br>그래서 광고효과를 극대화시킬수 조차없어요. 성립자체가 안됩니다. 뒷광고가 아니에요.<br>그냥 표기실수하신겁니다. 차이점을 제대로 알았으면합니다.",37,2020-08-15T05:47:32Z
iqxB52z7MpU,나도 저기 나오는 가방 산거 있는데ㅠㅠ 뒷광고 였네,37,2020-08-09T00:30:29Z
iqxB52z7MpU,여기 나온 패널은 뭐지ㅋㅋㅋㅋㅋㅋ같은 직종끼리 굳이...자격지심인가 본인들이나 잘했으면...0,36,2020-08-15T12:35:09Z
iqxB52z7MpU,근데 협찬 받은거 신고 영상 찍은거 뿐인데 저게 왜 뒷광고임?,34,2020-10-07T00:37:43Z
iqxB52z7MpU,근데 연예인은 다 협찬 받는거 아님???? 저기 말하는 사람들도 협찬 받았을껄.????? 협찬 되게 많잖아.. 연예계는,34,2020-08-09T06:11:40Z
iqxB52z7MpU,강민경은 해명문 제대로 써놨던데,34,2020-08-16T08:07:11Z
iqxB52z7MpU,강민경은 왜 사과 안함??? 댓글도 다 막아놨던데,34,2020-08-13T08:11:09Z
iqxB52z7MpU,협찬 받은걸 입으면 안되나? 이상하게 프레임을 짜네,25,2020-08-07T04:25:44Z
iqxB52z7MpU,"강민경씨는 뒷광고가 아니라 표기실수입니다.                                 위 영상에 나온대로 브라같은경우 정말 쓰는 아이템이었고 나중에 업체에서 영상과 함께 광고를 진행하고 싶다고 했던 부분입니다.                                                    <br><br>광고 전환 후에 표기를 수정하지 않은 부분은 사과를 하셨어요 <br><br>댓글을 막아놓은건 해명을 해도 듣지않는 사람들 때문이에요.<br>커뮤니티 가보세요 인스타 한번 가보세요 <br><br>원래 관심도가 높지도 않았던 사람들, 구독도 하지 않았던 사람들까지 달려와 <br>사실이 아닌 내용을 사실인양 댓글창에 쉽게 적는데 그걸 뭘 더 해명하고 어떻게 호소해야할까요?                                                                                                                                               <br><br>깨어있길 바랍니다 뭔가 행동하기 전에 자신의 행동에 대해 책임질 수 있는 사람들이 되길 바랍니다.",24,2020-08-17T00:46:03Z
iqxB52z7MpU,저게 왜논란이되고 욕을먹는거야?<br>진심모르겠어<br>드라마에서도 협찬받아서 상품노출시키고그러는데<br>드라마에서도 도중도중에 끊어가면서 이건협찬제품이라고 광고하냐?<br>진짜 프로불편러x나많아요,23,2020-08-06T02:42:39Z
iqxB52z7MpU,돈이 아니면 왜 하겠냐? 도대체 왜 인기가 있는지 이해안감,19,2020-08-10T01:03:43Z
iqxB52z7MpU,함소원이 저렇게 나와서 웃긴다는식으로 말하니까 웃긴다 진짜로 웃겨!!!!!!!!!! ㅋㅋㅋㅋㅋㅋ,16,2021-09-07T05:54:56Z
iqxB52z7MpU,"그냥 강민경은 자기가 채널의 목적을 소통에 집중해서 친근감을 내세웠지. 그리고 채널운영 목적이 소통이고 돈 때문에 하는 거 아니라는 검소한 컨셉 잡고 있다가 협찬 논란 터진 거 ㅇㅇ. 확실히 한혜연이랑 다른 케이스이긴 함. 뒷광고가 문제가 아니라 강민경 이 분은 그냥 물욕없는 컨셉 잡았다가 협찬으로 몇천만원 번 걸 들켜서 컨셉잡기 실패한 케이스일 뿐임. 솔직히 난 애초에 유튜브를 소통목적으로 하고 수익창출 안한다 뭐 이런 말 걍 흘려들었음. 요즘 세상에 누가 돈욕심 없이 소통만 하려고 하냐. 강민경 사과문 보니까 유튜브가 광고가 들어오는 구조라서 어쩔 수 없이 받았다는 뉘앙스로 적어놨던데 그냥 협찬이나 광고로 돈 벌 수 있는 거 다 알고 돈 개많이 벌 수 있으니까 땡큐하면서 협찬받았단 거임ㅋㅋ 광고비 받는 게 나쁜 건 절대 아님. 강민경이 협찬받은 거로 뭐라 하고 싶지도 않고. <br>다만, 지 입으로 수익창출 관심없다고 검소한 컨셉 어설프게 잡으면서 팬층확보하고 몇천만 단위 협찬은 덥썩덥썩 받은 게 가증스러울 뿐. 솔직히 강민경은 범죄를 저지른 것도 아니고 걍 이미지 유지 실패한 거지. 근데 사과문을 겁나 잘 포장해서 적어가지고 팬들이 언니언니ㅠㅠ하게 만드는 거 보면 여간 영악한 게 아닌 듯 하기도 함 ㅎㅎ",16,2020-08-29T13:19:04Z
iqxB52z7MpU,완전 사기꾼여자였네,15,2020-08-10T10:14:16Z
iqxB52z7MpU,고의든 몰랐든 잘못한건 맞자나 ㅋㅋㅋㅋ지도 인정하고 사과했구만 뭘 실수라고 피의쉴드쳐주누ㅋㅋㅋ<br>실수인데 뭐 어쩌라고ㅋㅋ,12,2021-05-31T16:44:21Z
iqxB52z7MpU,여기 이렇게 나와서 말하는 연예인들은 얼마나 개끗하게 살아왔는지 궁금함.,11,2020-12-07T19:44:48Z
yb7AB5IGBgc,위법이든 아니든<br>한혜연은 이미 신뢰를 잃음<br>어떤 말을 해도 믿기 어렵다ㅜㅜ,23,2020-07-21T02:04:26Z
1wvNR6ri-PA,아우 뭘 왈가불가해요<br>걍 한혜연 강민경은 연예계 퇴출입니다!!!!!!!!,13,2020-07-27T21:38:43Z
1wvNR6ri-PA,"강민경님은 뒷광고도 아니고 내돈내산도 아닙니다.<br><br>뒷광고에 대해 말해드릴게요.<br><br>뒷광고=광고 효과를 극대화하기 위해 광고주와<br><br>유튜버가 광고임을 숨기고 광고비를 받는 행위 (대부분,&quot;가져왔다&quot;,&quot;내돈내산&quot;,&quot;협찬&quot;으로 표기)<br><br>그리고 문제가 되고있는 내돈내산,내돈내먹에 대해 말해드릴게요.<br><br>내돈내산: 자기돈으로 산것처럼 리뷰를 했는데 알고보니 광고비를 받고있었다. 구독자들 기만 한거임<br><br>내돈내먹: 자기돈으로 먹는것처럼 리뷰를 했는데 알고보니 광고비를 받고있었다. 구독자들 기만 한거임.<br><br>내돈내산의 대표적인 예 : 한혜연씨<br><br>내돈내먹의 대표적인 예 : 논란중인 먹방유튜버들<br><br>하지만 강민경님은 내돈내산이라고 한적이없어요. 그리고 가져왔다라는 표현도 쓴적이 없구요. <br><br>그래서 광고효과를 극대화시킬수 조차없어요. 성립자체가 안됩니다. 뒷광고가 아니에요.<br><br>그냥 표기실수하신겁니다. 차이점을 제대로 알았으면합니다.",13,2020-08-16T15:07:42Z
