﻿Video_ID,comment_text,comment_likes,comment_date
Z1KMXYt303U,더 중요한건 홍진영 아부지지...... 과연 홍진영 하나로 끝났을까?,342.0,2020-12-24T10:04:06Z
Z1KMXYt303U,조선대 무역과 석박사 출신이라고 할 때부터 예상 했었음...새삼 놀랄 일도 아님 ㅎㅎ 20대에 석박사 마치고 트로트 가수로 데뷔한다 자체가 일반적이지 않으므로,331.0,2020-12-24T09:38:24Z
Z1KMXYt303U,아버지가 그 대학 교수인데 엄청 큰 사건아닌가 딸은 해주고 남들한테는 돈받고 했을수도있는거 아니야?,327.0,2020-12-24T10:15:05Z
Z1KMXYt303U,가수가 노래만 잘하면되지  무슨 영화를 더누리겟다고  논문표절을하고 그러냐  너도 싹수가 노랗다,228.0,2020-12-24T10:06:22Z
Z1KMXYt303U,"저렇게까지 얼굴을 해맑게하고서 다 거짓?!! ㅜㅜ 어떻게 국민들을 속일 수 있을까...,,?!! 반성은 없는건가요?? 그럼 그전에 말했어야...,,!! <br>앞으로 거짓말은 아닌것 같네요! 결국 표절",214.0,2020-12-24T07:45:14Z
Z1KMXYt303U,비난받아 마땅하다<br>관례라면 조선대학교 자체가 따라지 대학이된다,161.0,2020-12-24T08:29:10Z
Z1KMXYt303U,"석박사 학위를 정식으로 따는 사람들도 있지만,많은 인간들이 대필,표절,몸...으로 따고 ... 그래서 학교 수준들이 그모양 그꼴이라는 걸 아는 사람들은 다 안다.",156.0,2020-12-24T08:56:57Z
Z1KMXYt303U,이제 결혼하고 잠적.. 몇년후에 이혼후 골드미스 어쩌고 저쩌고 하며 컴백,146.0,2020-12-24T08:28:38Z
Z1KMXYt303U,나락 가는것도 한순간이야.... 지자체에서 불러 주겠어 ..이제 가수는 끝이지..,141.0,2020-12-24T09:32:05Z
Z1KMXYt303U,표창장 의혹만으로 일가친척 일년을디집었는데.<br>가짜박사는 더 심한거아닌가?,117.0,2020-12-24T17:25:31Z
Z1KMXYt303U,그냥 이젠 나오지마라.!<br>관심없다.!,114.0,2020-12-24T08:01:09Z
Z1KMXYt303U,예라이~ 어차피 들통날걸 왜 거짓말을 해서 스스로 무덤을 파는거냐 ㅋㅋㅋ 2중인격 들어났다 ..,94.0,2020-12-24T08:07:25Z
Z1KMXYt303U,교수인 아빠덕에 석사.박사 취득하고<br> 좋은세상이다.,90.0,2020-12-25T01:46:03Z
Z1KMXYt303U,"표창장 위조가 징역 4년이니, 논문 표절은 징역 10년 정도 되나?",90.0,2020-12-24T11:00:29Z
Z1KMXYt303U,얜 생각해 보면 진짜 뻔뻔한 철면피네...<br>어쩜 표절을 99.9% 해놓고 자랑스럽게 석사논문 학위 받았다고 그렇게나 떳떳하게 예능방송에 나와서 얘기할 수가 있었니?ㅡㅡ;;;<br>기부??? 그게 다가 아니다.<br>차라리 하지 말아~~~더 역효과다.,84.0,2020-12-24T08:46:43Z
Z1KMXYt303U,"이게 웃긴게, 김혜수는 바로 인정해서 아무 문제 없이 넘어갔는데, 이런 전례가 있었음에도 자신은 안걸릴거라 생각했는지, 예전부터 이미 문제삼고 있던 부분이었는데 왜 대비를 안했는지 모르겠다..",81.0,2020-12-24T10:10:42Z
Z1KMXYt303U,석사 박사 없어도 노래만<br>하면 되지 왜 거짓 말을해<br>안타갑다,80.0,2020-12-24T09:10:16Z
Z1KMXYt303U,이미 많은 돈을 벌어서 이제 잠수타도 될듯,64.0,2020-12-24T08:47:29Z
Z1KMXYt303U,잔대가리 쓰다 걸렸네,59.0,2020-12-24T09:30:08Z
Z1KMXYt303U,돈주고 받는 석사박사 <br>이제 고마해라~마이 뭇다아이가!!,58.0,2020-12-24T11:07:01Z
Z1KMXYt303U,조선대 교수 임직원 가족들 조선대에서 학위받을때 쓴 논문 싹다 돌려봐라 <br>한두놈 눈감아준게 아닐거다 품앗이로 학위 뿌린것같다 <br>아비의 욕심이 딸의 인생을 망쳤구나,56.0,2020-12-24T10:15:36Z
Z1KMXYt303U,지역방송같은 방송에서 공영방송에서와는 달리 지 부모뻘 무명 트로트 가수들 무시하고 대하는 ㅆㄱㅈ보고 왜저런애가 나오나 했는데 부디 복귀하는일 없길.,54.0,2020-12-24T11:39:50Z
Z1KMXYt303U,애초에 믿지도 않았다,53.0,2020-12-24T08:46:15Z
Z1KMXYt303U,돈버는게 쉽냐<br>모두가 어렵게 힘들게 벌고있다<br>지금까지 세상 깔보면<br>쉽게 돈벌며 살았지,50.0,2020-12-24T11:12:44Z
Z1KMXYt303U,분수에 맞게살자 ᆢ부정으로 딴 학위가 무슨소용ᆢ이젠 조용히 반성문이나 쓰고 사세요. 홍씨,50.0,2020-12-24T09:14:00Z
Z1KMXYt303U,언니는 방송에 왜 나온겨  동생등에 업고 <br>ㅋㅋㅋㅋ 잘가라 나오지마라 나대지말고,50.0,2020-12-24T09:14:04Z
Z1KMXYt303U,돈 잘벌면서 굳이 학위 욕심을 낼 필요가 있냐,47.0,2020-12-24T09:30:09Z
Z1KMXYt303U,우리나라 모두  교수들   뒤 조사 해봐라     웃기지    ㅎ,47.0,2020-12-24T08:34:57Z
Z1KMXYt303U,평생 놀구먹구싸고 해도 남을만큼 벌었는데 .....  뭔 상관이야 ?   연예인 걱정은 하는게 아니다 .  당신들 이나 돈벌어.....,45.0,2020-12-24T09:21:28Z
Z1KMXYt303U,지금도 학교도서관에서 아니면 자취방에서 얼마나 많은 젊은이들이 석사.박사가 되려고 피땀나게 공부를 하는지 모른다. 그런데 그것이 아무것도 아닌냥 표절하고 국민을 기만하고 반성도 제대로 하지않는 것은 정말아니라고 본다. <br>방송에서 영구히 퇴출되고 법적인 심판도 받아야 된다고 저는 생각합니다. 이나라에 젊은이들을 위해서...,43.0,2020-12-29T06:10:45Z
Z1KMXYt303U,홍진영 완전두얼굴이네!!!!!,41.0,2020-12-24T08:02:43Z
Z1KMXYt303U,부모가. 문제여. 자식들한테는. 엄격한잣대를 들이대야하는대. ...,39.0,2020-12-24T08:23:20Z
Z1KMXYt303U,표절아니라고 ㅈㄹ하더니 ㅋㅋㅋ 뭐냐 결국?? 표절로 판결났네 어떻게 된거냐?ㅋㅋㅋ,38.0,2020-12-24T08:11:58Z
Z1KMXYt303U,솔직히 대학 교수들 박사학위따신분들  전수조사 하면 몇프로가 살아 남을까요?,37.0,2020-12-24T08:49:20Z
Z1KMXYt303U,벌만큼벌은 연예인은 걱정할필요읍자나 쟈들은 걍자숙하다가 조용해지고 심심할때쯤 상황볼겸 얼굴내미는게 취미인데,37.0,2020-12-24T09:38:04Z
Z1KMXYt303U,정경심이도감방가는데~...이여자네가족들은~~??조선대~?아버지교수~도기냥끝날순없지않나~??재판~??감방가야됄것같은데요~,37.0,2020-12-24T11:58:44Z
Z1KMXYt303U,참......첨부터 왜 거짓말을해서~~안타깝네 거짓말은 언젠간 다 알게될텐데 아쉽네여 심각하다 진짜,37.0,2020-12-24T08:22:19Z
Z1KMXYt303U,뻔뻔하게 연예대상에 떡하니...앉아 있는거 보고 대단하다 생각함,37.0,2020-12-25T11:41:37Z
Z1KMXYt303U,홍진연말고도 많을텐데...,33.0,2020-12-24T07:49:33Z
Z1KMXYt303U,일반인들은  공부 열심히해서  취득하기도 힘든데<br>부유한 집구석에서 종이한장 취득하기가 쉬웟으니<br>연예계  활동도  쉽게생각햇을듯  그러니  쉽게 사라져  버려야지?  걸어다는 기업이라고 하던데 이젠 벌만큼 벌엇으니  그만두고  얼굴도  보기 싫어지네  잘난척  설쳐대다가 한방에 훅 갓네~<br>잘나갈때  잘햇어야지  즈그가족도  방송에다나오그     잘가~~~   한때는  좋아햇는데  실망스럽다 ~~ 방송에서  안보고 지냇으면 하네~~,32.0,2020-12-24T08:21:17Z
Z1KMXYt303U,얼굴도 다고치고 학위도 고치고 안고친곳 알려주세용ㅠㅠ,32.0,2020-12-24T09:38:20Z
Z1KMXYt303U,친일파 문제도 잇엇지?<br>진짜 좀 안보고 싶다,30.0,2020-12-24T19:43:32Z
Z1KMXYt303U,홍진영 미수다에서 일진출신이라고 그리 뻐기드만 갑자기 이미지 싹 바꿔서 오빵~~이럴때 이상했음,29.0,2020-12-24T09:21:05Z
Z1KMXYt303U,가족 사기네 교수라고 하는 사람이 자식인생 망쳤네  엄마 언니 안봐 좋긴하네   이러고 또 나오면  인간도 아니지  기부는왜해 이상항에  생각이없네,29.0,2020-12-24T17:15:04Z
Z1KMXYt303U,어후 홍진영씨 벌써 나락을가시는군요 잘가세요.그냥 연예계하지말고 유튜브로 전향하시길 ㅋㅋ,29.0,2020-12-25T02:50:49Z
Z1KMXYt303U,돈도 이미 많이 벌었는데. 거짓말까지 하면서 석사학위 취득하고 싶었나? 그리고 톡 까놓고 말하자... 연예활동하면서 학사 석사 취득이 가능하긴 하냐? 정상적으로 취득을 한다면 절대 못하겠지... 공부할 시간이 어딨어... 공부안하고도 취득한다면 천재일텐데... 대학이 그리 좋은 대학도 아닌데 ㅋㅋㅋ,25.0,2020-12-24T09:27:50Z
Z1KMXYt303U,죄를 지었으면 똑같이 처벌해라,25.0,2020-12-25T05:59:59Z
Z1KMXYt303U,다른건 모르겠고 덕분에 언니 볼일 없어서 좋음,22.0,2020-12-24T12:38:38Z
Z1KMXYt303U,표절이겠지 지가 뭔데 논문을 써? ㅋ,21.0,2020-12-24T08:55:56Z
Z1KMXYt303U,그럴줄 알았니라  백프로 👏머리엔 지식 대신 똥이💩 지가무슨 🎓,20.0,2020-12-24T10:53:21Z
Z1KMXYt303U,노래만 부르면 되지 뭐하러 학력을... 아이유와 대비되네... 학력위조로 곤혹치른 연예인들 보고도 저러고 싶었을까...,20.0,2020-12-24T10:53:46Z
Z1KMXYt303U,석사논문 표절이면 최소 징역 5년이겠구만.<br>표청장이 4년인데.,19.0,2020-12-24T07:46:50Z
Z1KMXYt303U,흠... 고등학교때도 좀 많이 놀았다는데... 그것도 아빠찬스 사용한 것 아닌지 의심이 드네...<br>안타깝네...,19.0,2020-12-24T10:08:24Z
Z1KMXYt303U,석사 나가리되면 박사도 자동 나가리됨?<br>조선대는 잘못없음?,18.0,2020-12-24T09:33:00Z
Z1KMXYt303U,예전에 풍문으로 들엇소인가 어디프로에서 거기서 엄친딸이라고 소개해서 와 홍진영이 석박사출신이라해서 대단하다 생각햇는데 이건 뭐 다 거짓이엇네~,17.0,2020-12-24T09:32:39Z
Z1KMXYt303U,뻔뻔하구먼 ㅋㅋㅋㅋ,17.0,2020-12-24T08:11:50Z
Z1KMXYt303U,누가봐도 박사할 인격은 아니였다,16.0,2020-12-26T06:22:00Z
Z1KMXYt303U,썩은 동아줄도 하나없는 내아들은<br>석사논문 쓰는데도 힘이드는데<br>뭐든 쉬운사람들은 따로 있었네,16.0,2020-12-24T08:52:16Z
Z1KMXYt303U,지금 이래도 몇년만 지나면 아무일 없었단 듯이 컴백할 가능성 높음,16.0,2020-12-24T09:04:22Z
Z1KMXYt303U,또 한명의 연예인이 잘못으로인해 훅가는 모습!<br>홍진영 노래가사처럼 잘가라~~~~~~,15.0,2020-12-26T00:18:14Z
Z1KMXYt303U,한십년은못나오시것네,15.0,2020-12-24T08:20:53Z
Z1KMXYt303U,인준해준 심사위원들 전부 징계해야함.,14.0,2020-12-24T12:13:59Z
Z1KMXYt303U,아니이게무슨~개방신이야~<br>죽을때까지~이젠방송에절대나오지마라~만약몇년있다~슬금슬금다시나오지마라~,14.0,2020-12-24T09:18:55Z
Z1KMXYt303U,가수하면서 굳이 석사 박사를 할 필요가 있나?,14.0,2020-12-24T09:47:49Z
Z1KMXYt303U,너무 욕심 내셔서 오히려 이미지만<br>망가졌네요..<br>안됐네요..<br>정직하게 사셔야죠,14.0,2020-12-24T09:47:38Z
Z1KMXYt303U,표절인지 아닌지 자기자신이 먼저 아는부분인데 판결까지 기다린거 자체가 국민을 기만했다고 밖에 안보인다.  연예계떠나기 싫어서 늦게 사과 무서웠다.. 요즘 세상이 어떤세상인데 ;;,14.0,2020-12-24T10:40:42Z
Z1KMXYt303U,너도 그만 큼 해쳐먹었음 부끄러운지나 알고 내려와라 코로나때메 전국민이 난리인데 기부는 못할망정 뭔 낯짝이냐,14.0,2020-12-24T11:22:07Z
Z1KMXYt303U,기부 ㅋㅋㅋㅋ 타이밍 완전 사롸있는데 ~,13.0,2020-12-24T08:43:08Z
Z1KMXYt303U,돈에 환장병 걸릴듯ㅜㅠ,13.0,2020-12-24T08:12:45Z
Z1KMXYt303U,그냥 뽕짝이나 불러서 돈이나 모으지 뭔 석사를 한다곸ㅋㅋㅋㄱㅋㅋ,13.0,2020-12-25T12:15:05Z
Z1KMXYt303U,아니 뭐하러 석사 박사를 하려고 한겨... 인간의 욕심은 끝이 업구려,12.0,2020-12-24T08:20:27Z
Z1KMXYt303U,돈가지고 면피할거였으면 한10억 정도는 기부할것이지ㅉㅉㅉ 1회 행사비용 가지고는 안하는게 나았을듯..  그동안 번돈이 어마어마 할텐데ㅉㅉㅉ  당분간 번돈 쓰면서 우아한 백조놀이 하겠군ㅉ,11.0,2020-12-25T05:03:42Z
KGPNnTZp970,어쩌다 이리됐나 그냥 조용히 노래나 부르지 욕심이 과하면 화를 부르는 법이지요,213.0,2020-12-29T08:37:20Z
KGPNnTZp970,석사?  박사?  살아가면서 중요한지?  표절까지 하면서 논문을 써야하는지~  쓸데없는 욕심에 만용 선생님께서 너무 잘 보셨네요 홍진영은 미꾸라지처럼 빠지게,156.0,2021-01-09T06:46:34Z
KGPNnTZp970,오 맞는말씀입니다.  쉽게애기해서 물은 잘흡수하니 잘 피해가보입니다  머리가 비상한 분이시라 잘 회피할것같습니다  하지만 학위 위조는 나쁩니다 ㅠ,94.0,2020-12-29T16:40:22Z
KGPNnTZp970,오늘은 끼쟁이 홍진영씨였군요~~<br>요즘 홍진영씨 언니얘기부터 구설이 좀 있었죠<br>논문위조는 좀 너무하다는 생각도 들긴했어요..<br>수단이 좋고 머리가 비상하시다니 잘 헤쳐나가시길!<br>그리고 이제 앞으로는 발전되고 업그레이드된 성숙한 모습 볼 수 있었으면 좋겠네요~,63.0,2020-12-29T09:53:24Z
KGPNnTZp970,빨간기  뽑고 가시라니까 정말 빨간기가? 우와 소름 쫙~~~ 마치 쌤이 기다리고 있었던 것처럼...    놀랍네요  효원쌤 존경합니다  나 효원쌤 옆집으로 이사가고 싶어짐...,62.0,2020-12-29T09:15:46Z
KGPNnTZp970,연예인은 공인이라 항상 조심해야 되는데 아쉬운 가수인것 같아요,34.0,2020-12-30T09:56:02Z
KGPNnTZp970,홍진영은 광주에서도 알사람다알텐데 엄청난 아부지빽으로 유명했는데  가족들 다 티비보다 홍진영나오면 그 집안 얘기 꼭 했음,32.0,2021-02-03T05:58:34Z
KGPNnTZp970,수단도 좋고 누구한테 지지는 않죠.소오름 말씀하시는거마다 소름이 쫘악  대단하십니다 누가 따라올수있을까요?,28.0,2020-12-29T09:10:51Z
KGPNnTZp970,무속인계의 NO.1  효원보살님 항상 응원합니다,27.0,2021-06-07T16:50:36Z
KGPNnTZp970,선생님 아우라는  정말 대단하시고 매순간 마다 콕짚어주시는 능력자 ~감독님 좋은영상 대박이네요.,26.0,2020-12-29T09:13:56Z
KGPNnTZp970,홍진영씨 요즘 안보이시더니 안좋은일이 있었군요~곧좋아질꺼예요!응원합니다,26.0,2021-03-06T08:32:23Z
KGPNnTZp970,와  일단 선생님 풀이에 박수를 짝짝 보냅니다 <br>욕심을 부리면 화가 찾아온다는 ...^^<br>어쩜 투시력?진짜  선생님 실력 짱입니다<br>대단해요,25.0,2021-03-06T07:30:29Z
KGPNnTZp970,욕심이 과하면 화를부리지요 걍 노래나 부르지..,25.0,2022-04-03T12:22:07Z
KGPNnTZp970,정말 용하다는 말씀 말고는 드릴말씀없는 오늘 영상! 최고입니다!,24.0,2020-12-29T10:25:16Z
KGPNnTZp970,효원선생님 영상 정주행중이예요 🙂<br>오늘 상담 너무 감사했고 좋은 조언이 되었습니다 너무 감사합니다 !!!,22.0,2021-02-09T11:37:59Z
KGPNnTZp970,인생사가?  조용히 노래하면서 살아갔음 이런일이 없을텐데 석사니 박사니 떠들더니 이런결과가 나왔네요  자업자득ㅋㅋ,21.0,2020-12-28T23:28:04Z
KGPNnTZp970,홍진영도 뭔가 있는건가요? 문서 위조? 넘 궁금합니다 효원쌤 말씀 시원하게 듣고 싶네요,16.0,2020-12-28T17:00:00Z
KGPNnTZp970,와우 👍,14.0,2020-12-28T15:25:24Z
KGPNnTZp970,정말 궁금합니다 (+.+),14.0,2020-12-28T17:40:42Z
KGPNnTZp970,자숙하고 있고 조용히 지내고있어야죠.궁금하네요 쌤영상 빨리 보구싶어지네요.,13.0,2020-12-29T00:32:08Z
KGPNnTZp970,그냥 ~  너무 앞서가다보니~ 자업자득 안타까운현실~,13.0,2021-01-09T06:24:10Z
KGPNnTZp970,보고 또 보게되네요~,12.0,2021-01-09T06:40:13Z
KGPNnTZp970,홍진영씨 있는 자리에서 <br>열심히 가수 생활 잘 했음 좋겠어요,12.0,2020-12-29T11:04:31Z
KGPNnTZp970,요즘통 안보인다 했더니 시끄러운일이 있었군요!!!,11.0,2020-12-29T09:46:40Z
KGPNnTZp970,홍진영씬 노래도 잘하고 에너자이자 였는데 순간의 실수로 나락으로 떨어지네요^^,11.0,2021-01-09T06:26:03Z
KGPNnTZp970,논문위조 시끄럽던데.너무너무 궁금하네요,11.0,2020-12-28T15:31:37Z
KGPNnTZp970,홍진영도 당분간 자숙기간해야죠 안타깝죠,11.0,2020-12-28T16:11:37Z
muD0NFPPe1U,학교괸계자들도모두<br>벌받고책임을져야한다고<br>생각합니다<br>어렵게공부하는모든학생들을<br>위해서라도요~~,221.0,2020-12-20T10:25:49Z
muD0NFPPe1U,"영원하게 퇴출 되었으면 좋겠네요ᆢ<br>뚱땡이언니, 미우새에 엄마까지  안보니까  속이 시원하네요",195.0,2020-12-20T15:52:14Z
muD0NFPPe1U,아버지도 조사해야겠어요.조선대 교수라면서 문제가 있는것 같해요.,181.0,2020-12-21T06:38:28Z
muD0NFPPe1U,젊디 젊은 아가씨가 <br>앞으로 어쩌려구<br> 그짓말을 해<br>요즘 어떤 세상인데,151.0,2020-12-25T01:18:15Z
muD0NFPPe1U,취소. 퇴출 당연하죠 <br>대학도 문제죠.엄격하게 처벌이 있어야  됩니다,137.0,2020-12-20T11:16:01Z
muD0NFPPe1U,나오긴 어딜나와요 트롯 신동 샛별들이 줄섰다  홍씨보다 훨 잘부르는 실력자들이  나오지마 번돈으로 사셔요,125.0,2020-12-25T00:28:21Z
muD0NFPPe1U,이제는  돈도 많이벌었으니  그만  텔레비전에서보지않았으면합니다,123.0,2020-12-20T20:34:52Z
muD0NFPPe1U,홍진영도 집안이 문제인거 같다는 의견이 많이  있네요~댓글 보니까,122.0,2020-12-22T14:23:01Z
muD0NFPPe1U,방송퇴출이당연하다,122.0,2020-12-24T13:15:43Z
muD0NFPPe1U,조선대 모두 조사해야쥬<br>아주 싹을 짤라 다음 이른일들을 생각조차못하게~~철처히 조사해야해유~~교수든 연예인이든<br>모조리~~~싸~~악!!!!!,111.0,2020-12-26T05:28:07Z
muD0NFPPe1U,연예게방송게영윈히퇴출이정답😓😓😓,100.0,2020-12-23T01:19:14Z
muD0NFPPe1U,홍진영어머니~~미우새에낭창하게앉아서 ~~딸과이런일을벌리고도 쌩까고 있었네요  그부모들이 더무섭네,96.0,2020-12-26T16:20:01Z
muD0NFPPe1U,팬트하우스 생각나네요 물질만능시대 돈이면 다되는 세상   좀 겸손했으면  이러케까진 미움 안 샀을텐데,93.0,2020-12-25T08:54:35Z
muD0NFPPe1U,방송가에서영원이퇴출시켜야합니다논문표절은큰죄입니다그러고도너무뻔뻔스런태도보기가힘들더군요,93.0,2020-12-25T22:04:45Z
muD0NFPPe1U,그동안 홍진영 꼴보기싫어하는분들이 많았군요..사건터지니까 확실히느낄수있네요..,92.0,2020-12-27T06:11:13Z
muD0NFPPe1U,대한 민국에서 석사 박사 학위 논문 순수하게 자신이 해결한 사람들이 얼마나 될까요?  하지만 이런 관례는 없어져야만 합니다.,91.0,2020-12-23T18:57:20Z
muD0NFPPe1U,홍진영자만하고잘난척할때부터알아봤어요기고만장하드만이제방송국에나오지말고자숙하고집에있어요주제파악을하세요~~,87.0,2020-12-26T09:36:29Z
muD0NFPPe1U,홍진영님! 반성많이 하셔야해요<br>석사학위와 박사학위  취득하기위해서 얼마나 고생을하는데요 그의 부모님도 잘못입니다,85.0,2020-12-25T09:04:27Z
muD0NFPPe1U,뻔뻔스럽게 우찌 방송에 나올생각을하다니~~~ㅉㅉ<br>겁이없는 가족들~~~<br>집안 조사철저히 해야겠네유<br>방송~~나오기 힘들듯~~<br>부모가 더 나쁘네유~ㅉㅉㅉ!!!!!<br>엄마나 방송출연~~어이없네 !!!!!!<br>대중들을 얼마나 웃음게 알다니<br>가족들 우찌 얼굴을 들고다닐꼬!!!!<br>세상말세네!!!!! 그부모의그자슥들!!!!,80.0,2020-12-26T05:20:49Z
muD0NFPPe1U,온가족이~방송국이제안방이냥~온갖추태를다보이고&#39;홍진영은박사자랑~석사자랑&#39;오지게도해댔었쥬~그것도반말찍찍하면서~그때이상하다했쥬~거기다툭하면윙크는왜그리하는지~전혀받고싶지않은데말이죠~참그식구들다들대단하고~뻔순이셋트네요,80.0,2020-12-29T02:26:49Z
muD0NFPPe1U,너무까불더라 가족이다,79.0,2020-12-26T05:18:11Z
muD0NFPPe1U,홍진영이 티브이에 나오면 그 방송국 프로그램 안본다  국민을 속이고 거짓으로 히롱한 제값 치르길 집에서 박사 석사 가지고 게임하고 사셔  가벼운 여자야 넌 게임이 재일 잘 어울려,78.0,2020-12-26T01:44:27Z
muD0NFPPe1U,안그래도취직이어려운판에 학교명예실추시켜  후배학우들진로에지장을준것은  어떻게  갚을래 벌어논돈 다내놔도안돼,71.0,2020-12-29T05:41:38Z
muD0NFPPe1U,영원히 퇴출해야해요<br>그동안 방송에서 잘란척무지했죠 그집엄마와 언니 다방송에서 안보니 속이시원하다..,71.0,2020-12-28T04:48:19Z
muD0NFPPe1U,거짓말이나은또거짓말.어디까지갈꺼냐.,70.0,2020-12-25T10:34:50Z
muD0NFPPe1U,맞어요 또 뻔뻔하게 나올까요,70.0,2020-12-24T15:33:53Z
muD0NFPPe1U,이건 실수가아니고  사기아닙니까?,69.0,2020-12-25T13:51:59Z
muD0NFPPe1U,홍선영나올때도싫엇다 모든연예인들이 자식 부모 다나오는거싫다,66.0,2020-12-28T03:17:56Z
muD0NFPPe1U,"끝까지부인하지  국민들을바보로보고 에미, 큰딸 다나와서돈벌어가더니  방송국은 뭔한거여",66.0,2020-12-28T12:07:13Z
muD0NFPPe1U,광주에서 꼴통고등학교 출신이 조대 간 것부터<br>해명해라....!!!!!!!! 고등학교에서 뷰티과 출신이 보컬 공부만 했다더만 .....<br>박사라고?????지나가던 개가 웃것다,61.0,2020-12-29T08:36:18Z
muD0NFPPe1U,사람이 위만보다 숙일즐 모르면 그때부턴 인생꼬인다,61.0,2020-12-22T08:24:25Z
muD0NFPPe1U,반성한척자중하다가 슬슬나오겟지~~에라이,60.0,2020-12-25T13:49:14Z
muD0NFPPe1U,새로운 신인들이 대거출동하니까<br>이젠 쉬세요<br>다시복귀하면 더<br>추해져요,60.0,2020-12-26T11:37:18Z
muD0NFPPe1U,조선대도 문제 아버지도<br>조사해봐야되지 않을까요<br>참 세상그렇게 쉽게 생각<br>문제 심각하네 영구히 제명,56.0,2020-12-25T09:43:50Z
muD0NFPPe1U,정확한  말씀.  제 속이 다 편합니다...<br>솔직한 말씀. .....<br>감사드.립니다...,55.0,2020-12-27T05:32:50Z
muD0NFPPe1U,조선대전체 조사 필요함~~연예인몇명 있을듯~~~,53.0,2020-12-26T03:16:49Z
muD0NFPPe1U,그 언니가 티비 나온거 정말 보기 싫어 채널 돌렸었는데~  홍진영은 뭐가 억울 하다는건지 바로 사과를 했었어야지,53.0,2020-12-28T16:53:53Z
muD0NFPPe1U,팬과 국민을 기만하고 움직이는 벤처기업이라며  얼굴이 두껍네요,51.0,2020-12-27T09:49:40Z
muD0NFPPe1U,절대로 방송 공중파 에서도 보기가 싷어요<br>혼자서 한것이 아니구 가족 몽땅 한심하다 <br>딸 인생을 망가지는 모습 아빠도 어떻게 생각하고 있는지<br>궁금하네요 반납<br>웃겨요 도득질 한것을 내노면 죄가 사라지면 법도 었는 나라<br>깅악혀,49.0,2020-12-30T03:08:55Z
muD0NFPPe1U,자나간다고 너무 까불더니 방송태출  해야지,48.0,2020-12-26T11:39:17Z
muD0NFPPe1U,복귀안해도 노래잘하는가수는많습니다,46.0,2020-12-28T21:51:03Z
muD0NFPPe1U,자업자득이다.평생뉘우치며살아라.,45.0,2020-12-28T21:36:39Z
muD0NFPPe1U,돈많이 벌었다고 자랑도 했었는데 노년까지 걱정없겠지요 와 방송에서 보지않았으면 합니다,44.0,2020-12-27T10:16:06Z
muD0NFPPe1U,진짜 문제는 홍진영 아빠임 걔 아빠도 교수직 산거 아닌지 조사해봐야함,43.0,2020-12-27T03:05:36Z
muD0NFPPe1U,싼티 나는 연예인중 한명,42.0,2020-12-31T16:16:48Z
muD0NFPPe1U,공인은   무엇보다  인성이<br>최고  중요 하지요  도덕적으로<br>창피기하네  ᆢ,42.0,2020-12-27T07:44:27Z
muD0NFPPe1U,꼴보기실었는데 너무설치더니,38.0,2020-12-28T17:31:07Z
muD0NFPPe1U,당연 박위반납 벌어논 재산도<br>반납 해야되지않을까요<br>그동안 덕본거다 반납해야죠<br>요즘세상에 깜직한 거짓말을<br>처음부터 솔직히 진솔하게 <br>대처해야죠<br>대처능력 형편없네요,37.0,2020-12-25T09:41:36Z
muD0NFPPe1U,지나친 몸 제스츄어<br>천박한 얼굴 애교 <br>정말 보기가  괴로워서요,37.0,2021-01-01T03:34:28Z
muD0NFPPe1U,힘들게자식때문에 부모들이 고생한사람들이나 대출안고대학교들어와 힘들게 공부하는사람들많은데,35.0,2020-12-28T03:18:42Z
muD0NFPPe1U,퇴출💃💃💃💃.👍 🍻👏👏👏👏👏😈,35.0,2020-12-26T18:59:06Z
muD0NFPPe1U,거짓석박사로돈잘벌였지~너의부친세계적인교수시킬거란말기가찬다~낫놓고도기역자도모를건데자기자식의능력은부모가더잘알건데~너의아버지밑에서교육받은학생들걱정이다~그동안거짓으로돈벌인것많이벌였을건데잘먹고부귀영화누리고잘살아라~안보니까세상천지좋으네,35.0,2020-12-29T21:23:30Z
muD0NFPPe1U,진정성 있는 사과를 해도 내마음 속에서 영원히 아웃입니다.<br>양심도 없는 거짓인간 <br>싫다~~~!!!!,32.0,2020-12-30T07:17:35Z
muD0NFPPe1U,한방에 훅 가네,29.0,2020-12-27T10:59:35Z
muD0NFPPe1U,아마그런게있는것도몰랐을꺼야논문쓰면끝나는줄알았을걸.,29.0,2020-12-28T15:19:03Z
muD0NFPPe1U,홍진영은 영원히 퇴출대어야 합니다,29.0,2020-12-30T06:47:18Z
muD0NFPPe1U,대부분 교수 아들 딸들 중에 학교생활성실 했다는 것은 상위 1%일듯 ㅋㅋ기본으로 교수 권한으로 장학금부터 과수석 석박사는 깔고 갈듯 화딱지 나는 대한민국,28.0,2020-12-30T00:58:16Z
muD0NFPPe1U,3년후에 또얼굴내밀겠지<br>연예인들은  뻔뻔하지<br>시청자들은  제발보기싫다,27.0,2021-01-01T11:57:20Z
muD0NFPPe1U,홍진영씨 팬으로써 안타깝네예..ㅠ<br>유튭이 계속 홍진영논문관련 알고리즘 미로에서 헤매게 만듦...ㅠㅠ,27.0,2020-12-24T03:02:17Z
muD0NFPPe1U,국민 청원 올려주세요,26.0,2020-12-29T07:16:36Z
muD0NFPPe1U,어쩌야쓰까 이럴때 쓰는말인듯ㅋ<br>이제정말 어쪄야쓰까나ㅋㅋㅋ,26.0,2020-12-26T09:14:18Z
muD0NFPPe1U,안방 티비님도 남애기는왜 하시는 겁니까 홍진영 애기만 해야지요🤐,25.0,2020-12-26T08:32:57Z
muD0NFPPe1U,출여진들의자격을 좀더면밀히검증해야함에도 방송국은대체  뭘했던가?  어리석고단순한 불공정한방송국들..선진국되려면 방송국부터 바꿔져야할듯.,24.0,2020-12-31T13:02:01Z
muD0NFPPe1U,젊은나이에 정말 거짓말  하는꼬라지  인성이제로 한심하다  퇴출시켜야 맞다 인간저질~~,23.0,2021-01-02T08:35:44Z
muD0NFPPe1U,힘들게 논문을 쓰고있는 학생들에게 미안한 생각이있다면 방송에서 하차해라,22.0,2021-01-03T09:12:31Z
muD0NFPPe1U,제발그설치는꼴안보니살겄같다영원히퇘출,22.0,2020-12-31T07:29:05Z
muD0NFPPe1U,지 언니부터 방송에서  <br>지가 연예인마냥  처나와서 <br>진자 꼴보기싫었는데,21.0,2020-12-31T01:45:49Z
muD0NFPPe1U,"방송퇴출은 모르겠고, 실망. 또 실망입니다. 공인으로서의 인격이 의심스럽네요. 노래 부르러 다니다고 공부 할 시간도 없을건데, 대학 학사에 만족하지 않고 석.박사를 따려고 표절을 하다니!! 집에서  게임이나 하고 있더구먼. 대학도 아버지 빽으로 들어갔겠죠?! 상고 미용학과 다녔다고 했나요?! 밤낮으로 열심히 공부하는 학생들에게 부끄럽지 않나요? 얼굴 보고 싶지 않네요. 사랑의 콜센터에서도  설쳐대고 끼어들고.나대서 실망스러웠는데, 나이를 어디로 먹었는지? 평생 반성하며 사세요.",21.0,2020-12-26T05:40:30Z
muD0NFPPe1U,그동안 마이 묵었다 아이가.방송 그만하고 죄값 치루라.식구들 전체가 못땠따.,20.0,2021-01-01T20:03:39Z
muD0NFPPe1U,그동안 돈많이 벌었으니 은퇴하고 결혼하는게 정답같음 쉬면서 얼굴성형 하긋지 이미지  변신 처음나왔을때 무당인줄 알았음 너무 팔자가 쎄보이는 관상 얼굴은 이뿐데 왠지모르게 정이안간다,20.0,2020-12-30T00:03:27Z
muD0NFPPe1U,가수가노래만잘하면되지 석사가짜가지고 목에 힘주고 노래할려고했나 ? 실력안대면 그냥그렇게있는그대로 살아라 그 잘난척이  얼마나하고싶으면     표절까지해어야하나 대실망 cf또 얼마나 많이했나,17.0,2021-01-02T13:23:27Z
muD0NFPPe1U,너무 약점을공격하면 생명을잃어요     죄없는사람이 돌을던져라하지요 너무나 약점을 공격하면안되요 보듬어 줍시다,15.0,2020-12-23T01:47:12Z
muD0NFPPe1U,몇달 쉬다 조용하면 나올려고..그러쥐..<br>아서라...너보나 진실하고 인성좋고 노래잘하는 가수는 넘쳐난다..<br>푹쉬..,14.0,2021-01-01T13:00:47Z
muD0NFPPe1U,사람은 초심일으면 자꾸문제가되는법 나만툴려고 설치지말고 후배도 챙겨야지 아 휴 휴 조선대 문제소굴  다시는 연예계 발부치지 못하게 강력한 조치필요 범이솜방방이 몆달있음 실금실금 나올걸 너무설쳐대 보기싫다,13.0,2021-01-01T06:59:36Z
muD0NFPPe1U,재능많고 재주많은 사람인대<br>김혜수처럼 아예 처음부터 쿨하게<br>사과했음 펜이나 여러분한테 진심사과<br>했음 좋았을텐대 기회를놓쳤내,13.0,2020-12-29T06:27:33Z
muD0NFPPe1U,홍진영 좋아했는데<br>좀안타깝네요.<br>인정할건 인정하고<br>사과하고 반성의시간을<br>가져야지요.ㅠㅠ,13.0,2020-12-26T03:48:26Z
muD0NFPPe1U,아주 영원히 화면에서 안보이면 어쩌나하는 안타까운 마음 일도안드네요 머리가 텅텅비어 있나보네요 겸손이라곤 찾아볼수가 없드니 결국은 하지말아야하는짓을 저질렀네요 앞으로 그뻔뻔한 모습 보지않길 바람니다,12.0,2021-01-01T00:44:28Z
muD0NFPPe1U,내가 좋아하는 가수중 한명이었는데 안타깝네요. 석박사 땄다고 티비에서 얘기하는거 보고 <br>나이도 어린데 얼마나 노력 했으면  하면서 <br>안쓰러워 했는데.<br>실망이군요.,12.0,2020-12-27T16:21:51Z
IBWoqb4Bxpo,교수아버지에연출작품이지요.그아버지를수사해야합니다.국민들상대로사기친죄받아야합니다,106.0,2020-12-23T03:08:56Z
IBWoqb4Bxpo,정말맞습니다~정확하고똑부러지게속시원합니다~세상에비밀은없습니다~저러분들낱낱이밝혀지기바랍니다~철저한수사부탁합니다~감사합니다~^^,93.0,2020-12-20T21:07:33Z
IBWoqb4Bxpo,어쩐지~<br>까불어대더니~,75.0,2020-12-23T00:49:28Z
IBWoqb4Bxpo,홍진영은 너무나불대서  보기싫었습니다  언니를 너무 무시하고  화면에 나올때마다  화면을 돌렸습니다  결국 이꼴이네요,74.0,2020-12-23T07:40:26Z
IBWoqb4Bxpo,거짓은 진실을 이길수 없죠. 진실은 언젠가 밝혀지기 마련이니까요.,71.0,2020-12-22T23:52:57Z
IBWoqb4Bxpo,홍진영 아버지를 조사해야되요.홍진영가수도 방송계를 영원히 못나오게 해야되고 왜 그집 식구들이 tv에 나오는지 이해가 안되네요 밤낮 가리지않고 논문을 하고 있는 분들이 얼마나 허무하겠어요.이런 거짓말을 하는것을 볼때 분하지요.아버지교수가 뭐 그래요 이것은 아버지 입김이에요.,62.0,2020-12-24T03:23:04Z
IBWoqb4Bxpo,부정입학도 조사해야되는데...  아빠찬스를  두자매가...,61.0,2020-12-23T19:08:33Z
IBWoqb4Bxpo,아버지의빽이라고~<br>처음부터생각들었는데요ㆍ,59.0,2020-12-23T18:59:29Z
IBWoqb4Bxpo,저말옳으신말씀입니다 죽도록 공부해도 입시에떨어져 재수 삼수 남자는 군대도 다녀와야하고 얼마나 많은 청춘들이 꿈을 포기하며 그저 대학 졸업장 받으려고 고생하는데 아버지 빽으로 그렇게엄청난 거짓을해놓고 무섭지도 않았나보죠?  Tv에서 그렇게  정 말...더이상 말도하기싫네요 자기언니 엄마 전부나와서  부끄럽지도 않았나? 그렇게번돈  불우한 이웃 고아원 홀로계신 어르신들 코로나로 현장에서 고생하시는 의료진들에게 모두  헌납하시오  앞으로 인간답게 살아가려면 좋은일좀 해야지,51.0,2020-12-23T12:39:50Z
IBWoqb4Bxpo,아고라님 홍진영소식 감사합니다,48.0,2020-12-22T22:33:14Z
IBWoqb4Bxpo,아직까지는 우리나라 대학교는 썩지않았다  경찰이나 대학교 교수님들은 검은돈을 받으면 나라가 썩고 법도 썩는다 참으로 고마우신 교수님이시다 고맙습니다,46.0,2020-12-24T06:15:16Z
IBWoqb4Bxpo,너무나가슴에와.<br>닿는말씀입니다.<br>자녀도자녀지만<br>우리모든부모들이꼭<br>새겨들어야할인것같습니다.<br>선생님..소중한말씀입니다.,45.0,2020-12-24T01:30:27Z
IBWoqb4Bxpo,아리고 아님 좋은 말씀 해 줘서 감사합니다 호 중 님을 위해서 좋은 말씀해 주셔서 고맙습니다 저도 호중 님 팬입니다 우리 호 중 님은 군대 업무를 다 하고 계십니다 팬들이 응원하고 있습니다 파이팅💜💜💜,41.0,2020-12-24T02:06:16Z
IBWoqb4Bxpo,중요한 부분을 말해 주셨네요,37.0,2020-12-21T02:15:00Z
IBWoqb4Bxpo,거짓과 부정은 처벌받아야 할 사항임.조사하세요.,36.0,2020-12-24T09:18:55Z
IBWoqb4Bxpo,아고라TV님 저도 자식키우는 엄마입니다 정확한 팩트 고맙습니다 열심히 노력해서 정상까지 올라가는 가수 김호중도 있는데 아빠의 힘을빌어서 자기들만의 욕심만채우는 몰지각한 사람들이죠 홍진영같은 사람들 때문에 피해를 본 사람들 어떻게 해야 하나요 홍진영 아버님 김호중이 처럼 진심으로 열심히 하는사람처럼 자식들을 키우세요 날로 쳐 먹지말고 젊은청년 김호중 승승장구하세요 아고라님 진실을 말씀 해 주셔서 감사합니다,33.0,2020-12-24T03:40:24Z
IBWoqb4Bxpo,"아고라 ty<br>정확한 펙트 감사힙니다<br>호중님.  찐펜입니다<br>언제나 호중님 아껴주시고<br>길잡이 되어 주셔서 감사하게 생각하고 있습니다<br>부모님심정으로 호중님 지도편달 부탁드립니다.,,",32.0,2020-12-24T06:34:21Z
IBWoqb4Bxpo,홍진영씨 소식 잘들었습니다 그런데 이게 홍진영씨만의 문제일까요.  조선대학교 석박사 논문 모두를 표절시스템에 모두 넣어 보면 어떨까요 총장과 표절감식 교수 모두를 넣어 보기 바랍니다 우리나라청문회에서 표절문제가 도마위에 오를때가 많지만 조금시간이 지나면 유야무야 되고 맙니다 이번 기회에 연예인 석박사. 학위 모두를 조사해 보면 어떨까요,30.0,2020-12-22T23:37:18Z
IBWoqb4Bxpo,우와!<br>지식인다우십니다~~~~최고,26.0,2020-12-24T02:17:36Z
IBWoqb4Bxpo,"철저하게 조사해야 됩니다... 밤,낮으로 열심히 공부한사람은 뭐가되나요...대학이 그런식으로 하면 대학을 뭐하러가나요..돈잇는 사람만가야죠,...학교에서 알고도 묵인한건가요..이건 정말 큰죄를 지은겁니다..방송도 나오면 안됩니다...한창자라고 잇는 어린이들이 뭘보고 배우겟어요...입학은 어떻게 햇는지도 조사해야됩니다....바르지못한사람을 방송나온다는거는 시청자들을 우롱하는겁니다...반성할줄 모르사람을 용서 할수는 없습니다",24.0,2020-12-24T12:56:51Z
IBWoqb4Bxpo,앞으로 티브에서 못나오게 해야됩니다,24.0,2020-12-24T19:39:13Z
IBWoqb4Bxpo,아니라고발표나니  어쩔수없이반성한다고  정말가증스럽다 다신화면에서얼굴안봤음한다 진짜뻔뻔하네,22.0,2020-12-24T12:23:22Z
IBWoqb4Bxpo,성형도거짓말 박사도거짓말ㅋ입만열면 거짓말... 자숙이아니라 연예계퇴출 처벌받아야함..,21.0,2020-12-25T19:36:24Z
IBWoqb4Bxpo,조선대가 아무리 지방대라 해도 홍진영이 그렇게 망가뜨릴 학교는 아닙니다. <br>조선대 먹칠한 것들. 명예훼손죄도 추가해야합니다!,20.0,2020-12-25T08:16:22Z
IBWoqb4Bxpo,자세히잘들었읍니다!,19.0,2020-12-23T18:58:37Z
IBWoqb4Bxpo,정확한 정보를 우리가 잘 이해할수있게 해주셔서 감사합니다 지난방송에서도 김호중님의 편견없는 해설 너무 고마웠어요 이렇게 정치권도 양심을 찾었으면 밝은 세상이 올텐데요,18.0,2020-12-25T05:57:00Z
IBWoqb4Bxpo,거짓과 부정은절대 안되죠<br>뿌리뽑아야 합니다,17.0,2020-12-26T20:00:14Z
IBWoqb4Bxpo,완전 사기꾼 천지네,17.0,2020-12-25T11:43:56Z
IBWoqb4Bxpo,공부 열심히하는 학생들이 홍진영을보면 자괴감이<br>들것같아요 정말 철저하게 수사해야합니다,17.0,2020-12-28T03:30:25Z
IBWoqb4Bxpo,거짓말하구 똑똑한척 잘난척한죄~~반성 안한죄~~사법처리해야됨~~당분간아닌 영원히 방송퇴출 시켜야됨~~,17.0,2020-12-25T06:12:07Z
IBWoqb4Bxpo,정경심이도같은죄목으로형받아서지금감방가자나요~??홍진영 이네집~아버지서부터~조선대~까지한번뒤집혀야돼는거아닌가요~?수사안들어가나요~??,16.0,2020-12-24T12:49:13Z
IBWoqb4Bxpo,속시원하게<br>알수있었습니다<br>전국민이 실망일듯요,15.0,2020-12-26T08:14:27Z
IBWoqb4Bxpo,아버지도.절대.용서하면.안돼요.분명.파헤쳐서..온가족.알아봐야죠,14.0,2020-12-26T13:22:43Z
IBWoqb4Bxpo,출석도  안하고석박사?<br>싸이코 아니면 천재?<br>싼티가 괜히 나겠어?<br>이제는 자숙하고  조용히    살았으면 좋겠네~~~<br>오죽하면  시청자들이 그동안속은게 유승준급이상이다고<br>아우성~~~<br>이젠  티브에서 안보기를 시청자들의 2021  희망사항~~~,14.0,2020-12-25T11:35:28Z
IBWoqb4Bxpo,사기친것들은<br>모두<br>섬으로 추방시켜라<br>죽을때까지 못나오게해라<br>뭘 알아야지 강의를하지요,13.0,2020-12-28T16:51:00Z
IBWoqb4Bxpo,당분간 홍가네 티비에 나오지 말아야지 물론 석 박사 가지고 노래하진않지만 인성문제지<br>표절99.9프로라 그럼 홍진영 이름만 진짜였네ㅋㅋ,12.0,2020-12-27T10:43:57Z
IBWoqb4Bxpo,맞아요 무명도 공부하기 어려운데<br>바쁜가수가 어찌 박사를 딴다는것도<br>이해안됨   표절과인용도 모르는  무식한거다,11.0,2020-12-28T10:02:24Z
IBWoqb4Bxpo,이게  사실이라면 진영이 석사 박사도 문제이지만 진영이 아버지는 딸 때문에  교수직도  박탈 되야한다고 봅니다,11.0,2020-12-29T20:27:31Z
drRpdLR4k9s,설인석 얼굴은 대문짝 만하게 보도하고. 조민 얼굴은 모자이크처리.형평에어긋나는 방송,26.0,2020-12-30T12:27:03Z
drRpdLR4k9s,설민석은<br>공부를 제대로<br>좀 하셔요!!<br>저런 사람들때매<br>나라 역사도<br>왜곡되어 완전히 <br>다른 역사관으로<br>바꾸어놓을듯!!<br>부끄러운일입니다~<br>저런 사람들은<br>용서하면 안 됩나다,25.0,2020-12-30T12:27:28Z
drRpdLR4k9s,저것들 엮겹다 티비나오게하지마라<br>사기꾼들,22.0,2020-12-30T13:38:13Z
drRpdLR4k9s,솔직히 일반인들도 처벌해야 되는거 아님? 찾아보면 정말 많을껀데...,17.0,2020-12-30T15:37:35Z
drRpdLR4k9s,"무겁게 !처벌해야 한다!! 국민들을 희롱하고,다른많은 열심히연구하고,공부하는 사람들의 자괴감은 어떡게 할거냐!!!",11.0,2020-12-30T15:30:24Z
drRpdLR4k9s,저!얍실이.,11.0,2020-12-30T11:41:58Z
drRpdLR4k9s,설민석 이분이 저명한 역사 학자인가요?<br>왜 뉴스까지 타는지 저는 모르겠네요,11.0,2020-12-30T11:48:44Z
yD2_J-9eRQc,홍진영ㆍ김호중 <br>방송안나오길,62.0,2020-12-19T00:14:07Z
yD2_J-9eRQc,속시원한  말씀  감사합니다<br>옛날에는  통할수  있었겠지만<br>지금은  다릅니다<br>김선생님  같은분이  계셔서<br>그래도  살만합니다,30.0,2020-12-19T00:16:33Z
yD2_J-9eRQc,거짓으로 학위받으면 <br>무슨의미 진실을 이길수 없겠죠ㆍ<br>자중하고 깊이 반성하는계기가 되길요,27.0,2020-12-19T01:16:20Z
yD2_J-9eRQc,홍진영은   퇴출시켜야 맞고  벌금도  때려야 한다고 봅니디ㅡ  ㅡ사기를 치고  도죽질을  하고  들키면  반납하면되나요  ㅡ죄가 없나요  영원히 퇴출 시켜야 합니디ㅡ,24.0,2020-12-19T01:34:32Z
yD2_J-9eRQc,"아빠 찬스였나  참 쉽게 했네요 남들은 그것때문에 몇년씩 개고생 해서 학위 취득하는데  남의걸 베낀 자체가,문제가 아닌가  앞뒤가 다른 인성에 놀랐다",24.0,2020-12-19T00:37:56Z
yD2_J-9eRQc,선생님같은분이계서야속시원합니다감사합니다,23.0,2020-12-19T00:22:34Z
yD2_J-9eRQc,"홍진영씨가 상고 나와서 조선대학교 들어갔다던데. 아버지가 교수시래요. 노래 부른다고 강의(출석)듣고.공부 할 시간이 있었겠어요.집에선 게임이나 즐기던데, 학사 받은 것도 감사할일이지! 표절까지 해서 석.박사 따고 싶었는지? 열심히 공부 하는 학생들 힘빠지겠어요.아버지 빽으로 대학 다녔겠죠.",22.0,2020-12-19T02:41:29Z
yD2_J-9eRQc,홍진영 언니는 미우새 왜나오는지 ~세모녀때문에 불편해서 미우새 안봅니다~,22.0,2020-12-19T01:59:53Z
yD2_J-9eRQc,그러구보면<br>우리사랑스런탑6를보면<br>깨끗하고진실하게  살아와서<br>소리소문이없고 좋은소식만들리니<br> 인기도 상승가도를 달리는겁니다<br>다행이도 말도많고 탈도많고 <br>인성에 금이간사람불순물이 빠져서 천만다행입니다,22.0,2020-12-19T01:50:22Z
yD2_J-9eRQc,"이번 홍진영씨의 사건을 보면서<br>홍진영씨만의 잘못이 아닌 <br>조선대학측과  홍진영씨의 부모들 역시<br>이번일에 사과를 하는것이 답일것입니다, <br><br>조국씨 부부를 위시해 <br>대학에 몸담고 있는일부 교수들 역시 그들이 <br>본인의 자제들에게도 교육자로서의 본분을<br>지키며 공평성을 지켰는지 돌아보는 계기가<br>되었으면 합니다, <br><br>지난날의 SBS ㅂㅇㅃ이라는 프로에<br>출연했던 ㅇㅈㄱ아나운서 자제가<br>연예인으로서 기질도  특별함도 뛰어남도<br>없었는데 모 대학 특채로 입학하는 모습을 보면서 ,,,절실함 속에서 열심히 노력한 누군가의 삶에 큰 타격을 주었다는 사실을<br>살아가면서 깨달았으면 합니다,<br><br>홍진영씨가 필요한 학과가 <br>실용음악이 아닌 경제학?<br><br>홍진영씨 삶속에서 이번일<br>제대로 된 깨달음을 얻고 <br>다시 시작했으면 합니다,<br><br>탑6인들 모두 응원합니다, <br><br>&quot;건행 &quot;",21.0,2020-12-19T00:55:35Z
yD2_J-9eRQc,"사람은 잘못할 수가 있습니다. 홍진영은 오래전부터 이문제가 거론됐었다고 합니다. <br>그런데도 인정치 않고 있다가, 이번에 아빠찬스 등으로 다시 거론되는 바람에 어쩔 수 없이 다시 들여다 본 것으로 봅니다. <br>진작 처음부터 인정했다면 사람으로서의 인간은 인정이 됐겠지만 <br>강제적 까발림으로 인해 인정한 홍진영은 이제 인간으로 인정받기가 어렵습니다.",20.0,2020-12-19T02:46:17Z
yD2_J-9eRQc,김쌤님<br>오늘 말씀 넘 속 시원하게<br>잘해주셔 감사 합니다<br>동치미 한그릇 마신 기분 입니다<br>홍진영님도 잘못했으면 진짝<br>자기 잘못을 뉘우치고 자숙했으면<br>이렇게 까지 큰 원성은 안사겠죠<br>아버지빽만 믿고<br>안타가운것도 있지만<br>실망스럽 습니다<br>많이 뉘우치고 더 성숙된 모습<br>보여주면 좋겠어요,18.0,2020-12-19T01:59:31Z
yD2_J-9eRQc,역시 홍진영이 연예인으로서  의  진가가  좀 떨어지네요<br>씁쓸하다 넘 욕심 많다,18.0,2020-12-19T01:03:14Z
yD2_J-9eRQc,선생님 <br>항상 정말 속시원 합니다,17.0,2020-12-19T00:45:37Z
yD2_J-9eRQc,홍진영은 공인으로 너무 많은 꾀를 부리려다 이 꼴이 났네요. 부친이 교수출신인데 참 안타깝네요. 좀 자중하고 반성하는 시간이 필요할것 같아요. 이상태로 나온다면 누가 그의 노래를 듣겠나요. 영웅이 같이 진심을 담은 노래꾼이 중요하지 학위가 뭐 그리 필요했을까요. <br>홍진영! 자중의 시간을 갖고 낮은자리에 가서 봉사활동을 하다보면 팬들의 마음도 풀릴거야.,16.0,2020-12-19T02:46:24Z
yD2_J-9eRQc,홍진영씨 안타깝네요<br>이번 기회에 자숙하면서<br>자기자신을 돌아보시고<br>앞으로 상대방대할때도 거만하게 말 하는것도<br>고쳐지면 좋을듯 해요<br>벼는 익을수록 고개를 숙이잖아요<br>좋은분 만나 결혼 하셔도<br>좋을듯 해요<br>선생님 감사합니다,16.0,2020-12-19T02:47:35Z
yD2_J-9eRQc,"웃긴다 홍진영  여우떨더니 속시원하게 전라도,,###",15.0,2020-12-19T01:42:48Z
yD2_J-9eRQc,ㅠㅠㅠ그동안 시청자 잘 같고 놀았죠 <br>홍진영은 대단한가수구나. <br>급이. 틀린 가수구나했는데——<br>ㅠㅠㅠ쌤 님 감사합니다정확히알고갑니다,14.0,2020-12-19T03:40:43Z
yD2_J-9eRQc,이제는 팬이든 아니든 연예인의 평가수준을 달리해야 된다고 생각합니다 인성이 문제면 실력이 아무리 좋아도 쳐다보지 않은 세상이 왔으면 합니다 SBS도 시청률때문에 엉거주춤 이건 방송수준이하 입니다 그 다음은 시청자의 몫이죠,14.0,2020-12-19T02:35:32Z
yD2_J-9eRQc,가수.홍진영이.작사작곡도잘하는구나.생각했는데.아니더라구요~남자작곡.작사가홍진영.같은이름.동명이인이더라구요~티비보고알았어요~,14.0,2020-12-19T01:35:36Z
yD2_J-9eRQc,샌님~~정확한분별.이에요.감사드립니다ㅡ죄를지엇으면.죄를받아야지오,13.0,2020-12-19T03:24:43Z
yD2_J-9eRQc,미우새 본지가 오래되어 지금은 누가 나오는지 모르지만 미우새가 그렇더라구요 전에 김건모건도 사과없고..<br><br>여지껏 출연하는거 보니 학교에서 결정 나올때까지<br>기다렸나 봅니다<br><br>샘님 말씀대로 대처하는것도 그렇고 여기저기 설쳐대더니<br>처신도 그렇게ㅜㅜ<br>아무튼 그리 결론 났다니<br>이젠 무슨소리 못하겠군요<br>두자녀 나오면서 안보게 되었거든요<br><br>샘님 오늘도 건행!!,13.0,2020-12-19T02:19:30Z
yD2_J-9eRQc,조선대가 솔직하게 표절이라해서 그나마 다행이네요.정식 고등학교도 안나와서 대학입학도 이상한데 너무무리했죠..세상을 뭘로보고...,12.0,2020-12-19T04:25:45Z
yD2_J-9eRQc,짜증난다<br>대한민국은 모든분야에서 빽이다<br>부모빽  누구누구빽<br>능력없는 부모는 등록금도<br>못내서 내 딸은 아직도 졸업을못했<br>이런 세상을 접고싶다<br>빽 있는 세상만 사는<br>대한민국,11.0,2020-12-19T05:36:24Z
yD2_J-9eRQc,조선대학교 이름까지 먹칠을 한거죠.<br>말씀대로 논문 표절 심사가 정말 많이 늦었어요.<br>홍씨 언니는 계속 먹고 자고 먹고 놀고 하는거로 방송 나오고ㆍ.  미우새 프로에도 너무 대실망!,11.0,2020-12-19T05:21:56Z
EPQtXMJdCqo,고졸이면 어떻고 중졸이면 어떻냐 인성이 잘못된게 나쁜거지,23.0,2020-12-27T07:38:12Z
EPQtXMJdCqo,3천에 먹고 떨어질줄 아나,21.0,2020-12-26T01:00:29Z
EPQtXMJdCqo,다시는  보고  싶지 않습니다,18.0,2020-12-26T01:29:37Z
FmIcX3_vMXU,홍진영 진짜 무서운 사람이다<br>라이오스타에서 논문 뻔뻔하게 거짓말치고<br>정신적으로. 문제있는 사람인거 같다<br><br>티비에 나와서 가식적이고 까부는 사람일때 부터 좀 이상한 사람인거 같았다<br><br>핑계될껄 돼야지~~무슨 되도안한 핑계를 되고있고<br>자기한테 안부릴 욕심 부리고 거짓말치고<br>핑계되고~<br>진짜 이상한 여자다<br><br>방송 잠깐 못나오는게 아니고<br>다신 나오지 마라<br><br>나와서 방송하면 사람들이 진짜<br>또라이라고 생각할듯,20.0,2020-12-22T12:07:12Z
FmIcX3_vMXU,정말 댓글 안쓰는사람인데 홍진영 고영욱처럼 집밖에 나오지마세요<br>돌맞을수도있어요,20.0,2020-12-23T11:06:46Z
FmIcX3_vMXU,사과 한다고 모든 죄가 없어 지지는 않는다  많이 좋아하는 가수 였는데  이제는 폰에서조차  홍ㅇㅇ 노래를  모두  삭제한다   벌만큼  벌엇으면  베풀면서  살것이지  속이며 살려고 했냐?,20.0,2020-12-20T10:42:42Z
FmIcX3_vMXU,싼티 나게 나대더니<br>결론은 짝퉁논문으로<br>가짜  인생살았구나ㆍ<br>남은인생짝퉁으로살지 말기를~~~<br>보기가엮겨워~~~,20.0,2020-12-21T06:29:12Z
FmIcX3_vMXU,창피한줄 모르고 너무 나대더니ᆢ,20.0,2020-12-20T15:48:09Z
FmIcX3_vMXU,그동안~얼굴에철판을깔고살았구나~라디오스타에나와서~뻔뻔스럽게~예기하는걸보니~야~이여자진짜무서운여자였네~앞으론절대tv에나오지마라~홍진영잘가라~,16.0,2020-12-23T21:52:31Z
FmIcX3_vMXU,거의 10년 동안 석박사 자랑으로 방송 출연하고 엄친딸 이미지 세탁해서 잘 나갔으니 박사 따느라 들인돈 본전 뽑고도 남았지. 논란 생겼을때 제대로된 사과와 자숙했으면 나중에 복귀했을지도 모르지만 표절이 확정되고 사과는 너무 늦었지. 그동안 방송에서 박사자랑한 영상이 많아도 너무 많더라. 본인은 진실을 알았을텐데... 사기꾼이 오히려 잘나가는 대한민국. 사기꾼들의 천국이라 불리는 대한민국 대다나다,16.0,2020-12-22T01:21:35Z
FmIcX3_vMXU,아버지고 검찰수사해보길,15.0,2020-12-23T23:03:01Z
FmIcX3_vMXU,아버지가 더 나빠요. 학자라는 양반이 자식에게 그런 길로 인도하다니~,11.0,2020-12-23T17:34:38Z
