Office,Date,Link,Identity
경향신문,2020.10.16,https://n.news.naver.com/mnews/article/032/0003037821?sid=101,n0003037821
,2020.11.06,https://m.entertain.naver.com/article/032/0003041731,m0003041731
경향신문,2020.11.09,https://n.news.naver.com/mnews/article/032/0003042145?sid=102,n0003042145
,2020.10.11,https://m.entertain.naver.com/article/005/0001369660,m0001369660
국민일보,2020.10.14,https://n.news.naver.com/mnews/article/005/0001370820?sid=103,n0001370820
,2020.10.15,https://m.entertain.naver.com/article/005/0001371186,m0001371186
,2020.11.02,https://m.entertain.naver.com/article/005/0001376706,m0001376706
,2020.11.05,https://m.entertain.naver.com/article/005/0001377996,m0001377996
국민일보,2020.11.05,https://n.news.naver.com/mnews/article/005/0001377752?sid=103,n0001377752
국민일보,2020.11.06,https://n.news.naver.com/mnews/article/005/0001378403?sid=103,n0001378403
국민일보,2020.11.06,https://n.news.naver.com/mnews/article/005/0001378527?sid=102,n0001378527
국민일보,2020.11.06,https://n.news.naver.com/mnews/article/005/0001378371?sid=102,n0001378371
,2020.11.06,https://m.entertain.naver.com/article/005/0001378146,m0001378146
국민일보,2020.11.06,https://n.news.naver.com/mnews/article/005/0001378406?sid=103,n0001378406
국민일보,2020.11.08,https://n.news.naver.com/mnews/article/005/0001378747?sid=102,n0001378747
국민일보,2020.11.09,https://n.news.naver.com/mnews/article/005/0001379061?sid=102,n0001379061
,2020.11.09,https://m.entertain.naver.com/article/005/0001378860,m0001378860
국민일보,2020.11.09,https://n.news.naver.com/mnews/article/005/0001379135?sid=102,n0001379135
국민일보,2020.11.10,https://n.news.naver.com/mnews/article/005/0001379583?sid=102,n0001379583
,2020.11.10,https://m.entertain.naver.com/article/005/0001379328,m0001379328
,2020.11.12,https://m.entertain.naver.com/article/005/0001380299,m0001380299
국민일보,2020.11.13,https://n.news.naver.com/mnews/article/005/0001380666?sid=102,n0001380666
국민일보,2020.11.16,https://n.news.naver.com/mnews/article/005/0001381176?sid=102,n0001381176
국민일보,2020.11.16,https://n.news.naver.com/mnews/article/005/0001381455?sid=102,n0001381455
,2020.11.30,https://m.entertain.naver.com/article/005/0001385982,m0001385982
,2020.11.30,https://m.entertain.naver.com/article/005/0001385903,m0001385903
동아일보,2020.11.03,https://n.news.naver.com/mnews/article/020/0003318350?sid=105,n0003318350
,2020.11.05,https://m.entertain.naver.com/article/020/0003318826,m0003318826
,2020.11.06,https://m.entertain.naver.com/article/020/0003319065,m0003319065
동아일보,2020.12.02,https://n.news.naver.com/mnews/article/020/0003323761?sid=110,n0003323761
,2020.11.02,https://m.entertain.naver.com/article/021/0002447794,m0002447794
문화일보,2020.12.04,https://n.news.naver.com/mnews/article/021/0002451801?sid=103,n0002451801
서울신문,2020.10.16,https://n.news.naver.com/mnews/article/081/0003131918?sid=004,n0003131918
,2020.11.07,https://m.entertain.naver.com/article/081/0003137695,m0003137695
서울신문,2020.11.09,https://n.news.naver.com/mnews/article/081/0003138206?sid=102,n0003138206
서울신문,2020.11.09,https://n.news.naver.com/mnews/article/081/0003138011?sid=103,n0003138011
서울신문,2020.11.13,https://n.news.naver.com/mnews/article/081/0003139578?sid=102,n0003139578
서울신문,2020.11.17,https://n.news.naver.com/mnews/article/081/0003140479?sid=103,n0003140479
,2020.11.30,https://m.entertain.naver.com/article/081/0003143731,m0003143731
,2020.10.12,https://m.entertain.naver.com/article/022/0003511517,m0003511517
세계일보,2020.10.14,https://n.news.naver.com/mnews/article/022/0003512536?sid=101,n0003512536
세계일보,2020.10.27,https://n.news.naver.com/mnews/article/022/0003516865?sid=102,n0003516865
,2020.10.30,https://m.entertain.naver.com/article/022/0003518348,m0003518348
,2020.11.02,https://m.entertain.naver.com/article/022/0003518987,m0003518987
,2020.11.04,https://m.entertain.naver.com/article/022/0003519849,m0003519849
,2020.11.05,https://m.entertain.naver.com/article/022/0003520284,m0003520284
,2020.11.06,https://m.entertain.naver.com/article/022/0003520676,m0003520676
,2020.11.06,https://m.entertain.naver.com/article/022/0003520611,m0003520611
,2020.11.06,https://m.entertain.naver.com/article/022/0003520600,m0003520600
,2020.11.08,https://m.entertain.naver.com/article/022/0003520868,m0003520868
,2020.11.09,https://m.entertain.naver.com/article/022/0003521245,m0003521245
,2020.11.11,https://m.entertain.naver.com/article/022/0003522089,m0003522089
세계일보,2020.11.13,https://n.news.naver.com/mnews/article/022/0003523025?sid=102,n0003523025
세계일보,2020.11.16,https://n.news.naver.com/mnews/article/022/0003523660?sid=102,n0003523660
세계일보,2020.11.16,https://n.news.naver.com/mnews/article/022/0003523537?sid=102,n0003523537
,2020.11.30,https://m.entertain.naver.com/article/022/0003528042,m0003528042
조선일보,2020.11.06,https://n.news.naver.com/mnews/article/023/0003574338?sid=102,n0003574338
조선일보,2020.11.06,https://n.news.naver.com/mnews/article/023/0003574247?sid=102,n0003574247
조선일보,2020.11.09,https://n.news.naver.com/mnews/article/023/0003574859?sid=102,n0003574859
조선일보,2020.11.13,https://n.news.naver.com/mnews/article/023/0003576013?sid=102,n0003576013
조선일보,2020.11.14,https://n.news.naver.com/mnews/article/023/0003576127?sid=110,n0003576127
조선일보,2020.11.16,https://n.news.naver.com/mnews/article/023/0003576534?sid=102,n0003576534
조선일보,2020.11.16,https://n.news.naver.com/mnews/article/023/0003576466?sid=102,n0003576466
조선일보,2020.11.30,https://n.news.naver.com/mnews/article/023/0003579841?sid=103,n0003579841
중앙일보,2020.11.06,https://n.news.naver.com/mnews/article/025/0003050192?sid=103,n0003050192
중앙일보,2020.11.06,https://n.news.naver.com/mnews/article/025/0003050022?sid=103,n0003050022
중앙일보,2020.11.09,https://n.news.naver.com/mnews/article/025/0003050588?sid=102,n0003050588
중앙일보,2020.11.09,https://n.news.naver.com/mnews/article/025/0003050780?sid=102,n0003050780
중앙일보,2020.11.12,https://n.news.naver.com/mnews/article/025/0003051627?sid=102,n0003051627
중앙일보,2020.11.13,https://n.news.naver.com/mnews/article/025/0003052099?sid=102,n0003052099
중앙일보,2020.11.16,https://n.news.naver.com/mnews/article/025/0003052589?sid=102,n0003052589
,2020.11.30,https://m.entertain.naver.com/article/025/0003056675,m0003056675
중앙일보,2020.12.02,https://n.news.naver.com/mnews/article/025/0003057468?sid=102,n0003057468
한겨레,2020.11.03,https://n.news.naver.com/mnews/article/028/0002518774?sid=102,n0002518774
한겨레,2020.11.09,https://n.news.naver.com/mnews/article/028/0002519517?sid=102,n0002519517
,2020.10.08,https://m.entertain.naver.com/article/469/0000542367,m0000542367
,2020.10.12,https://m.entertain.naver.com/article/469/0000543274,m0000543274
,2020.10.12,https://m.entertain.naver.com/article/469/0000543493,m0000543493
,2020.10.12,https://m.entertain.naver.com/article/469/0000543171,m0000543171
,2020.10.23,https://m.entertain.naver.com/article/469/0000546973,m0000546973
,2020.10.23,https://m.entertain.naver.com/article/469/0000547047,m0000547047
,2020.10.25,https://m.entertain.naver.com/article/469/0000547583,m0000547583
,2020.10.26,https://m.entertain.naver.com/article/469/0000547726,m0000547726
,2020.10.26,https://m.entertain.naver.com/article/469/0000547633,m0000547633
,2020.10.28,https://m.entertain.naver.com/article/469/0000548700,m0000548700
,2020.10.29,https://m.entertain.naver.com/article/469/0000548869,m0000548869
,2020.10.29,https://m.entertain.naver.com/article/469/0000548943,m0000548943
,2020.11.04,https://m.entertain.naver.com/article/469/0000550765,m0000550765
,2020.11.04,https://m.entertain.naver.com/article/469/0000550758,m0000550758
,2020.11.05,https://m.entertain.naver.com/article/469/0000551263,m0000551263
,2020.11.05,https://m.entertain.naver.com/article/469/0000551238,m0000551238
,2020.11.05,https://m.entertain.naver.com/article/469/0000551116,m0000551116
,2020.11.07,https://m.entertain.naver.com/article/469/0000551681,m0000551681
,2020.11.07,https://m.entertain.naver.com/article/469/0000551640,m0000551640
,2020.11.08,https://m.entertain.naver.com/article/469/0000551926,m0000551926
,2020.11.09,https://m.entertain.naver.com/article/469/0000552008,m0000552008
,2020.11.20,https://m.entertain.naver.com/article/469/0000555629,m0000555629
,2020.11.30,https://m.entertain.naver.com/article/469/0000558319,m0000558319
