Office,Date,Link,Identity
경향신문,2016.05.13,https://n.news.naver.com/mnews/article/032/0002698850?sid=103,n0002698850
경향신문,2016.05.15,https://n.news.naver.com/mnews/article/032/0002699185?sid=110,n0002699185
경향신문,2016.05.17,https://n.news.naver.com/mnews/article/032/0002699703?sid=110,n0002699703
경향신문,2016.05.19,https://n.news.naver.com/mnews/article/032/0002700248?sid=101,n0002700248
,2016.05.20,https://m.entertain.naver.com/article/032/0002700555,m0002700555
경향신문,2016.05.23,https://n.news.naver.com/mnews/article/032/0002700996?sid=102,n0002700996
경향신문,2016.05.24,https://n.news.naver.com/mnews/article/032/0002701490?sid=110,n0002701490
경향신문,2016.06.11,https://n.news.naver.com/mnews/article/032/0002705986?sid=105,n0002705986
,2016.05.13,https://m.entertain.naver.com/article/005/0000897969,m0000897969
,2016.05.14,https://m.entertain.naver.com/article/005/0000898270,m0000898270
국민일보,2016.05.15,https://n.news.naver.com/mnews/article/005/0000898335?sid=102,n0000898335
,2016.05.15,https://m.entertain.naver.com/article/005/0000898365,m0000898365
국민일보,2016.05.15,https://n.news.naver.com/mnews/article/005/0000898488?sid=110,n0000898488
국민일보,2016.05.15,https://n.news.naver.com/mnews/article/005/0000898415?sid=102,n0000898415
국민일보,2016.05.16,https://n.news.naver.com/mnews/article/005/0000898855?sid=103,n0000898855
국민일보,2016.05.16,https://n.news.naver.com/mnews/article/005/0000898806?sid=103,n0000898806
국민일보,2016.05.16,https://n.news.naver.com/mnews/article/005/0000898667?sid=103,n0000898667
국민일보,2016.05.17,https://n.news.naver.com/mnews/article/005/0000899349?sid=103,n0000899349
국민일보,2016.05.24,https://n.news.naver.com/mnews/article/005/0000901721?sid=102,n0000901721
국민일보,2016.06.09,https://n.news.naver.com/mnews/article/005/0000907400?sid=101,n0000907400
,2016.05.13,https://m.entertain.naver.com/article/020/0002971884,m0002971884
,2016.05.13,https://m.entertain.naver.com/article/020/0002971966,m0002971966
,2016.05.13,https://m.entertain.naver.com/article/020/0002972013,m0002972013
동아일보,2016.05.13,https://n.news.naver.com/mnews/article/020/0002971926,ncle/020/00
,2016.05.13,https://m.entertain.naver.com/article/020/0002971968,m0002971968
,2016.05.13,https://m.entertain.naver.com/article/020/0002971910,m0002971910
,2016.05.16,https://m.entertain.naver.com/article/020/0002972481,m0002972481
,2016.05.16,https://m.entertain.naver.com/article/020/0002972300,m0002972300
,2016.05.16,https://m.entertain.naver.com/article/020/0002972405,m0002972405
,2016.05.16,https://m.entertain.naver.com/article/020/0002972442,m0002972442
동아일보,2016.05.18,https://n.news.naver.com/mnews/article/020/0002972882?sid=100,n0002972882
동아일보,2016.05.19,https://n.news.naver.com/mnews/article/020/0002973445?sid=101,n0002973445
동아일보,2016.05.20,https://n.news.naver.com/mnews/article/020/0002973579?sid=103,n0002973579
동아일보,2016.05.23,https://n.news.naver.com/mnews/article/020/0002974309?sid=102,n0002974309
동아일보,2016.05.24,https://n.news.naver.com/mnews/article/020/0002974678?sid=101,n0002974678
,2016.05.27,https://m.entertain.naver.com/article/020/0002975749,m0002975749
,2016.05.27,https://m.entertain.naver.com/article/020/0002975742,m0002975742
,2016.05.27,https://m.entertain.naver.com/article/020/0002975681,m0002975681
,2016.05.27,https://m.entertain.naver.com/article/020/0002975788,m0002975788
동아일보,2016.06.08,https://n.news.naver.com/mnews/article/020/0002978488?sid=105,n0002978488
,2016.05.13,https://m.entertain.naver.com/article/021/0002275081,m0002275081
,2016.05.16,https://m.entertain.naver.com/article/021/0002275120,m0002275120
,2016.05.12,https://m.entertain.naver.com/article/081/0002717516,m0002717516
,2016.05.13,https://m.entertain.naver.com/article/081/0002717859,m0002717859
,2016.05.13,https://m.entertain.naver.com/article/081/0002717691,m0002717691
,2016.05.13,https://m.entertain.naver.com/article/081/0002717676,m0002717676
,2016.05.13,https://m.entertain.naver.com/article/081/0002717794,m0002717794
,2016.05.13,https://m.entertain.naver.com/article/081/0002717739,m0002717739
,2016.05.13,https://m.entertain.naver.com/article/081/0002717673,m0002717673
,2016.05.13,https://m.entertain.naver.com/article/081/0002717667,m0002717667
,2016.05.13,https://m.entertain.naver.com/article/081/0002717832,m0002717832
,2016.05.16,https://m.entertain.naver.com/article/081/0002718594,m0002718594
,2016.05.16,https://m.entertain.naver.com/article/081/0002718524,m0002718524
,2016.05.16,https://m.entertain.naver.com/article/081/0002718549,m0002718549
,2016.05.16,https://m.entertain.naver.com/article/081/0002718633,m0002718633
,2016.05.16,https://m.entertain.naver.com/article/081/0002718338,m0002718338
,2016.05.16,https://m.entertain.naver.com/article/081/0002718479,m0002718479
,2016.05.17,https://m.entertain.naver.com/article/081/0002718828,m0002718828
,2016.05.18,https://m.entertain.naver.com/article/081/0002719426,m0002719426
,2016.05.19,https://m.entertain.naver.com/article/081/0002719748,m0002719748
,2016.05.20,https://m.entertain.naver.com/article/081/0002720197,m0002720197
서울신문,2016.05.22,https://n.news.naver.com/mnews/article/081/0002720687?sid=102,n0002720687
서울신문,2016.05.26,https://n.news.naver.com/mnews/article/081/0002722041?sid=102,n0002722041
,2016.05.27,https://m.entertain.naver.com/article/081/0002722598,m0002722598
,2016.05.27,https://m.entertain.naver.com/article/081/0002722531,m0002722531
,2016.05.27,https://m.entertain.naver.com/article/081/0002722465,m0002722465
,2016.05.27,https://m.entertain.naver.com/article/081/0002722641,m0002722641
,2016.05.30,https://m.entertain.naver.com/article/081/0002723076,m0002723076
,2016.06.03,https://m.entertain.naver.com/article/081/0002725055,m0002725055
,2016.05.12,https://m.entertain.naver.com/article/022/0003053638,m0003053638
,2016.05.13,https://m.entertain.naver.com/article/022/0003054019,m0003054019
,2016.05.13,https://m.entertain.naver.com/article/022/0003053785,m0003053785
,2016.05.13,https://m.entertain.naver.com/article/022/0003053743,m0003053743
,2016.05.13,https://m.entertain.naver.com/article/022/0003053881,m0003053881
,2016.05.13,https://m.entertain.naver.com/article/022/0003053783,m0003053783
세계일보,2016.05.13,https://n.news.naver.com/mnews/article/022/0003054084?sid=102,n0003054084
세계일보,2016.05.13,https://n.news.naver.com/mnews/article/022/0003053770?sid=102,n0003053770
,2016.05.13,https://m.entertain.naver.com/article/022/0003053796,m0003053796
,2016.05.14,https://m.entertain.naver.com/article/022/0003054164,m0003054164
,2016.05.14,https://m.entertain.naver.com/article/022/0003054122,m0003054122
,2016.05.14,https://m.entertain.naver.com/article/022/0003054174,m0003054174
,2016.05.15,https://m.entertain.naver.com/article/022/0003054277,m0003054277
,2016.05.16,https://m.entertain.naver.com/article/022/0003054773,m0003054773
,2016.05.16,https://m.entertain.naver.com/article/022/0003054794,m0003054794
,2016.05.16,https://m.entertain.naver.com/article/022/0003054770,m0003054770
,2016.05.16,https://m.entertain.naver.com/article/022/0003054787,m0003054787
,2016.05.16,https://m.entertain.naver.com/article/022/0003054783,m0003054783
,2016.05.16,https://m.entertain.naver.com/article/022/0003054763,m0003054763
,2016.05.16,https://m.entertain.naver.com/article/022/0003054601,m0003054601
세계일보,2016.05.16,https://n.news.naver.com/mnews/article/022/0003054809?sid=102,n0003054809
,2016.05.16,https://m.entertain.naver.com/article/022/0003054823,m0003054823
,2016.05.16,https://m.entertain.naver.com/article/022/0003054563,m0003054563
,2016.05.18,https://m.entertain.naver.com/article/022/0003055551,m0003055551
,2016.05.18,https://m.entertain.naver.com/article/022/0003055502,m0003055502
,2016.05.18,https://m.entertain.naver.com/article/022/0003055513,m0003055513
,2016.05.19,https://m.entertain.naver.com/article/022/0003055926,m0003055926
,2016.05.21,https://m.entertain.naver.com/article/022/0003056816,m0003056816
,2016.05.21,https://m.entertain.naver.com/article/022/0003056839,m0003056839
,2016.05.22,https://m.entertain.naver.com/article/022/0003057028,m0003057028
,2016.05.22,https://m.entertain.naver.com/article/022/0003057186,m0003057186
세계일보,2016.05.22,https://n.news.naver.com/mnews/article/022/0003057066?sid=102,n0003057066
,2016.05.22,https://m.entertain.naver.com/article/022/0003056934,m0003056934
,2016.05.23,https://m.entertain.naver.com/article/022/0003057441,m0003057441
,2016.05.24,https://m.entertain.naver.com/article/022/0003058077,m0003058077
,2016.05.24,https://m.entertain.naver.com/article/022/0003058082,m0003058082
,2016.05.25,https://m.entertain.naver.com/article/022/0003058254,m0003058254
,2016.05.25,https://m.entertain.naver.com/article/022/0003058242,m0003058242
,2016.05.25,https://m.entertain.naver.com/article/022/0003058245,m0003058245
,2016.05.25,https://m.entertain.naver.com/article/022/0003058243,m0003058243
,2016.05.25,https://m.entertain.naver.com/article/022/0003058247,m0003058247
,2016.05.25,https://m.entertain.naver.com/article/022/0003058249,m0003058249
,2016.05.25,https://m.entertain.naver.com/article/022/0003058252,m0003058252
,2016.05.26,https://m.entertain.naver.com/article/022/0003058926,m0003058926
,2016.05.27,https://m.entertain.naver.com/article/022/0003059038,m0003059038
,2016.05.27,https://m.entertain.naver.com/article/022/0003059117,m0003059117
,2016.05.27,https://m.entertain.naver.com/article/022/0003059047,m0003059047
세계일보,2016.05.28,https://n.news.naver.com/mnews/article/022/0003059523?sid=102,n0003059523
,2016.05.31,https://m.entertain.naver.com/article/022/0003060608,m0003060608
세계일보,2016.06.08,https://n.news.naver.com/mnews/article/022/0003063546?sid=102,n0003063546
세계일보,2016.06.10,https://n.news.naver.com/mnews/article/022/0003064462?sid=110,n0003064462
,2016.05.16,https://m.entertain.naver.com/article/028/0002318333,m0002318333
한겨레,2016.05.18,https://n.news.naver.com/mnews/article/028/0002318593?sid=103,n0002318593
한겨레,2016.05.18,https://n.news.naver.com/mnews/article/028/0002318695?sid=110,n0002318695
,2016.05.21,https://m.entertain.naver.com/article/028/0002318996,m0002318996
한겨레,2016.05.24,https://n.news.naver.com/mnews/article/028/0002319256?sid=105,n0002319256
한겨레,2016.05.25,https://n.news.naver.com/mnews/article/028/0002319499?sid=102,n0002319499
,2016.05.26,https://m.entertain.naver.com/article/028/0002319542,m0002319542
,2016.05.13,https://m.entertain.naver.com/article/469/0000142871,m0000142871
,2016.05.13,https://m.entertain.naver.com/article/469/0000142964,m0000142964
,2016.05.16,https://m.entertain.naver.com/article/469/0000143257,m0000143257
,2016.05.16,https://m.entertain.naver.com/article/469/0000143355,m0000143355
,2016.05.18,https://m.entertain.naver.com/article/469/0000143703,m0000143703
한국일보,2016.06.05,https://n.news.naver.com/mnews/article/469/0000146620?sid=101,n0000146620
