﻿Video_ID,comment_text,comment_likes,comment_date
sZxxzY36BLg,굿 빠디 ㅋㅋㅋㅋㅋㅋㅋㅋㅋㅋㅋㅋㅋㅋㅋㅋㅋㅋㅋㅋㅋ입열지마라 깬다 ㅋㅋㅋㅋㅋㅋㅋㅋㅋㅋㅋㅋㅋㅋㅋㅋㅋㅋㅋㅋㅋㅋㅋㅋㅋ,18.0,2016-05-30T07:50:06Z
sZxxzY36BLg,"댓글에 바디감에 대해 비웃는 분들이 많아 알려드리겠습니다.<br><br>바디감이란 맥주나 커피를 머금었을때 입안에서 느껴지는 밀도감과 중량감을 의미합니다.<br>예를 들면 물을 머금었을때와 우유를<br>머금었을때를 비교하면 됩니다.<br>즉, 입안에서 느껴지는 묵직함과 진한 밀도감을 나타내며 이것에 따라 바디감의 <br>정도를 표현 합니다.<br>바디감이 약한 정도에서 점점 강도가 올라감에 따라<br>워터리, 시럽 , 크리미, 버터리 <br>이러한 비유 표현에 빗대어 표현합니다.<br><br>영상속 바디감이란 설현씨의 날씬한 몸매와 맥주의 바디감을 뜻하는 중의적 표현쯤 되겠네요.",15.0,2016-06-23T12:58:38Z
sZxxzY36BLg,김설현 지금 너의 위치는 대한민국 탑인가 보네. 여기 안티들이 대변해준다. 안티가 많을 수록 탑의 위치인 거다.,15.0,2016-06-23T15:22:13Z
sZxxzY36BLg,개이쁘다 설현이,15.0,2016-06-23T12:06:37Z
sZxxzY36BLg,설현 진짜 예쁘다...,14.0,2016-05-22T16:12:58Z
VC5lDtduX9M,Oh god and I thought KPOP is just filled with cute girls with not much figure but Seolhyun is literally a goddess.,164.0,2017-01-07T00:48:52Z
VC5lDtduX9M,looks like seolhyun got her body back really shapely she was really thin 8 months back ( overworked I guess ),124.0,2016-05-18T18:46:44Z
VC5lDtduX9M,Seolhuyn is a good dancer,123.0,2016-05-20T15:06:29Z
VC5lDtduX9M,I can&#39;t believe Zico is smashing seolhyun!!! OMFG!!!!,59.0,2016-08-10T16:01:46Z
VC5lDtduX9M,Zico is such a lucky guy,56.0,2016-08-18T09:46:15Z
VC5lDtduX9M,I will never get over the fact that whenever heart attack comes up they all kick at different times (and sometimes in different directions lol) omo it makes me cry with laughter so cute ~,50.0,2016-06-10T00:37:23Z
VC5lDtduX9M,seolhyuuunnn ♥,37.0,2016-05-27T00:54:04Z
VC5lDtduX9M,seolhyun bearly did anything lol  love her,26.0,2016-06-03T02:42:44Z
VC5lDtduX9M,haha mina keeping a poker face while making alot of mistakes makes me laughing so hard 😂,26.0,2016-08-31T03:10:43Z
VC5lDtduX9M,Seolhyun ❤️❤️❤️,24.0,2016-11-25T13:45:54Z
VC5lDtduX9M,seolhyun naaaa u r the best,21.0,2016-06-04T02:55:14Z
VC5lDtduX9M,Seolhyun dont even have to think her position cuz shes always at center,21.0,2017-11-25T04:47:06Z
VC5lDtduX9M,chanmi is such a bae... I love her so much,19.0,2016-05-19T22:41:20Z
VC5lDtduX9M,seolhuyn❤,17.0,2016-06-13T05:10:52Z
VC5lDtduX9M,OMG This is so funny !! XD,17.0,2016-05-18T10:22:18Z
VC5lDtduX9M,So funny !!,14.0,2016-05-20T02:17:03Z
VC5lDtduX9M,jimin 💗💗,11.0,2016-08-01T15:10:54Z
geOWVICngtw,I find Yuna the prettiest she s so underrated,153.0,2016-05-19T12:39:50Z
geOWVICngtw,YUNA WITH BLACK HAIR IS HONESTLY MY LIFE &lt;333,148.0,2016-05-20T04:10:44Z
geOWVICngtw,Choa&#39;s tongue is so pretty though,105.0,2016-05-18T19:06:49Z
geOWVICngtw,"<a href=""https://www.youtube.com/watch?v=geOWVICngtw&amp;t=147"">2:27</a> ...i&#39;m dying  !",77.0,2016-05-18T21:47:11Z
geOWVICngtw,I think Yuna is hotter than Seolhyun!,56.0,2016-05-21T16:51:37Z
geOWVICngtw,is just me who think that yoona and exo chen look alike,43.0,2016-05-18T13:23:29Z
geOWVICngtw,Who else here is like MinA?<br>Give me a high five! Me too!,41.0,2016-05-20T06:16:47Z
geOWVICngtw,Yuna is so pretty 😍,39.0,2016-05-21T19:17:33Z
geOWVICngtw,"<a href=""https://www.youtube.com/watch?v=geOWVICngtw&amp;t=71"">1:11</a> Hani =)))))))))))",30.0,2016-05-18T15:02:30Z
geOWVICngtw,omg that sexy yuna shot gave me a heart attack,19.0,2017-03-11T07:07:29Z
geOWVICngtw,I wanna see Chanmi and Hyejeong do this too!,19.0,2016-05-19T11:40:21Z
geOWVICngtw,istg minah is so cute with short hair!!!,18.0,2016-05-18T18:43:40Z
geOWVICngtw,Yuna looks younger and younger as the years pass! 😍😘❤❤,16.0,2016-05-25T20:09:46Z
geOWVICngtw,Yuna in those jeans tho. The body!,16.0,2016-05-22T04:48:23Z
geOWVICngtw,dat Choa&#39;s tongue ( ͡° ͜ʖ ͡°),11.0,2016-05-22T22:45:03Z
Ef0I2aq5xH4,they kept talking in order not to stare too much :D,20.0,2017-01-13T04:46:21Z
wzATR15zyNc,설현이 더 나은데,30.0,2016-05-29T09:59:15Z
wzATR15zyNc,별론데;설현이 훨신 더 나은데,28.0,2016-08-05T12:53:40Z
wzATR15zyNc,뭐어????설현누나를 이기다니 뭔소야!!!!!!!,12.0,2017-01-28T06:04:35Z
wzATR15zyNc,ㅋㅋㅋㅋㅋㅋ 설현몸매를 이겼대,12.0,2016-08-08T15:55:29Z
c0-Arbcl4JM,Goddess Seolhyun so so gorgeous &lt;3 &lt;3,34.0,2016-05-19T10:46:28Z
c0-Arbcl4JM,"are the disliker doing it cause they can&#39;t be there? :P<br>this girl is a goddess, how can anyone be this beautiful!",20.0,2016-05-19T13:37:06Z
c0-Arbcl4JM,"i just fall for her even more with every fancam, goddess seolhyun!",19.0,2016-05-19T19:11:50Z
c0-Arbcl4JM,her voice omg she improved sooo much O////O,12.0,2016-05-20T20:47:18Z
c0-Arbcl4JM,설현은 인간이 아닌거 같다. 하늘에서 내려온 천사임에 틀림없어.,12.0,2016-05-20T06:20:04Z
c0-Arbcl4JM,설현화이팅!!,11.0,2016-05-19T12:58:39Z
IO_d-BQx4_M,연예인이라서 맨날 봐주고 사과받아주고 이해해 주어야 하나요? 지금 저 연예인들 잘 먹고 잘 살고 있어요 이제 이 사건 좀 접어드니깐 또 뜨는거 보세요 옛날에 죽음을 각오하시고 독립하신 분들을 저딴 식으로 말하는건 용납할 수 없습니다,307.0,2016-12-11T12:46:55Z
IO_d-BQx4_M,뭘 최선을 다해 초등학교 역사 공부나 더 하고온나,204.0,2016-08-08T10:36:25Z
IO_d-BQx4_M,눈물연기 ㄷㄷㄷ,167.0,2016-09-14T11:01:56Z
IO_d-BQx4_M,설현이랑 지민이 얼굴보고 뽑은 아이돌의 큰 예인듯,154.0,2016-08-02T02:44:30Z
IO_d-BQx4_M,역사를 모르는자 미래가 없다.<br>이것이 바로 A급 연예인들과 B급의 연예인의 차이다.,142.0,2017-01-06T13:22:37Z
IO_d-BQx4_M,역사몰라서 우는게 아니라 자기 그룹 이미지 망쳐서 인기도 떨어질까봐 우는듯,95.0,2016-12-27T11:21:28Z
IO_d-BQx4_M,AOA특히 설현 좋게봤는데 이제 별로다..그냥 일본으로가지,80.0,2016-05-23T10:47:27Z
IO_d-BQx4_M,6학년인나도아는데,75.0,2016-08-11T05:43:14Z
IO_d-BQx4_M,근데 이건진짜 AOA팬이라도 인정해야됨.안중근 의사를 긴또깡이라고 부르는건 진짜 우리나라의 대한 모욕이나 다름없기 때문에 이건 진짜 인간적으로 쉴드는 치면 안됨,69.0,2016-08-16T12:39:32Z
IO_d-BQx4_M,노래랑 춤잘추면 뭐해..<br>안중근 의사도 모르는데..<br>초등학교에서 역사 다시배우고 와라,37.0,2016-12-30T02:53:26Z
IO_d-BQx4_M,연예인이면 사과하면 꼭 용서해줘야하고 그래야하나 울면 다야..?,36.0,2016-12-29T14:57:33Z
IO_d-BQx4_M,"설현이 한국 홍보대사....<br>ㅋㅋㅋㅋㅋㅋㅋㅋㅋㅋㅋㅋㅋ<br>홍보대사가 역사를 몰라가지고 얼굴만 가지고 홍보잘도 할겠다.<br>그리고 AOA 설현,지민빼고 나머지 멤버들은 개불쌍ㅋㅋㅋ<br>한국 아이돌들의 역사지식문제가 옛날부터 있었지만 지금이라도 재정비가 필요한듯;;",23.0,2016-05-23T08:51:13Z
IO_d-BQx4_M,무식해서 죄송하다고 말해.울고 말하지말고 말하고 울어,20.0,2016-06-25T11:51:10Z
IO_d-BQx4_M,뭘 잘했다고 울어,20.0,2016-05-20T22:10:13Z
IO_d-BQx4_M,무식한것은죄가아니지만<br>역사를모르고 그런 발언을 하다니..죄지,13.0,2017-01-06T12:27:46Z
IO_d-BQx4_M,"개인적인생각입니다.<br>확실히 역사를 모르는것은 굉장히 부끄러운 일입니다.만일 역사를 잘 몰랐다면, 그걸 알고 반성하면 됩니다.<br>설현에게 실망많이 했지만,소수 네티즌분들이 과도할 정도로 비난하지 않으셨으면 합니다.<br>비난하시려면 &#39;우리 역사를 잘 몰랐고,<br>그로인해 많은 사람에게 불쾌감을 주었다&#39;로 비난허셔야지, 무슨 쌩얼이 개판이라는둥,실력없고 얼굴파는 사람이라는둥...<br>그렇게 비난하면 설현을 역사를  몰라서 비난하는게 아니라 그냥 ㅂㄷㅂㄷ하는것 처럼 보이네요.<br>다시 말씀드리지만 개인적인 생각입니다",12.0,2017-02-02T04:59:05Z
IO_d-BQx4_M,난 이쁜데 머리가빈애들보다 평범해도 지적인애들이 백배는 좋더라,11.0,2017-01-29T20:29:57Z
yHIqxy-6Eb8,진짜 저 지폐 만들어졌으면 좋겠다.<br><br>나라 상징하는 돈에 그려져 있는 인물이<br>죄다 조선시대 유생에 현모양처....,36.0,2016-05-15T05:36:48Z
