Office,Date,Link,Identity
경향신문,2016.05.09,https://n.news.naver.com/mnews/article/032/0002697538?sid=101,n0002697538
경향신문,2016.05.09,https://n.news.naver.com/mnews/article/032/0002697750?sid=105,n0002697750
경향신문,2016.05.09,https://n.news.naver.com/mnews/article/032/0002697545?sid=102,n0002697545
경향신문,2016.05.11,https://n.news.naver.com/mnews/article/032/0002698120?sid=102,n0002698120
,2016.05.03,https://m.entertain.naver.com/article/005/0000894636,m0000894636
,2016.05.04,https://m.entertain.naver.com/article/005/0000895009,m0000895009
국민일보,2016.05.10,https://n.news.naver.com/mnews/article/005/0000896739?sid=103,n0000896739
동아일보,2016.05.04,https://n.news.naver.com/mnews/article/020/0002969812?sid=101,n0002969812
,2016.05.06,https://m.entertain.naver.com/article/020/0002970213,m0002970213
동아일보,2016.05.09,https://n.news.naver.com/mnews/article/020/0002970489?sid=102,n0002970489
동아일보,2016.05.10,https://n.news.naver.com/mnews/article/020/0002970926?sid=101,n0002970926
,2016.05.11,https://m.entertain.naver.com/article/020/0002971276,m0002971276
,2016.05.03,https://m.entertain.naver.com/article/081/0002714540,m0002714540
,2016.05.04,https://m.entertain.naver.com/article/081/0002714936,m0002714936
,2016.05.04,https://m.entertain.naver.com/article/081/0002714920,m0002714920
,2016.05.05,https://m.entertain.naver.com/article/081/0002715242,m0002715242
,2016.05.06,https://m.entertain.naver.com/article/081/0002715539,m0002715539
,2016.05.06,https://m.entertain.naver.com/article/081/0002715602,m0002715602
,2016.05.09,https://m.entertain.naver.com/article/081/0002716192,m0002716192
서울신문,2016.05.09,https://n.news.naver.com/mnews/article/081/0002716122?sid=101,n0002716122
,2016.05.10,https://m.entertain.naver.com/article/081/0002716627,m0002716627
,2016.05.03,https://m.entertain.naver.com/article/022/0003050428,m0003050428
,2016.05.05,https://m.entertain.naver.com/article/022/0003051171,m0003051171
,2016.05.05,https://m.entertain.naver.com/article/022/0003051337,m0003051337
세계일보,2016.05.05,https://n.news.naver.com/mnews/article/022/0003051212?sid=102,n0003051212
,2016.05.06,https://m.entertain.naver.com/article/022/0003051497,m0003051497
,2016.05.06,https://m.entertain.naver.com/article/022/0003051452,m0003051452
한겨레,2016.05.04,https://n.news.naver.com/mnews/article/028/0002316949?sid=101,n0002316949
,2016.05.03,https://m.entertain.naver.com/article/469/0000141277,m0000141277
