﻿Video_ID,comment_text,comment_likes,comment_date
HjDpngQUQ0k,안중근도 모르고 이순신 쓰는 것도 망설이는데 오드리 햅번은 어케아냐..  대단하네..,2320.0,2017-01-13T17:14:21Z
HjDpngQUQ0k,안중근 의사는 모욕하지마라  누구도  깔수없는  분이다,1770.0,2016-10-22T23:13:03Z
HjDpngQUQ0k,"<a href=""https://www.youtube.com/watch?v=HjDpngQUQ0k&amp;t=70"">1:10</a> 저 여자 분 &quot;저 이름 잘 몰라요&quot;하면서 돌려깜 사이다ㅋㅋㅋ",1109.0,2018-09-30T14:54:43Z
HjDpngQUQ0k,하늘에서 안중근 의사가 얼마나 한숨을 쉴지..,1056.0,2016-11-09T13:37:19Z
HjDpngQUQ0k,안중근의사 님을......<br>&quot;역사를 잊은민족에게는 미래란없다&quot;<br>안중근 님은진짜 필수에요ㅠ,1037.0,2020-04-28T18:12:23Z
HjDpngQUQ0k,"안중근을 긴또깡이라고 하고, 자기보다 만만한 멤버들 괴롭히고, 펜싸인회에서 다른멤버들이 팬들에게 받은 선물훔쳐가고, 다같이 사용하는 숙소로 남자데려와서 멤버있거나 말거나 ㅅㅅ까지해서 민폐끼치고",938.0,2020-07-05T11:11:54Z
HjDpngQUQ0k,기사 제목 ㅋㅋㅋㅋㅋㅋㅋㅋㅋㅋㅋㅋㅋㅋㅋㅋㅋㅋㅋㅋㅋㅋㅋㅋㅋㅋㅋㅋㅋㅋㅋㅋ 팩폭이다 ㅋㅋㅋㅋㅋㅋ,804.0,2017-01-07T03:21:52Z
HjDpngQUQ0k,역사 무지+왕따 주도=개끔찍한 혼종이다,628.0,2020-07-04T03:23:45Z
HjDpngQUQ0k,와....;;;;내가 aoa팬은 아니지만 안중근의사는 알아야되는거 아닌가....<br>내 초딩1학년인 사촌동생도 안중근의사를 아는데.<br>다른 순국열사들이 없으셨다면 지금의 설현하고 지민이 있었을까.<br>이건 솔직히 쉴드 쳐줄수가 없다.,411.0,2016-05-13T03:38:47Z
HjDpngQUQ0k,다 맟췄다니 말 잘못하셨네 핸드폰 아니였으면 10분의5도 못마춤;;,410.0,2016-10-22T09:33:01Z
HjDpngQUQ0k,난 이때부터 싫었는데 ㅋㅋ,386.0,2020-07-03T09:16:54Z
HjDpngQUQ0k,이것도 재조명되겠누 ㅋㅋ,375.0,2020-07-03T08:32:39Z
HjDpngQUQ0k,"<a href=""https://www.youtube.com/watch?v=HjDpngQUQ0k&amp;t=70"">01:10</a> 이 아줌마 개 사이다 닼ㅋㅋㅋㅋㅋㅋㅋㅋㅋㅋㅋㅋ",356.0,2020-07-05T15:37:03Z
HjDpngQUQ0k,모르는건 둘째치고<br>긴또깡은뭐냨ㅋㅋㅋㅋㅋㅋ,348.0,2016-05-18T14:51:34Z
HjDpngQUQ0k,무식한데다 인성까지🤦‍♀️🤦‍♀️ 사실이라면 극혐..,166.0,2020-07-03T12:47:03Z
HjDpngQUQ0k,무식해도 이건 정도가 심하다  충격이다,158.0,2016-05-14T14:47:49Z
HjDpngQUQ0k,가사는 어케 외우냐,146.0,2020-05-08T01:58:51Z
HjDpngQUQ0k,어떻게 안중근 의사를 모르냐<br>전 세계 어린애들이 다 아는데<br>설현 지민 심각하다<br>기본아니냐 그러니까 얼굴만 보고 하면 안돼   이건 역사 공부 안해도 다 알텐데<br>교육 좀 받아라<br>나 원래 이런 글 잘 안쓰는데<br>좀 심각해서 씁니다<br>참 실망이 큽니다,127.0,2020-05-22T11:13:52Z
HjDpngQUQ0k,aoa가 안티가 생기는 이유가 이래서..,112.0,2016-05-13T11:24:17Z
HjDpngQUQ0k,차라리 모른다고하지.. 깔깔거리면서 긴또깡은 너무했다. 모르면 알면 된다 하지만 자신이 모른다는 사실을 빠르게 인지하고의연하게 대처하고 정중한 모습을 보였으면 좋겠다.,108.0,2016-05-18T15:46:41Z
HjDpngQUQ0k,민아 폭로때문에 들어왔다 손?,107.0,2020-07-03T20:34:12Z
HjDpngQUQ0k,직설적으로 말해서 역겹다 어떻게 저분의 성명도 모르고 심지어 긴토깡? 장난하지마라<br>말이되는소리를해라 아무리 모른다고해도 우리나라 위인 그것도 안중근 의사를 모른다니<br>춤추고 노래하는게다냐 춤추고노래하면 안중근 의사께 긴토깡이라고 해도되는거냐<br>정말 한국인으로써 이해가안되고 정말 증오한다,103.0,2018-07-16T14:24:59Z
HjDpngQUQ0k,진짜 이건 흑역사박제다<br>이건 좀 심하긴하지..,70.0,2020-04-12T16:36:08Z
HjDpngQUQ0k,답 없다 진짜ㅋㅋㅋㅋㅋ 무식의 수준을 벗어났어 저건ㅋㅋㅋㅋㅋㅋㅋㅋㅋㅋㅋㅋㅋㅋ,63.0,2016-05-14T12:03:02Z
HjDpngQUQ0k,이순신보고 팔로알토라고 햇는데 그건 뉴스에 안나오네요 뉴스머하는거지??ㅋㅋㅋ,56.0,2016-05-15T12:37:54Z
HjDpngQUQ0k,진짜 바비인형이다 <br>얼굴만 이쁘고 대가리엔 듣게 없는 ㅋㅋ<br>어떻게 상식도 아니고 기본 중에 기본인뎈 ㅋㅋ<br>진짜 다른 나라 위인은 딱히 몰라도 상관이 없는데.. 어덯게.. 하 내 말이 아깝다..,55.0,2019-02-28T08:21:07Z
HjDpngQUQ0k,설현이 이제 내려갈땐가보다,51.0,2016-05-11T13:33:14Z
HjDpngQUQ0k,솔직히 얼굴을 기억못할수도 있다 여러 위인들이 많고 삶을 항상 위인에 뜻한 인생을 살지 않고 있으니깐 하지만 애들의 태도가 정말 불량했다 아무리 몰라도 그렇지 긴또깡이란 표현은 정말 잘못됐고 한심할정도다 그걸 방송에낸 피디도 정말 무승생각인지;;;;,47.0,2016-05-13T16:56:35Z
HjDpngQUQ0k,"<a href=""https://www.youtube.com/watch?v=HjDpngQUQ0k&amp;t=223"">3:43</a> “설현양 얼마나 이쁘고 아름답고 심성도 착하다고” ㅋㅋㅋㅋㅋㅋㅋㅋㅋㅋ개웃기네",43.0,2020-11-28T18:23:09Z
HjDpngQUQ0k,근데 ㄹㅇ 안중근의사님은 한국사람들 기본 지식 아니냐 초딩인 우리 동생도 아는데 왜 ㅋㅋ <br>난 저때부터 지민 개싫어함,41.0,2020-07-07T17:11:41Z
HjDpngQUQ0k,이완용이라고 말안한게 용하다. 이완용이라고 했으면 진짜 어떻게 됐을까 ㄷㄷ,39.0,2016-05-12T01:58:21Z
HjDpngQUQ0k,긴또깡이라니.. 안중근의사가 지하에서 피눈물을 흘리실듯,37.0,2016-05-13T05:52:17Z
HjDpngQUQ0k,지민이 긴또깡이라 대답할때 옆에서 급하게 폰으로 도요토미 히데요시를 검색하고 있던 한국홍보대사-_- 폰쓰지말라는데도 아주 꿋꿋하게 검색하던 그 모습 참으로 대단했었습니다~ 너무 대단했었으니까 부끄러운줄 알고 역사 공부나 제대로 하세요 다른 방송에선 역사를 잊은 나라한텐 미래가 없다고 하던데....혹시 그게 본인 스스로한테 하는 소리였었나요?,35.0,2016-12-30T05:10:21Z
HjDpngQUQ0k,아무리 역사 지식이 없다해도 저건 기본아님??,30.0,2016-05-11T08:00:49Z
HjDpngQUQ0k,설현은 성형도 이쁘게 하더니 뇌도 성형을 이쁘게 했구나 ^^,30.0,2016-05-13T06:24:47Z
HjDpngQUQ0k,저때 깔끔하게 묻혔어야지 왜 무덤파고나왔냐,28.0,2020-07-06T16:18:08Z
HjDpngQUQ0k,aoa실드치는애들 다 ㄷㅊ고 일단 기초역사 부터 배우고 TV나와라 어떻게 안중근의사를 몰라보냐... 안중근 의사 죄송합니다 같은 대한민국 국민으로써 부끄럽네요...,28.0,2016-05-18T15:41:15Z
HjDpngQUQ0k,초등학교3학년도알겠닼ㅋㅋ쪽팔린줄모르고긴또깡이라고하나..,28.0,2016-05-18T09:08:30Z
HjDpngQUQ0k,어떻게 모를수가 있지? 놀랍다 진짜,24.0,2020-04-22T03:24:52Z
HjDpngQUQ0k,대한민국 사람이라 어디가서 떠들기만해봐,23.0,2020-07-03T17:01:43Z
HjDpngQUQ0k,차라리 모른다하지 긴또깡이 뭐니. . .,22.0,2019-03-30T15:45:57Z
HjDpngQUQ0k,이건 절대 커버쳐줄 수 없고 쳐서도 안된다!!! 모르면 공부하고 알면 된다라고 용서해줄 수 없는 지경이다!!,22.0,2020-08-15T07:44:28Z
HjDpngQUQ0k,지민이 인성 개오지네,22.0,2020-07-03T14:03:18Z
HjDpngQUQ0k,모를순있다 근데 긴또깡 드립은 좀 아니다,22.0,2020-06-30T08:57:56Z
HjDpngQUQ0k,얼굴도 성형하고 뇌도 성형했나...?,20.0,2016-05-13T11:03:16Z
HjDpngQUQ0k,내가 한국사 등급은낮아도 우리나라를 지켜주신분들은 안다..,19.0,2020-07-06T16:42:27Z
HjDpngQUQ0k,아니 초등부터 고등까지도 다아는 독립열사.의사님이다. 소속사야 대중한테 알려지고 티비에 얼굴비춰 돈벌라치면 기본인성. 기본역사쯤은 알려줘야 되지않냐,17.0,2020-07-05T06:44:02Z
HjDpngQUQ0k,진짜 무식하다. 우리 조카도 안중근 의사님 아는데.. 진짜 무식하다.. 속 터진다,16.0,2020-07-07T08:36:53Z
HjDpngQUQ0k,진짜 개멍청하다 저런사람이 한국인이라는게 너무 창피해ㅠㅠㅠㅠ,16.0,2019-06-21T11:28:16Z
HjDpngQUQ0k,2016~2018년 한국방문의 해로 지정하고 그 한국 홍보대사에 설현이 뽑힌건 알고나 있나? 은근슬쩍 쉴드칠 생각마라. 자신의 위치에 맞는 지식과 상식은 갖고 있어야지.,16.0,2016-05-13T15:18:23Z
HjDpngQUQ0k,그래.. 니네 이럴 때부터 알아봤어야 하는데..,15.0,2020-08-11T12:34:29Z
HjDpngQUQ0k,아니 어떻게 안중근 의사를 모르냐?와..진짜 쪽 팔린다 쪽 팔려 ㅉㅉ,14.0,2016-05-14T14:16:14Z
HjDpngQUQ0k,ㅋㅋㅋㅋㅋㅋㅋ재평가,14.0,2020-07-03T06:22:41Z
HjDpngQUQ0k,무식한건 둘째치고 개념이 없는 듯,13.0,2016-05-12T10:28:42Z
HjDpngQUQ0k,또 예능프로라 컨셉이었다.. 웃기려고 그랬다.. 등등 이 ㅈㄹ은 하지말자..,13.0,2016-05-11T11:07:23Z
HjDpngQUQ0k,이건 6살도 안다.,12.0,2020-07-06T14:23:12Z
HjDpngQUQ0k,쟤 조상 친일파임?,12.0,2020-07-06T10:38:57Z
HjDpngQUQ0k,이상한 일본어는 아는데 안중근울 못알아 본다고?..,12.0,2020-07-09T02:31:38Z
HjDpngQUQ0k,전 외국인인데 초등학교 한국에 다니면서 저 위인분들 교과서에서 엄청 많이 나오셨는데... 핵심적인 독립운동가들도 모르시면 진짜 심각하신 것 같네요,11.0,2020-07-06T13:02:24Z
HjDpngQUQ0k,아무리 그래도 그렇지 그냥 다른 한국이름으로 헷갈린것도 아니고 일본식으로 헷갈릴수가 있냐 한국 대표 독립의사를,11.0,2020-07-06T11:48:54Z
HjDpngQUQ0k,미래에서 왔습니다. 지민 인생 ㅈ대요,11.0,2020-07-06T00:44:21Z
HiTt44EmNss,실제로는 저렇게 사이다 병째로 들이키고 말하면. &quot;그러면..끄윽...선배님 이...꺼어어어억..읍..름도 뺄..끄으윽게요...꾸어어어억 이런식으로 됨,344.0,2017-04-25T17:02:26Z
HiTt44EmNss,ㅋㅋㅋㅋㅋㅋㅋㅋㅋ존나 해맑게 그럼 선배님 이름도 뺄게요ㅋㅋㅋㅋㅋㅋㅋㅋ,225.0,2016-05-29T10:40:26Z
HiTt44EmNss,선배님 이름도 뺄께요할때 진짜 예쁘다...,65.0,2016-07-11T14:15:14Z
HiTt44EmNss,이쁘다 설현이...여자들이 열등감에 욕으로 댓글을 달지만 다 씹어 버려라. 몸매 얼굴 완벽한 여자 설현.,34.0,2016-06-12T05:17:08Z
HiTt44EmNss,야 뭔 한 모금 마셨는데 3분의 2가 줄어들어 ㅋㅋㅋㅋ,26.0,2017-11-12T09:18:30Z
HiTt44EmNss,이 선전 맘에드네ㅋㅋㅋ<br>아오 속시원해,23.0,2016-06-23T04:34:30Z
HiTt44EmNss,설현도 좋지만 이광고자체가 너무 좋음,20.0,2017-06-18T16:03:04Z
HiTt44EmNss,무임승차 하지 말자 요즘은 선후배 할 것 없이 죄다 바쁘다고... 그리고 참여하는데 의의를 두지 말고 아이디어좀 긁어모아서라도 내봐...,17.0,2016-06-13T13:59:41Z
HiTt44EmNss,실제로 저러면 안됩니닼ㅋㅋㅋ,12.0,2016-07-12T11:13:50Z
ds_eV5WFNC8,솔직히 이걸 감싸주는 팬들이더 이상함.,642.0,2016-05-17T13:49:13Z
ds_eV5WFNC8,모를수도 있지라고 쉴드 쳐줄 생각하지 맙시다. 저건 대한민국 사람이면 그냥 알고있어야하는 기본상식입니다.아니.. 기본상식이라고 하기도 우습고 그러네요..ㅋ 참으로 안타까운 현실이네요,280.0,2016-05-11T13:07:02Z
ds_eV5WFNC8,브래드 피트는 알고 안중근은 모른다 이거죠??,245.0,2016-05-13T13:53:04Z
ds_eV5WFNC8,우리나라 머임...; 저딴 사람 키우고 ;;안중근 보고 긴또깡이래;; 진짜 저런 사람들은..우리나라에 있으면 안돼...,216.0,2016-08-24T11:07:18Z
ds_eV5WFNC8,설현 몰락의 시작.. 성지순례왔다 갑니다.,212.0,2016-05-12T13:53:01Z
ds_eV5WFNC8,우리 안중근 의사께서 우리나라를위해 네번째손가락첫째 마디를 짤라서 혈서를 썼는데....진짜..우리 안중근의사가 얼마나 대단한데 우리 나라를 위해 이토히로부미한테 3발을 쏘며 하....진짜 말이 안나온다..내 꿈이 역사 관에서 설명해주는 뭐냐 암튼 정말 말이 안나온다..,166.0,2017-01-08T02:56:35Z
ds_eV5WFNC8,aoa이번에진짜실망이다,136.0,2016-05-12T08:51:45Z
ds_eV5WFNC8,내가 참 ㅋㅋㅋㅋㅋ기가차서 한민족이라는게 부끄럽네 패드립먹은거같네 조상님이 잊혀지시니;; 솔직히 저건 빼박이네,115.0,2017-02-01T14:36:26Z
ds_eV5WFNC8,신같은 존재를 긴또깡이라니...,110.0,2016-05-16T08:51:41Z
ds_eV5WFNC8,차라리 김두한이라고 했으면 이정도까지 욕먹진않았을듯.. 일본어인 긴또깡이라니,58.0,2016-05-13T10:39:24Z
ds_eV5WFNC8,"나도 역사를 빠삭하게 아는건 아니지만  솔직히 안중근,이순신은 진<br>짜 기본 역사다..",56.0,2016-05-17T13:04:23Z
ds_eV5WFNC8,고의적 지능형 친일파 아니냐?? 진짜 일본인들이 비웃을거 생각하니까 진심 빡친다. 공인이라면 똑바로 행동해라.,53.0,2016-05-13T02:32:19Z
ds_eV5WFNC8,아니..진짜 어떻게...어떻게...안중근 의사를 모를수가있지...?,41.0,2016-05-11T15:05:29Z
ds_eV5WFNC8,이토 히로부미 라고 힌트를 줘도 모르니... 차라리 윤봉길이라고 했다면... 안타깝네요. 긴또깡 태풍 오래갈듯...,39.0,2016-05-12T06:03:44Z
ds_eV5WFNC8,요즘 연애인은 돈만 먹을려고 그러고 진짜 한심하다,39.0,2016-08-17T06:19:39Z
ds_eV5WFNC8,학교를 단 하루도 가지 않았어도 민족의 영웅이자 지금의 자유를 얻게 해주신 안중근 의사를 모른다는건 어떠한 말로도 납득이 안 간다,35.0,2018-03-22T15:53:13Z
ds_eV5WFNC8,김구선생님 이름을 김귀라고 썼던데,31.0,2016-10-22T04:53:02Z
ds_eV5WFNC8,솔직히 이건 실드 못쳐준다 자업자득이지,28.0,2016-05-13T08:53:21Z
ds_eV5WFNC8,설현 반짝스타됬네 이번거는 대한민국국민으로서 너무했다,23.0,2016-05-12T15:19:58Z
ds_eV5WFNC8,안중근 의사님께 얼마나 욕된일이냐...<br>죄송합니다 ㅠㅠ 정말... 그런 욕보이려고 목숨바쳐 나라를 위하신게 아닐터인데...,19.0,2020-07-06T09:13:31Z
ds_eV5WFNC8,모름은 죄라고했어요,19.0,2016-10-05T16:47:47Z
ds_eV5WFNC8,"세계로 뻗어나갈려면 먼저 우리나라,역사를 사랑하자",18.0,2016-08-31T08:02:47Z
ds_eV5WFNC8,다시 봐도 소름이네 ㅋㅋ 머리통 텅텅~,17.0,2020-07-03T19:49:44Z
ds_eV5WFNC8,확실히 설현하고 지민이 상식이 없었지만 여기서 이상한점은 왜 설현이 지민보다 더 욕을 먹고 있냐다.아무리 지민보다 유명하고 잘나간다 해도 객관적으로 봤을때 긴또강은 지민이 말했고 더 상식이 없었던것 같은데..지민은 욕 먹을만큼 먹었으니 됐고 설현만 남았네 이런 논리인가?정말 안중근 의사님을 몰랐다면 문제가 있는거지만 상식적으로 우리나라 사람이라면 안중근의사님을 들어본적이 없다는게 말이 안되고 얼굴하고 이름이 매칭이 안된것 같다.결론은 확실히 문제가 있지만 몇몇 안티들이 이 사건을 부풀려서 설현을 긴또강이라고 말했다고 하고 안중근 의사님 얼굴을 모르는게 아니라 안중근의사님을 모른다고 해서 일이 커진것 같다,15.0,2017-02-03T12:59:55Z
ds_eV5WFNC8,와우~지엄마보고 김정은이라고 하는거랑 뭐가다름?,14.0,2017-02-22T16:27:03Z
ds_eV5WFNC8,aoa역사공부 시켜야할 것 같습니다. 우리나라 걸그룹이 안중근 의사를 모르다니요ㅠ,13.0,2016-05-12T09:43:37Z
ds_eV5WFNC8,몸만 돌리고 세상 어떻게 돌아가는지 관심없고 어떻게하면 인기많이얻어 돈 많이 벌지 밖에 모르는데 안중근의사님을 알겠냐<br><br>대충넘어가지마라 한국인이면 군대를 가야되는것처럼 독립투사분들의 은혜도 모르는건 있을 수 없다<br><br>긴또깡이라고? 개 빡도네 김두한이 들었으면 똥물 뿌렸을 거다<br><br>학교 제대로 가고 말고가 아니라 아니 기본아니냐 책이라도 읽고 정치나 한국역사에 조금만 관심가져도 알만한건데 동영상에서 변호하는 사람들봐라 어이없네,13.0,2016-05-12T15:26:02Z
ds_eV5WFNC8,"대한민국에서 2017학년도 수능부터 한국사를 필수로 보게한것은 정말 잘한정책인것 같습니다. 제 친구들에게 안중근,안창호를 물어봤더니, 그들이 한 업적을 잘 모르거나 헷갈리는 애들이 대부분이더군요. 안창호선생님의 업적을 윤봉길 의사와 헷갈려하는 친구들도 있고요. 기본상식이라지만, 기본상식도 없는 대한민국사람들 종종 있는것 같습니다. 부끄럽네요..",12.0,2016-05-22T06:45:27Z
ds_eV5WFNC8,한국 홍보대사라면서 긴또깡?? 진짜 어의 없닼ㅋ,11.0,2017-08-21T03:54:02Z
ds_eV5WFNC8,쇼케이스 에서 눈물짜내느라 힘들었다 설현아;;너의 그 진실성없는 눈물에  우리가 넘어갈것같았니?인성치곤 참..,11.0,2017-01-20T14:17:43Z
aKXGepY1hco,가사 외울 대가리는 있고 역사 지식 습득할 대가리는 없냐? 내가 가장 화가나는건 설현 모교 경기예고 옆에 안중근 공원이 있는데 너무한거 아니냐,19.0,2016-05-13T04:31:08Z
aKXGepY1hco,여태껏 뭐 배워왔냐^^ 컨셉도 참 뭐같이 잡았네^^,13.0,2016-12-28T12:49:12Z
aKXGepY1hco,이런게 실시간에도 안오르고 영상은 계속 삭제되고있으니..ㅉ 돈 좀 쓰고있나보지?,13.0,2016-05-11T14:11:21Z
EZgG2FMWc8o,ㅁㅊ 갑자기 영상추천에 막 뜨네 홀쉣,33.0,2020-07-05T02:44:53Z
EZgG2FMWc8o,제발  이싸패영상은안떠도됨     왜자꾸떠.... 유트뷰야일하지마ㅠㅠ,23.0,2020-07-05T09:14:55Z
EZgG2FMWc8o,면상 꼴도보기싫은데 계쏙 떠,12.0,2020-07-06T05:51:47Z
EZgG2FMWc8o,술이취하면 민아을 괴롭힌다!!,11.0,2020-07-05T11:00:59Z
UV2py8B-gls,그 잔꾀로 민아 괴롭히니깐 애가 힘들지,46.0,2020-07-04T14:56:07Z
UV2py8B-gls,알고리즘 power,13.0,2020-07-04T04:14:59Z
UV2py8B-gls,그만보고싶다 추천그만 ㅠㅠ,11.0,2020-07-05T11:08:01Z
