Office,Date,Link,Identity
경향신문,2016.04.05,https://n.news.naver.com/mnews/article/032/0002689166?sid=102,n0002689166
경향신문,2016.04.06,https://n.news.naver.com/mnews/article/032/0002689569?sid=102,n0002689569
경향신문,2016.04.06,https://n.news.naver.com/mnews/article/032/0002689544?sid=103,n0002689544
경향신문,2016.04.07,https://n.news.naver.com/mnews/article/032/0002689824?sid=104,n0002689824
경향신문,2016.04.08,https://n.news.naver.com/mnews/article/032/0002690311?sid=100,n0002690311
,2016.04.12,https://m.entertain.naver.com/article/032/0002691045,m0002691045
,2016.04.12,https://m.entertain.naver.com/article/032/0002691044,m0002691044
국민일보,2016.04.03,https://n.news.naver.com/mnews/article/005/0000885701?sid=103,n0000885701
,2016.04.06,https://m.entertain.naver.com/article/005/0000886707,m0000886707
국민일보,2016.04.07,https://n.news.naver.com/mnews/article/005/0000887010?sid=102,n0000887010
국민일보,2016.04.08,https://n.news.naver.com/mnews/article/005/0000887446?sid=100,n0000887446
국민일보,2016.04.08,https://n.news.naver.com/mnews/article/005/0000887500?sid=100,n0000887500
국민일보,2016.04.08,https://n.news.naver.com/mnews/article/005/0000887423?sid=100,n0000887423
국민일보,2016.04.08,https://n.news.naver.com/mnews/article/005/0000887421?sid=100,n0000887421
국민일보,2016.04.08,https://n.news.naver.com/mnews/article/005/0000887538?sid=100,n0000887538
국민일보,2016.04.09,https://n.news.naver.com/mnews/article/005/0000887580?sid=103,n0000887580
국민일보,2016.04.10,https://n.news.naver.com/mnews/article/005/0000887864?sid=103,n0000887864
국민일보,2016.04.10,https://n.news.naver.com/mnews/article/005/0000887698?sid=100,n0000887698
국민일보,2016.04.10,https://n.news.naver.com/mnews/article/005/0000887779?sid=103,n0000887779
,2016.04.11,https://m.entertain.naver.com/article/005/0000887911,m0000887911
국민일보,2016.04.13,https://n.news.naver.com/mnews/article/005/0000888690?sid=100,n0000888690
국민일보,2016.04.13,https://n.news.naver.com/mnews/article/005/0000888728?sid=100,n0000888728
국민일보,2016.04.13,https://n.news.naver.com/mnews/article/005/0000888715?sid=100,n0000888715
국민일보,2016.04.13,https://n.news.naver.com/mnews/article/005/0000888678?sid=100,n0000888678
국민일보,2016.04.16,https://n.news.naver.com/mnews/article/005/0000889580?sid=103,n0000889580
국민일보,2016.04.16,https://n.news.naver.com/mnews/article/005/0000889582?sid=103,n0000889582
국민일보,2016.04.21,https://n.news.naver.com/mnews/article/005/0000890977?sid=103,n0000890977
국민일보,2016.04.24,https://n.news.naver.com/mnews/article/005/0000891723?sid=103,n0000891723
국민일보,2016.04.30,https://n.news.naver.com/mnews/article/005/0000893791?sid=103,n0000893791
국민일보,2016.04.30,https://n.news.naver.com/mnews/article/005/0000893789?sid=103,n0000893789
,2016.04.04,https://m.entertain.naver.com/article/020/0002961085,m0002961085
,2016.04.04,https://m.entertain.naver.com/article/020/0002960959,m0002960959
,2016.04.06,https://m.entertain.naver.com/article/020/0002962134,m0002962134
,2016.04.06,https://m.entertain.naver.com/article/020/0002962146,m0002962146
,2016.04.06,https://m.entertain.naver.com/article/020/0002962113,m0002962113
동아일보,2016.04.06,https://n.news.naver.com/mnews/article/020/0002962136,ncle/020/00
,2016.04.07,https://m.entertain.naver.com/article/020/0002962393,m0002962393
,2016.04.07,https://m.entertain.naver.com/article/020/0002962459,m0002962459
동아일보,2016.04.08,https://n.news.naver.com/mnews/article/020/0002962585?sid=102,n0002962585
,2016.04.08,https://m.entertain.naver.com/article/020/0002962821,m0002962821
,2016.04.09,https://m.entertain.naver.com/article/020/0002962997,m0002962997
,2016.04.09,https://m.entertain.naver.com/article/020/0002963019,m0002963019
,2016.04.11,https://m.entertain.naver.com/article/020/0002963245,m0002963245
,2016.04.11,https://m.entertain.naver.com/article/020/0002963248,m0002963248
,2016.04.12,https://m.entertain.naver.com/article/020/0002963712,m0002963712
동아일보,2016.04.13,https://n.news.naver.com/mnews/article/020/0002963913?sid=102,n0002963913
동아일보,2016.04.14,https://n.news.naver.com/mnews/article/020/0002964005?sid=100,n0002964005
,2016.04.15,https://m.entertain.naver.com/article/020/0002964514,m0002964514
,2016.04.15,https://m.entertain.naver.com/article/020/0002964636,m0002964636
,2016.04.20,https://m.entertain.naver.com/article/020/0002965786,m0002965786
,2016.04.27,https://m.entertain.naver.com/article/020/0002967754,m0002967754
동아일보,2016.04.29,https://n.news.naver.com/mnews/article/020/0002968403?sid=101,n0002968403
,2016.04.30,https://m.entertain.naver.com/article/020/0002968807,m0002968807
문화일보,2016.04.15,https://n.news.naver.com/mnews/article/021/0002272227?sid=103,n0002272227
,2016.04.03,https://m.entertain.naver.com/article/081/0002703988,m0002703988
,2016.04.04,https://m.entertain.naver.com/article/081/0002704282,m0002704282
서울신문,2016.04.04,https://n.news.naver.com/mnews/article/081/0002704121?sid=101,n0002704121
,2016.04.05,https://m.entertain.naver.com/article/081/0002704580,m0002704580
서울신문,2016.04.05,https://n.news.naver.com/mnews/article/081/0002704741?sid=100,n0002704741
,2016.04.06,https://m.entertain.naver.com/article/081/0002705357,m0002705357
,2016.04.06,https://m.entertain.naver.com/article/081/0002705255,m0002705255
,2016.04.06,https://m.entertain.naver.com/article/081/0002705378,m0002705378
서울신문,2016.04.07,https://n.news.naver.com/mnews/article/081/0002705791?sid=100,n0002705791
,2016.04.07,https://m.entertain.naver.com/article/081/0002705609,m0002705609
서울신문,2016.04.07,https://n.news.naver.com/mnews/article/081/0002705689?sid=100,n0002705689
,2016.04.08,https://m.entertain.naver.com/article/081/0002706246,m0002706246
,2016.04.08,https://m.entertain.naver.com/article/081/0002705989,m0002705989
,2016.04.08,https://m.entertain.naver.com/article/081/0002706094,m0002706094
서울신문,2016.04.08,https://n.news.naver.com/mnews/article/081/0002706135?sid=100,n0002706135
서울신문,2016.04.08,https://n.news.naver.com/mnews/article/081/0002706217?sid=100,n0002706217
서울신문,2016.04.08,https://n.news.naver.com/mnews/article/081/0002706097?sid=100,n0002706097
,2016.04.08,https://m.entertain.naver.com/article/081/0002706106,m0002706106
,2016.04.08,https://m.entertain.naver.com/article/081/0002706102,m0002706102
,2016.04.08,https://m.entertain.naver.com/article/081/0002706105,m0002706105
,2016.04.08,https://m.entertain.naver.com/article/081/0002706108,m0002706108
,2016.04.09,https://m.entertain.naver.com/article/081/0002706400,m0002706400
,2016.04.09,https://m.entertain.naver.com/article/081/0002706385,m0002706385
,2016.04.09,https://m.entertain.naver.com/article/081/0002706333,m0002706333
,2016.04.09,https://m.entertain.naver.com/article/081/0002706357,m0002706357
서울신문,2016.04.09,https://n.news.naver.com/mnews/article/081/0002706257?sid=100,n0002706257
서울신문,2016.04.09,https://n.news.naver.com/mnews/article/081/0002706335?sid=100,n0002706335
,2016.04.10,https://m.entertain.naver.com/article/081/0002706559,m0002706559
,2016.04.10,https://m.entertain.naver.com/article/081/0002706550,m0002706550
,2016.04.11,https://m.entertain.naver.com/article/081/0002706709,m0002706709
,2016.04.11,https://m.entertain.naver.com/article/081/0002706572,m0002706572
,2016.04.12,https://m.entertain.naver.com/article/081/0002707421,m0002707421
,2016.04.12,https://m.entertain.naver.com/article/081/0002707431,m0002707431
서울신문,2016.04.12,https://n.news.naver.com/mnews/article/081/0002707269?sid=100,n0002707269
서울신문,2016.04.13,https://n.news.naver.com/mnews/article/081/0002707608?sid=100,n0002707608
,2016.04.13,https://m.entertain.naver.com/article/081/0002707471,m0002707471
,2016.04.14,https://m.entertain.naver.com/article/081/0002708322,m0002708322
,2016.04.15,https://m.entertain.naver.com/article/081/0002708510,m0002708510
,2016.04.15,https://m.entertain.naver.com/article/081/0002708649,m0002708649
,2016.04.15,https://m.entertain.naver.com/article/081/0002708516,m0002708516
서울신문,2016.04.15,https://n.news.naver.com/mnews/article/081/0002708622?sid=103,n0002708622
,2016.04.16,https://m.entertain.naver.com/article/081/0002708825,m0002708825
,2016.04.16,https://m.entertain.naver.com/article/081/0002708683,m0002708683
서울신문,2016.04.18,https://n.news.naver.com/mnews/article/081/0002709186?sid=100,n0002709186
,2016.04.23,https://m.entertain.naver.com/article/081/0002711361,m0002711361
,2016.04.25,https://m.entertain.naver.com/article/081/0002711887,m0002711887
,2016.04.26,https://m.entertain.naver.com/article/081/0002712063,m0002712063
,2016.04.27,https://m.entertain.naver.com/article/081/0002712679,m0002712679
,2016.04.30,https://m.entertain.naver.com/article/081/0002713621,m0002713621
,2016.04.30,https://m.entertain.naver.com/article/081/0002713634,m0002713634
,2016.04.30,https://m.entertain.naver.com/article/081/0002713609,m0002713609
세계일보,2016.04.03,https://n.news.naver.com/mnews/article/022/0003039404?sid=102,n0003039404
,2016.04.05,https://m.entertain.naver.com/article/022/0003040191,m0003040191
세계일보,2016.04.05,https://n.news.naver.com/mnews/article/022/0003040347?sid=100,n0003040347
세계일보,2016.04.06,https://n.news.naver.com/mnews/article/022/0003040820?sid=102,n0003040820
,2016.04.06,https://m.entertain.naver.com/article/022/0003040832,m0003040832
,2016.04.06,https://m.entertain.naver.com/article/022/0003040791,m0003040791
,2016.04.07,https://m.entertain.naver.com/article/022/0003040999,m0003040999
,2016.04.07,https://m.entertain.naver.com/article/022/0003040963,m0003040963
,2016.04.07,https://m.entertain.naver.com/article/022/0003040979,m0003040979
세계일보,2016.04.07,https://n.news.naver.com/mnews/article/022/0003041316?sid=103,n0003041316
,2016.04.08,https://m.entertain.naver.com/article/022/0003041514,m0003041514
,2016.04.08,https://m.entertain.naver.com/article/022/0003041518,m0003041518
,2016.04.08,https://m.entertain.naver.com/article/022/0003041525,m0003041525
,2016.04.08,https://m.entertain.naver.com/article/022/0003041732,m0003041732
,2016.04.08,https://m.entertain.naver.com/article/022/0003041508,m0003041508
,2016.04.08,https://m.entertain.naver.com/article/022/0003041512,m0003041512
,2016.04.08,https://m.entertain.naver.com/article/022/0003041524,m0003041524
,2016.04.08,https://m.entertain.naver.com/article/022/0003041516,m0003041516
,2016.04.08,https://m.entertain.naver.com/article/022/0003041515,m0003041515
,2016.04.08,https://m.entertain.naver.com/article/022/0003041507,m0003041507
세계일보,2016.04.09,https://n.news.naver.com/mnews/article/022/0003041865?sid=102,n0003041865
세계일보,2016.04.09,https://n.news.naver.com/mnews/article/022/0003041870?sid=102,n0003041870
세계일보,2016.04.09,https://n.news.naver.com/mnews/article/022/0003041823?sid=101,n0003041823
,2016.04.09,https://m.entertain.naver.com/article/022/0003041802,m0003041802
세계일보,2016.04.09,https://n.news.naver.com/mnews/article/022/0003041808?sid=102,n0003041808
,2016.04.09,https://m.entertain.naver.com/article/022/0003041835,m0003041835
,2016.04.10,https://m.entertain.naver.com/article/022/0003041958,m0003041958
,2016.04.10,https://m.entertain.naver.com/article/022/0003041953,m0003041953
세계일보,2016.04.10,https://n.news.naver.com/mnews/article/022/0003041995?sid=100,n0003041995
,2016.04.11,https://m.entertain.naver.com/article/022/0003042204,m0003042204
,2016.04.11,https://m.entertain.naver.com/article/022/0003042203,m0003042203
,2016.04.11,https://m.entertain.naver.com/article/022/0003042240,m0003042240
,2016.04.11,https://m.entertain.naver.com/article/022/0003042384,m0003042384
,2016.04.12,https://m.entertain.naver.com/article/022/0003042862,m0003042862
,2016.04.12,https://m.entertain.naver.com/article/022/0003042859,m0003042859
,2016.04.12,https://m.entertain.naver.com/article/022/0003042881,m0003042881
,2016.04.12,https://m.entertain.naver.com/article/022/0003042907,m0003042907
,2016.04.12,https://m.entertain.naver.com/article/022/0003042840,m0003042840
,2016.04.12,https://m.entertain.naver.com/article/022/0003042813,m0003042813
,2016.04.12,https://m.entertain.naver.com/article/022/0003042858,m0003042858
,2016.04.12,https://m.entertain.naver.com/article/022/0003042880,m0003042880
,2016.04.12,https://m.entertain.naver.com/article/022/0003042940,m0003042940
,2016.04.12,https://m.entertain.naver.com/article/022/0003042874,m0003042874
,2016.04.13,https://m.entertain.naver.com/article/022/0003043104,m0003043104
,2016.04.13,https://m.entertain.naver.com/article/022/0003043089,m0003043089
,2016.04.13,https://m.entertain.naver.com/article/022/0003043116,m0003043116
,2016.04.13,https://m.entertain.naver.com/article/022/0003043084,m0003043084
,2016.04.13,https://m.entertain.naver.com/article/022/0003043192,m0003043192
,2016.04.14,https://m.entertain.naver.com/article/022/0003043801,m0003043801
,2016.04.15,https://m.entertain.naver.com/article/022/0003043815,m0003043815
,2016.04.17,https://m.entertain.naver.com/article/022/0003044287,m0003044287
세계일보,2016.04.18,https://n.news.naver.com/mnews/article/022/0003044606?sid=100,n0003044606
,2016.04.20,https://m.entertain.naver.com/article/022/0003045537,m0003045537
,2016.04.22,https://m.entertain.naver.com/article/022/0003046685,m0003046685
,2016.04.22,https://m.entertain.naver.com/article/022/0003046416,m0003046416
,2016.04.22,https://m.entertain.naver.com/article/022/0003046682,m0003046682
,2016.04.23,https://m.entertain.naver.com/article/022/0003046692,m0003046692
,2016.04.23,https://m.entertain.naver.com/article/022/0003046781,m0003046781
,2016.04.30,https://m.entertain.naver.com/article/022/0003049326,m0003049326
,2016.04.30,https://m.entertain.naver.com/article/022/0003049376,m0003049376
세계일보,2016.04.30,https://n.news.naver.com/mnews/article/022/0003049399?sid=102,n0003049399
세계일보,2016.04.30,https://n.news.naver.com/mnews/article/022/0003049339?sid=102,n0003049339
,2016.04.30,https://m.entertain.naver.com/article/022/0003049355,m0003049355
,2016.04.30,https://m.entertain.naver.com/article/022/0003049298,m0003049298
세계일보,2016.05.01,https://n.news.naver.com/mnews/article/022/0003049433?sid=102,n0003049433
한겨레,2016.04.08,https://n.news.naver.com/mnews/article/028/0002313868?sid=102,n0002313868
한겨레,2016.04.23,https://n.news.naver.com/mnews/article/028/0002315613?sid=105,n0002315613
한겨레,2016.04.27,https://n.news.naver.com/mnews/article/028/0002316199?sid=102,n0002316199
한국일보,2016.04.03,https://n.news.naver.com/mnews/article/469/0000136082?sid=110,n0000136082
,2016.04.12,https://m.entertain.naver.com/article/469/0000137724,m0000137724
,2016.04.12,https://m.entertain.naver.com/article/469/0000137677,m0000137677
한국일보,2016.04.13,https://n.news.naver.com/mnews/article/469/0000137840?sid=102,n0000137840
한국일보,2016.04.13,https://n.news.naver.com/mnews/article/469/0000137757?sid=100,n0000137757
