﻿Video_ID,comment_text,comment_likes,comment_date
_1LNQhJRIak,그냥..내려오면 되는걸..,188.0,2019-01-01T01:52:05Z
_1LNQhJRIak,"<a href=""https://www.youtube.com/watch?v=_1LNQhJRIak&amp;t=272"">4:32</a> 오씨,,,",76.0,2019-12-31T14:08:43Z
_1LNQhJRIak,왜 설현이랑 아이린이 있는것같지..??,76.0,2019-01-01T06:43:39Z
_1LNQhJRIak,왕....? 설현 연기 왜저럼....?,51.0,2019-01-01T06:36:14Z
_1LNQhJRIak,날아가는 씨지 왜케웃기냨ㅋㅋㅋㄱㄲ,48.0,2015-10-31T17:52:56Z
_1LNQhJRIak,"<a href=""https://www.youtube.com/watch?v=_1LNQhJRIak&amp;t=116"">1:56</a>에 풍선들고 있던애가 왜 웃고있는 것 같지?..",44.0,2018-12-31T10:40:38Z
_1LNQhJRIak,와 이거 보는 사람 개많았구나...2000만 실화냐고 ㅠㅠㅠㅠㅠㅠㅠㅠ 나 어렸을때 많이봤는데,43.0,2021-01-15T15:55:24Z
_1LNQhJRIak,와. 나도 뱀파이어였으면. 좋았겠댜ㅜ,38.0,2018-12-30T14:27:32Z
_1LNQhJRIak,"Thats some final destination shit, without the dying lol wtf",38.0,2017-02-07T12:16:54Z
_1LNQhJRIak,아 웹툰 존나재밋게 봤는데 ..약간 좀 유치하긴해ㅠㅠㅠ,33.0,2019-12-31T03:28:06Z
_1LNQhJRIak,하..... 땀난다..... 진짜 못보겠다.....<br>나 방금 화이보고 왔단말이야....,30.0,2018-12-22T07:01:13Z
_1LNQhJRIak,흠... 종현 나올때 twilight 인줄...,28.0,2015-06-05T20:32:13Z
_1LNQhJRIak,"<a href=""https://www.youtube.com/watch?v=_1LNQhJRIak&amp;t=276"">4:36</a> 시력 개좋네",23.0,2020-05-17T19:41:03Z
_1LNQhJRIak,He needs some of Frank&#39;s hot sauce.,23.0,2019-03-31T21:19:43Z
_1LNQhJRIak,? 설현뭐야...연기왜저래,23.0,2019-01-30T01:19:45Z
_1LNQhJRIak,이종현진짜짱멋있어ㅓ.. ♥,22.0,2015-06-01T08:38:06Z
_1LNQhJRIak,이 드라마 발연기와 막장전개 최고봉이네,21.0,2019-03-16T05:52:29Z
_1LNQhJRIak,"<a href=""https://www.youtube.com/watch?v=_1LNQhJRIak&amp;t=263"">4:23</a>오씨 깜짝이야",21.0,2019-12-31T14:08:22Z
_1LNQhJRIak,아이는... 한순간에도... 풍선을 놓지 않았다고 한다...(결국 풍선 구하려고 위로 올라 간거 ㅋ),21.0,2019-05-12T14:54:07Z
_1LNQhJRIak,누가 설현으로부터 우리 진구씨를 구해주세요...,18.0,2021-06-20T15:19:35Z
_1LNQhJRIak,Seolhyun😍😘,18.0,2018-02-11T09:44:15Z
_1LNQhJRIak,crazy but she knew WHat score was cards here watching a song so I don&#39;t know what I can do so maybe the best of the world cup competitions last in the world cup children&#39;s lullaby baby clap clap clap clap clap clap clap clap clap clap clap BBC<br>P and the crazy crazy and everything&#39;s going to be,17.0,2019-03-14T18:37:49Z
_1LNQhJRIak,ㅅㅂ 이종현 이때 레전드 였는데 왜 사고쳐선... 정준영이랑 괜히 어울렸자너....,17.0,2019-03-14T15:34:25Z
_1LNQhJRIak,너무재미고구해주는거도감동이다뱀파이어인데난햇빗애도안죽고칼로배어도안죽어하핳하라하ㅏㅎ하하ㅏ핳하,16.0,2019-01-02T11:33:42Z
_1LNQhJRIak,What is this ?? Final destination x supernatural???,15.0,2018-09-30T15:39:22Z
_1LNQhJRIak,여진구 ㅠ💋💗💗💗전가 머싯는데 ㅠ 아프지마,15.0,2020-01-01T05:07:20Z
_1LNQhJRIak,Cool,15.0,2018-03-08T13:48:07Z
_1LNQhJRIak,오렌지 마말레이드 정말 재밌게 봤다 ㄹㅇ...,14.0,2020-02-05T22:11:22Z
_1LNQhJRIak,What drama is tis? I dont understand korea hehe,14.0,2018-02-20T16:01:10Z
_1LNQhJRIak,"<a href=""https://www.youtube.com/watch?v=_1LNQhJRIak&amp;t=274"">4:34</a> 😥😯😟😦",14.0,2018-10-20T05:27:27Z
_1LNQhJRIak,"<a href=""https://www.youtube.com/watch?v=_1LNQhJRIak&amp;t=299"">4:59</a> ... 와.....이ㅆㅣ 미쳐땃...!!!",14.0,2020-03-16T06:28:02Z
_1LNQhJRIak,Кто тут русский ставь👍,14.0,2018-09-30T09:38:15Z
_1LNQhJRIak,댓글들 왜 다 움츠려계세요..드라마욕은아니라는둥ㅜㅜㅜㅜ 비판정도야 할수있는건데 우리나라사람들은 그정도도 포용못하나; 맘에안든다고 얘기할수도있지 그럼니가연기하라는둥 보질말라는둥ㅋㅋㅋㅋㅋㅋ 진짜 팬이라면서 무조건 비판하는사람들 물고늘어지는거 극혐; 연예인은좋은데 항상팬때문에 이미지망치네ㅋㅋㅋ 비판도좀해줘야 더나아지는거아닌가 그렇다고 비판이란핑계로 ㅁㅊㄴ이다 뭐다 쌍욕퍼붓는것도아닌데 자제좀해주세요제발ㅜㅜ,14.0,2015-10-02T19:36:46Z
_1LNQhJRIak,The drama name: Orange Marmalade,13.0,2019-09-24T23:32:56Z
_1LNQhJRIak,이거  ㄹㅇ  개 재밌네,13.0,2019-12-31T12:54:45Z
_1LNQhJRIak,я тоже русский👍,13.0,2018-10-27T03:56:21Z
_1LNQhJRIak,그와중에 나는 여진구 핏줄밖에 안보인다..,12.0,2018-12-26T15:17:39Z
_1LNQhJRIak,"스토리가 원작으론 안가고 엉뚱한반전이있지만<br>그래도 계속 봐바야지,..",12.0,2015-05-29T16:00:32Z
_1LNQhJRIak,딱걸림?! 😆,12.0,2015-12-20T08:20:51Z
_1LNQhJRIak,"to anyone wondering the name of this drama, this is orange marmalade. i enjoyed this drama, and there is also the webtoon version of it.",11.0,2019-04-14T18:11:27Z
_1LNQhJRIak,What is flim name?,11.0,2018-08-18T06:34:22Z
_1LNQhJRIak,뭐야 사람들 왜 다 며칠 전이여,11.0,2020-01-07T10:06:46Z
_1LNQhJRIak,웹툰에서 시우(이종현) 최애였는 데 여긴 왜... 이런... 어째서...,11.0,2019-03-30T05:42:56Z
_1LNQhJRIak,Why Kim Seolhyun?,11.0,2019-02-22T07:41:05Z
K0--keeaXjc,이쁘다설현ㅜㅜ여자가봐도이쁨,410.0,2015-02-13T09:46:48Z
K0--keeaXjc,we all know why we are seeing this video,195.0,2014-11-11T15:22:39Z
K0--keeaXjc,"<a href=""https://www.youtube.com/watch?v=K0--keeaXjc&amp;t=12"">0:12</a> ㅗㅜㅑ",175.0,2019-04-18T14:04:30Z
K0--keeaXjc,"<a href=""https://www.youtube.com/watch?v=K0--keeaXjc&amp;t=95"">1:35</a>",145.0,2017-04-30T15:23:03Z
K0--keeaXjc,"<a href=""https://www.youtube.com/watch?v=K0--keeaXjc&amp;t=126"">2:06</a>초에도설현속바지보임",121.0,2017-04-29T09:22:04Z
K0--keeaXjc,아너무심하잖아AOA가리고나와도 <br>이쁠텐데 왜저런의상을입혀 쟤네도 사람이라<br>수치스러울수도있는데,104.0,2015-10-26T15:41:20Z
K0--keeaXjc,"<a href=""https://www.youtube.com/watch?v=K0--keeaXjc&amp;t=10"">0:10</a>",94.0,2020-04-15T14:16:44Z
K0--keeaXjc,짧은건인정하는데<br>설현이키가커서같은걸입어도더짧아보일수도있어요,88.0,2015-12-04T08:03:41Z
K0--keeaXjc,아무리 그래도 이건 좀 너무 하자나 ㅠㅠ,51.0,2018-08-20T22:18:18Z
K0--keeaXjc,"Seolhyun is so beautiful.  Her sexy downcast eyes (<a href=""https://www.youtube.com/watch?v=K0--keeaXjc&amp;t=68"">1:08</a>~<a href=""https://www.youtube.com/watch?v=K0--keeaXjc&amp;t=76"">1:16</a>)  reminds me of Nakamori Akina in her youth who was Japanese super idol in 1980&#39;s.",44.0,2015-09-28T07:32:56Z
K0--keeaXjc,I&#39;m in love with Seolyhyun &amp; Jimin,43.0,2015-08-17T16:45:32Z
K0--keeaXjc,my heart is beating ¡¡¡¡,36.0,2014-10-17T00:34:38Z
K0--keeaXjc,"<a href=""https://www.youtube.com/watch?v=K0--keeaXjc&amp;t=40"">0:40</a> 지민봐..<br>코디야 너도 저 옷 입고 저 무대에서 저 춤 춰라",32.0,2017-06-06T04:00:22Z
K0--keeaXjc,My heart start to beat more faster. For a moment I felt between angels!!!,31.0,2014-12-21T16:06:02Z
K0--keeaXjc,im living in the wrong country OMG,31.0,2019-08-14T03:09:16Z
K0--keeaXjc,살왜이래빠짐......,30.0,2015-06-17T14:12:19Z
K0--keeaXjc,여자가 봐도 너무 이쁜데....,29.0,2018-04-26T14:23:55Z
K0--keeaXjc,의상이... 저건 심쿵해 같당 ㅇㅅㅇ,29.0,2016-05-11T16:34:59Z
K0--keeaXjc,설현 이쁘다💗,28.0,2016-10-23T04:08:53Z
K0--keeaXjc,다 치마길이가 같은것 같은데<br>설현언니가 키가 커서 치마길이가 더 짧은것 같아요ㅠ,27.0,2019-01-07T03:34:49Z
K0--keeaXjc,봄 바람이 부는것같아 ㅠㅠ 언니 진짜 이쁩니다...,23.0,2017-01-25T16:11:06Z
K0--keeaXjc,"She looks sweet, what is her name? anyone can tell me?",23.0,2014-10-17T16:19:55Z
K0--keeaXjc,아무리 제목이 짧은 치마여도 너무 짧은거 아니냐 인간적으로 ㅠㅠㅜ,23.0,2018-12-03T10:13:59Z
K0--keeaXjc,오늘은 설현이로 해볼까,22.0,2023-12-22T09:15:34Z
K0--keeaXjc,설현 설현!!! 와우😍😍😍😍😍😍😍😍😍,22.0,2017-08-02T22:25:46Z
K0--keeaXjc,"<a href=""https://www.youtube.com/watch?v=K0--keeaXjc&amp;t=11"">0:11</a>",22.0,2018-11-01T14:23:48Z
K0--keeaXjc,이런 설현이가 부상 중인데도 짧은 치마를 그 정도 히트곡으로 만든건 혜정이...,18.0,2015-09-26T12:18:22Z
K0--keeaXjc,옷야하다,17.0,2016-05-22T01:32:18Z
K0--keeaXjc,설현누나~게예뻐요♡,16.0,2015-08-15T14:25:41Z
K0--keeaXjc,Ok I just had my cheerleader fantasy all over again,16.0,2018-12-13T01:39:09Z
K0--keeaXjc,진짜 섹시해요. ,15.0,2015-01-23T07:15:32Z
K0--keeaXjc,"<a href=""https://www.youtube.com/watch?v=K0--keeaXjc&amp;t=95"">1:35</a>",13.0,2020-12-27T05:59:30Z
K0--keeaXjc,"Am i the only one that really love <a href=""https://www.youtube.com/watch?v=K0--keeaXjc&amp;t=149"">2:29</a> . She was charismatic and then suddenly waves her hand and flash her innocent smile!!! It was too cuteeee, i like this Seolhyun! &lt;3",12.0,2015-09-15T14:33:54Z
K0--keeaXjc,요새 여자들 속바지 도입후 과감해짐,12.0,2015-01-05T11:00:49Z
K0--keeaXjc,떨현 이뻐 설현설현언니 팬이에요 왕팬 짱이뻐 꺄 전 걸그룹이 꿈이에요,11.0,2016-04-13T02:54:53Z
K0--keeaXjc,광고도 설현클라우드였다ㅋㅋㅋㅋ,11.0,2017-06-08T22:55:17Z
K0--keeaXjc,겁나이쁘다 이쁘고요염해♡,11.0,2016-11-10T03:43:31Z
RbPXl1Lznck,"Seolhyun is goals, look at her omg",174.0,2016-05-31T22:34:22Z
RbPXl1Lznck,"<a href=""https://www.youtube.com/watch?v=RbPXl1Lznck&amp;t=62"">1:02</a>",107.0,2018-12-18T08:08:15Z
RbPXl1Lznck,THIS IS MY FAVORITE SOELHYUN FANCAM EVER DAMNN SHES HOTTT ,95.0,2014-12-17T00:57:13Z
RbPXl1Lznck,나 궁뎅이 보러 왔다,86.0,2018-01-23T02:36:26Z
RbPXl1Lznck,사람맞니 넘예쁘잖니,85.0,2016-02-23T00:01:29Z
RbPXl1Lznck,"<a href=""https://www.youtube.com/watch?v=RbPXl1Lznck&amp;t=97"">1:37</a>",57.0,2017-04-23T22:08:13Z
RbPXl1Lznck,설현 때문에 내 올챙이가 남아나질 않네,56.0,2017-11-26T12:24:30Z
RbPXl1Lznck,Seolhyun is the definition of perfection,53.0,2017-11-08T13:50:44Z
RbPXl1Lznck,living as fangirl is hard when Seolhyun just wreck my bias list :&#39;) .,50.0,2016-04-01T20:21:45Z
RbPXl1Lznck,"Its almost 2021 and im still obsessed with her fancams. No one can top her looks and body, i stan many girl groups but i cant think of anyone that goes to her level....shes just different idk why",46.0,2020-12-27T19:52:13Z
RbPXl1Lznck,댓글 상태 보소 ㅋㅋㅋ,46.0,2019-01-19T23:04:30Z
RbPXl1Lznck,She is the reason men fight to the death....I know i would.. PEACE!!!!,42.0,2016-04-13T19:49:07Z
RbPXl1Lznck,동작 하나하나가 우아하다..... 분위기미인!!,41.0,2015-01-14T05:12:13Z
RbPXl1Lznck,"<a href=""https://www.youtube.com/watch?v=RbPXl1Lznck&amp;t=167"">2:47</a> This is always so hot and funny at the same time. Her face.. 😂",38.0,2019-04-30T01:30:35Z
RbPXl1Lznck,설현이가 엉덩이 쪽이 조금 이쁘구나,38.0,2020-10-21T17:44:52Z
RbPXl1Lznck,저런 몸매 라인 되고싶다.....너무예뻐 떠려니ㅠㅠㅠ,36.0,2017-11-12T08:54:38Z
RbPXl1Lznck,"<a href=""https://www.youtube.com/watch?v=RbPXl1Lznck&amp;t=63"">1:03</a>",35.0,2018-12-18T08:09:18Z
RbPXl1Lznck,설현자구에박고샢,32.0,2021-07-03T06:06:12Z
RbPXl1Lznck,썸네일 꼽고 싶다,30.0,2019-01-22T07:49:41Z
RbPXl1Lznck,I wonder if they like doing this,29.0,2014-09-29T02:30:06Z
RbPXl1Lznck,이때가 제일이뿌당 설현언니 다시 살찌워요ㅠㅠㅠ 제발 ㅠㅠ,25.0,2017-03-11T14:11:13Z
RbPXl1Lznck,"<a href=""https://www.youtube.com/watch?v=RbPXl1Lznck&amp;t=168"">2:48</a>",25.0,2019-03-07T17:43:28Z
RbPXl1Lznck,인성을 떠나서 설현이 피지컬은 최고다 진짜,24.0,2020-08-31T18:06:41Z
RbPXl1Lznck,아...내 동생이었으면 연예인 안시켰겠다,24.0,2019-03-03T18:18:19Z
RbPXl1Lznck,나 같은놈은 못 들어가는 자궁...,23.0,2021-11-22T17:09:28Z
RbPXl1Lznck,이쁜거 뒤에 숨어있는 허리에 파스가 ㅠㅠ 쉬면서 해요!!,22.0,2018-04-12T22:27:20Z
RbPXl1Lznck,Rarely does a 480p quality video excite me. Seolhyun is another level…,20.0,2019-02-07T05:10:59Z
RbPXl1Lznck,모든직캠통들어 남바원,19.0,2019-03-25T05:41:21Z
RbPXl1Lznck,When I see this I&#39;m like &quot;Fuck! My life sucks&quot;...,17.0,2016-08-25T13:20:46Z
RbPXl1Lznck,"I&#39;m &quot;totally&quot; just here to listen to, their music, Confused :3 <br>Seolhyun &lt;3",16.0,2016-06-29T10:38:10Z
RbPXl1Lznck,I&#39;m joining the Navy,16.0,2014-12-29T14:57:59Z
RbPXl1Lznck,지금봐도 레전드다...트와이스도 대적못하겠다,16.0,2018-11-07T13:07:09Z
RbPXl1Lznck,지코때문에 설현이 돌 림빵이나 안돌았을련지ㅡㅡ걱정이네ㅡㅡ지코 친구들이 워낙 친해서 서로 돌려보고 아나바다 하는 놈 들이라서ㅡㅡ,16.0,2019-07-20T06:26:57Z
RbPXl1Lznck,빵딩이?,14.0,2016-02-15T09:29:29Z
RbPXl1Lznck,"<a href=""https://www.youtube.com/watch?v=RbPXl1Lznck&amp;t=67"">1:07</a>.   <a href=""https://www.youtube.com/watch?v=RbPXl1Lznck&amp;t=133"">2:13</a>.   <a href=""https://www.youtube.com/watch?v=RbPXl1Lznck&amp;t=198"">3:18</a>",13.0,2021-02-06T07:25:07Z
RbPXl1Lznck,Who else watching this with their double chin like me? 😂,13.0,2019-02-22T18:37:39Z
RbPXl1Lznck,I didn&#39;t even pay attention to their singing,13.0,2015-03-20T13:53:20Z
RbPXl1Lznck,"<a href=""https://www.youtube.com/watch?v=RbPXl1Lznck&amp;t=168"">2:48</a>",13.0,2018-10-08T14:59:41Z
RbPXl1Lznck,She&#39;s the most beautiful girl I&#39;ve seen yet.,12.0,2019-09-01T09:08:47Z
RbPXl1Lznck,Seolhyun is so beautiful. ♡♡<br><br>Thanks ^^,12.0,2018-10-08T13:36:48Z
RbPXl1Lznck,"14-5년도에 설현, 22년도 있지 유나, 장원영, 에스파 윈터 등이 있지만 과거 전성기 시절의 설현도 이들 못지않음",11.0,2022-08-07T06:35:01Z
RbPXl1Lznck,갓설현,11.0,2014-09-28T06:37:14Z
RbPXl1Lznck,아  저걸..그냥  콱....,11.0,2020-06-24T04:17:15Z
OVq_zwrOMZ4,걸데는 서로서로 친해보여서 넘조음 ㅜㅜ,6243.0,2016-11-24T00:28:11Z
OVq_zwrOMZ4,기분나쁘다 하는거 너무 귀여워...ㅠㅠ,4315.0,2016-12-13T08:28:00Z
OVq_zwrOMZ4,"난 유라 말에 동감한다 ㅋㅋㅋㅋㅋㅋ 몸매 탑3는 유라 현아 설현인듯,,",3861.0,2017-01-18T06:09:18Z
OVq_zwrOMZ4,버퍼링 없이 네ㅌㅋㅋㅋㅋㅋㅋㅋㅋㅋ,3368.0,2016-12-12T17:04:44Z
OVq_zwrOMZ4,현아는 키도 작은편인데 몸매도 좋고 비율도 좋고,3283.0,2016-07-29T16:55:10Z
OVq_zwrOMZ4,유라앀ㅋㅋㅋㅋㅋㅋㅋㅋㅋㅋㅋㅋㅋㅋㅋㅋㅋㅋㅋㅋㅋㅋㅋㅋㅋㅋㅋㅋ아 유라 넘좋아여ㅠㅠㅠㅠ,2905.0,2016-05-10T12:21:42Z
OVq_zwrOMZ4,혜리씨는 탑3안에없나요?<br>:네<br>ㅋㅋㅋㅋㅋ자동응답긴줄,2098.0,2017-03-14T04:00:11Z
OVq_zwrOMZ4,유라가 스스로 저렇게 말 하는건 진짜 인정.... 걸그룹 몸매중에 유라만한 몸매 본적이 없음<br>+그만 좀 싸우세연 자꾸 알람 울림,1449.0,2019-08-19T12:13:11Z
OVq_zwrOMZ4,솔직히 aoa팬인데 유라도 진짜 좋아한다는....ㅋㅋ,787.0,2016-05-20T17:12:16Z
OVq_zwrOMZ4,유라 생각인데 왜 죽자고 달려드는지..ㅋㅋ,681.0,2016-08-28T22:21:28Z
OVq_zwrOMZ4,유라다리는진심b,457.0,2016-12-06T11:08:18Z
OVq_zwrOMZ4,갓설현 솔직히여자가봐도 비율좋은듯👍,426.0,2016-12-09T13:08:50Z
OVq_zwrOMZ4,크....역시현아..ㄷㄷ,338.0,2016-06-05T03:08:36Z
OVq_zwrOMZ4,유라언니 매력 쩐다 ㅋㅋㅋㅋㅋ그리고 유라씨..에서 육성으로 터짐ㅋㅋㅋ,249.0,2017-11-09T09:34:18Z
OVq_zwrOMZ4,맞아요..유라씨 예쁘고 착하고 귀엽고 연기 잘하고 랩 잘하고 노래 잘 부르고 빠지는게 없는 유라씨💕,241.0,2016-09-27T13:01:53Z
OVq_zwrOMZ4,저중 유라 원탑ㅋㅋ 그리고 그 부분은 전효성,229.0,2016-05-24T14:52:03Z
OVq_zwrOMZ4,아 설현 ㅈㄴ 까내리네 ㅋㅋㅋㅋㅋ 지들 좋아하는 연예인 깎아내려도 기분좋은가 ? 제발 역으로 좀 생각하셈 ㅋㅋㅋㅋㅋ 아무생각없이 내뱉지말고 ;,182.0,2017-01-04T03:36:42Z
OVq_zwrOMZ4,"<a href=""https://www.youtube.com/watch?v=OVq_zwrOMZ4&amp;t=49"">0:49</a><br> 혜리 입 천장까지도 이쁜 거 실화냐 ㄷㄷ",181.0,2020-12-29T04:13:16Z
OVq_zwrOMZ4,댓글 수정했습니다. 저 때문에 피해보신 분들께 죄송스럽습니다.,180.0,2016-12-03T03:23:34Z
OVq_zwrOMZ4,"그러게...혜리는 몸매보다는 애교,광고 쪽이지♡♡♡",163.0,2016-08-22T14:29:56Z
OVq_zwrOMZ4,유라씨ㅋㅋㅋㅋ그래 유라 니가 짱먹어라ㅋㅋ혜리 개귀여웤ㅋㅋㅋ,142.0,2016-11-26T04:31:37Z
OVq_zwrOMZ4,역사논란땜에 문제는 있었지만<br>외모나 몸매에 대해선 난 어떤 아이돌보다도 뒤쳐지지 않는게 설현이라고 생각하는데..<br>옜날엔 다들 설현설현 하다가 갑자기 욕하고..물론 설현도 그렇지만..안쓰럽다ㅜㅜ 엘비스로서,89.0,2016-08-03T16:20:22Z
OVq_zwrOMZ4,"걸스데이는 다들 예쁘고 몸매도 좋죠. 유라는 누구나 인정하는 최고 몸매고, 민아는 다리가 너무 길고 예쁘고, 소진은 가는 허리와 예쁜 엉덩이, 혜리는 넷 중 다리가 제일 짧은 편인데도 골반이랑 다리라인이 볼륨있고 탄탄한 근육질 다리가 예쁜거 같아요",87.0,2017-01-02T21:50:02Z
OVq_zwrOMZ4,내눈에는 네가 1등이다,80.0,2016-09-09T02:11:10Z
OVq_zwrOMZ4,저건 지인짜 친해서 그러는거 ㅋㅋㅋㅋㅌㅋㅋㅌㅋㅋㅌㅋㅋㄷㅋㅌ,58.0,2019-02-25T05:12:40Z
OVq_zwrOMZ4,갓설현이 원탑!!,56.0,2016-07-20T11:03:21Z
OVq_zwrOMZ4,설현보단 유라 현아가 1000000배더 났다,53.0,2016-05-25T12:24:54Z
OVq_zwrOMZ4,근데 맞잖아 ㅋ 유라 탑쓰리,49.0,2020-09-25T16:38:03Z
OVq_zwrOMZ4,"설현언니 이쁨!!<br>노래,몸매등등  못하는게없 다!!",49.0,2016-10-25T08:34:03Z
OVq_zwrOMZ4,이와중에 이혜리 기분나쁘댘ㅋㅋㅋㅋㅋㅋㅋㅋㅋㅋㅋㅋㅋㅋㅋ,48.0,2017-04-01T09:42:00Z
OVq_zwrOMZ4,55초에 혜리 무섭...나만 그런가??,48.0,2016-12-14T00:47:11Z
OVq_zwrOMZ4,몸매는  손나은  유라  경리  설현  얘네가 대표들 아닌가?<br>현아는 섹시이미지로 나와서 그렇지 몸매가 좋긴하지만 탑3에 들기엔 아쉬운데.....,47.0,2016-05-29T14:52:31Z
OVq_zwrOMZ4,유라앀ㅋㅋㅋㅋㅋ 넘좋아♥♥ <br>그래 너가 원탑이다ㅋㅋㅋㅋㅋ,35.0,2016-06-13T14:40:40Z
OVq_zwrOMZ4,너무좋닼ㅋㅋㅋㅋㅋㅋㅋ유랔ㅋㅋㅋㅋㅋ유라앀ㅋㅋ,33.0,2016-05-16T12:58:40Z
OVq_zwrOMZ4,유라 웃는게 너무 매력있다,32.0,2019-01-27T11:34:03Z
OVq_zwrOMZ4,사실상 저 탑3도 권나라 옆에서면 일반인비율되버림,31.0,2020-12-26T11:02:00Z
OVq_zwrOMZ4,유라야 니가 젤 예뻐,29.0,2019-06-13T15:39:38Z
OVq_zwrOMZ4,유라 전효성 설현 미만잡,29.0,2016-07-25T01:35:57Z
OVq_zwrOMZ4,민아도 몸매 되는데,29.0,2016-12-07T12:29:45Z
OVq_zwrOMZ4,당당하게 자기말하는거 왤케 귀엽냐 ㅋㅌㅋㅋㅋ   💕,28.0,2018-01-11T08:43:37Z
OVq_zwrOMZ4,유라 예능 왤케 잘해 ㅋㅋㅋㅋㅋㅋ,28.0,2020-04-12T13:45:17Z
OVq_zwrOMZ4,ㅋㅋㅋㅋㄴㅋㅋㅋㅋㅋㅋ유라씨듣고존나뿜음ㅋㅋㅋㅋ아너무웃겨 ㅋㅋㅋ유라진짜이쁘다,26.0,2017-01-22T10:31:33Z
OVq_zwrOMZ4,"유라 혜리는 참 좋은 에너지를 뿜어 내는 사람들이라<br>볼때마다 유쾌하고 기분이 참 좋아집니다<br>모든 연예인들이 다 이 두 사람 처럼 <br>해피바이러스를 전파해 줬으면 좋겠네요",25.0,2020-04-11T04:20:25Z
OVq_zwrOMZ4,유라는 다 자연이자너,24.0,2019-08-28T14:47:37Z
OVq_zwrOMZ4,ㅋㅋㅋㅋㅋㅋㅋㅋ짱 웃기다 내숭 안 떨어서 좋다,23.0,2017-01-05T12:57:22Z
OVq_zwrOMZ4,"<a href=""https://www.youtube.com/watch?v=OVq_zwrOMZ4&amp;t=48"">0:48</a> 혜리 방송에서ㅋㅋㅋ 습관인가보네요ㅠㅠ",21.0,2019-02-22T16:33:41Z
OVq_zwrOMZ4,설현 유라 현아 경리까지 유명 아이돌  최강몸매 탑4,20.0,2016-08-20T11:44:41Z
OVq_zwrOMZ4,Yura has the Most perfect legs in the kpop evreyone knows that  👌🏻💫💫💫💫,20.0,2019-07-13T05:01:14Z
OVq_zwrOMZ4,설현은 몸매갑으로 운동하는시간에 역사공부해야할뜻,20.0,2016-05-22T07:30:47Z
OVq_zwrOMZ4,역시 저 셋 몸매는 짱인듯 (다른 걸그룹이랑 비교한거 아님 오해 ㄴㄴ),19.0,2016-08-28T07:46:08Z
OVq_zwrOMZ4,둘이진짜귀여워 너무웃기다 ㅋㅋ,19.0,2020-08-12T14:26:02Z
OVq_zwrOMZ4,걸스데이는 진짜 같이나와야 재밌음 ㅋㅋ 서로 진짜 친한게 보임,18.0,2018-01-08T19:49:30Z
OVq_zwrOMZ4,기분 나쁘다 듣고나서 유라 표정이 진짜 귀엽다 ㅋㅋ,18.0,2022-04-28T04:15:24Z
OVq_zwrOMZ4,유라하고 현아 넘 이쁘당....♡♡♡,18.0,2016-12-31T03:35:27Z
OVq_zwrOMZ4,혜리 삐지는거 ㄹㅇ개귀여움ㅋㅋㅋㅋㅋㅋ,17.0,2016-12-08T07:55:33Z
OVq_zwrOMZ4,유라 너무좋다ㅋㅋㅋㅋㅋㅋㅋ근데 진짜 저 세 명은 진짜 인정이다 어지간하면 이견없는 몸매들,17.0,2018-04-18T02:31:10Z
OVq_zwrOMZ4,혜리 반응도 귀엽다ㅎㅎ💓,16.0,2016-11-24T09:14:56Z
OVq_zwrOMZ4,ㅋㅋㅋ유라 센스 ㅋㅋㅋㅋ몸매좋고 예쁜데 귀엽고 ㅋㅋㅋ극호,16.0,2019-07-26T20:37:50Z
OVq_zwrOMZ4,아 걸스데이 매력있어ㅜㅜㅜㅜㅜㅠㅡ,15.0,2016-12-10T19:08:01Z
OVq_zwrOMZ4,유라는 진짜 전설이다,15.0,2020-04-15T01:59:00Z
OVq_zwrOMZ4,존나웃곀ㅋㅋㅋㅋㅋㅋㅋㅋㅋㅋㅋㅋㅋㅋㅋㅋㅋㅋㅋㅋㅋㅋㅋㅋㅋㅋㅋㅋ 혜리표정봨ㅋㅋㅋㅋㅋㅋ,15.0,2017-02-01T03:56:53Z
OVq_zwrOMZ4,저건 유라니까 칠수있는 반박불가 드립이지 ㅋㅋㅋㅋ 다른 여자 연예인이었으면 욕 디지게 먹음,13.0,2020-12-27T04:57:14Z
OVq_zwrOMZ4,솔직히 걸그룹 몸매는 유라가 원탑인것같음 유라는 진짜 못이김ㅎㅎ,13.0,2016-07-03T00:32:38Z
OVq_zwrOMZ4,얘네 티키타카 존나웃기네ㅋㅋㅋㅋㅋㅋ,12.0,2020-12-31T04:25:52Z
OVq_zwrOMZ4,설현♥♥,12.0,2016-04-26T13:36:24Z
OVq_zwrOMZ4,유라봤는데진짜종아리에알하나없고다리존나이쁘던데,12.0,2017-01-23T06:09:07Z
OVq_zwrOMZ4,현아보다는 손나은 갑,11.0,2017-02-11T11:23:07Z
9yGY6dW-BBc,여진구오빠 목소리~ 카리스마 넘치는데,116.0,2015-11-07T07:47:20Z
9yGY6dW-BBc,여진구 연기 제일 잘하는거같은데 ㅠㅜㅠ  개깔끔해,110.0,2020-01-01T05:19:34Z
9yGY6dW-BBc,Ñ entendo nada ;-; mas gosto de ver séries coreanas :&quot;3,93.0,2019-01-27T23:09:51Z
9yGY6dW-BBc,😜: 토마토 주스도 있는데<br>포도주스도 있어(앙증),89.0,2020-01-02T06:47:22Z
9yGY6dW-BBc,Needs Subtitles so We may all enjoy it. Thank You.,83.0,2018-12-20T22:42:04Z
9yGY6dW-BBc,와 저여자두명  증거도 없으면섴 인성?,61.0,2020-01-05T09:49:01Z
9yGY6dW-BBc,시후 진짴ㅋㅋㅋ포도주슼ㅋㅋㅋ,55.0,2015-08-09T11:44:54Z
9yGY6dW-BBc,여진구 목소리 개좋다♡,40.0,2015-10-22T08:02:28Z
9yGY6dW-BBc,여진구는 목소리<br>이종현은 외모,38.0,2015-11-14T12:10:54Z
9yGY6dW-BBc,I can&#39;t understand language but i love this scene,34.0,2018-08-28T01:23:36Z
9yGY6dW-BBc,I like Korean dramas,34.0,2018-08-25T17:36:29Z
9yGY6dW-BBc,"<a href=""https://www.youtube.com/watch?v=9yGY6dW-BBc&amp;t=252"">4:12</a>초에 ㅅㅂ이라고함",33.0,2015-07-28T17:17:51Z
9yGY6dW-BBc,日本語…,33.0,2018-01-07T02:23:06Z
9yGY6dW-BBc,범죄자 얼굴 그대로 나오는거 무슨일이야;; 모자이크 해주세요,30.0,2020-01-02T15:28:00Z
9yGY6dW-BBc,진구오빠 목소리보ㅑㅜㅜㅜㅜㅜㅡ,29.0,2015-07-03T04:55:29Z
9yGY6dW-BBc,トマトジュースしかわかんない……(笑)<br>韓国語勉強しなきゃ,28.0,2019-08-31T08:02:33Z
9yGY6dW-BBc,Do anyone here speaks korean by any chance<br><br>No. I guess I&#39;m going to watch without understanding anything then,25.0,2019-04-22T18:44:46Z
9yGY6dW-BBc,포도주스도있엌ㅋㅋㅋㅋㅋㅋㅋㅋㅋㅋㅋㅋㅋ,24.0,2015-07-28T15:51:43Z
9yGY6dW-BBc,Carai não entendo nada aqui é Brasil porra,24.0,2018-10-31T21:03:23Z
9yGY6dW-BBc,말하는 소리와 입모양이 다름.....,22.0,2015-09-23T09:42:39Z
9yGY6dW-BBc,مش فاهمه ولا كلمه,20.0,2018-08-05T15:58:49Z
9yGY6dW-BBc,شو اسم المسلسل بلعربي,15.0,2019-07-18T18:37:49Z
9yGY6dW-BBc,저기학교치마저렇게입으면혼나지않나?,15.0,2015-11-10T12:16:43Z
9yGY6dW-BBc,"His voice and sounds, wow",14.0,2018-02-16T04:13:06Z
9yGY6dW-BBc,あたしもにほんじん。,13.0,2018-10-18T16:35:07Z
9yGY6dW-BBc,멋지다!!정말 연기잘한다!!^^,12.0,2015-08-03T18:11:15Z
9yGY6dW-BBc,연기진짜대박이다 단체로 ㅋㅋㅋㅋ,11.0,2018-03-18T10:26:25Z
9yGY6dW-BBc,His eyes is like kim taeyoung...,11.0,2018-10-26T06:43:04Z
9yGY6dW-BBc,ตูอ่านไม่ออกสักเม้น,11.0,2018-10-15T09:50:00Z
Chvallz3MFI,와 설현몸매 스고이 진짜 대박이다.....ㅜ성희롱하는 아재들 신경쓰지말고 악플도신경쓰지마여ㅜㅜ설현쓰 존예인것,265.0,2016-09-14T01:51:29Z
Chvallz3MFI,쩐다 입벌리고봤다 난여잔데,250.0,2016-03-06T15:39:17Z
Chvallz3MFI,SeolHyun is truly a goddess,179.0,2015-06-25T14:08:08Z
Chvallz3MFI,Seolhyun&#39;s body is no joke. :oooo,162.0,2015-06-26T03:06:18Z
Chvallz3MFI,"Omg tbh I got no chops towards her!! She is literally perfect , her height is my goal, her body is my goals, her hair length is my goals , her face is so freaking cute and perfect and pretty , her waist is no joke , her smile, why do I even exist :)",104.0,2015-12-26T03:50:37Z
Chvallz3MFI,"여러분 다이어트 중일 땐 반드시 박수영,전소미,김설현,안희연,손나은 직캠을 보세요..",90.0,2018-02-04T11:18:19Z
Chvallz3MFI,지짜 레전드 내가 이거 보면서 5키로 감량함ㅠㅠ배고플 때 보면 금방 배부름 ㅠㅠㅅ힝,82.0,2017-01-13T12:56:43Z
Chvallz3MFI,i am a girl and i like her i think she is cute and sexy without the cringe she is adorable,82.0,2015-06-25T22:27:23Z
Chvallz3MFI,I&#39;m gay for her,79.0,2015-06-25T12:42:32Z
Chvallz3MFI,I watch Seolhyun&#39;s fancams everynight when doing the plank... It really makes me feel motivated for that 2mins,65.0,2018-03-14T19:21:03Z
Chvallz3MFI,춤추는게 시원시원하네,57.0,2015-08-23T02:46:25Z
Chvallz3MFI,바지가 뭔 빤스여...소속사야 제발 저런 거 입히지말아라 쫌,52.0,2017-12-02T17:44:31Z
Chvallz3MFI,She&#39;s so cute and having so much fun!,29.0,2015-06-26T05:57:57Z
Chvallz3MFI,설현 때문에 심쿵한다 ㅎㅎ♥♥,26.0,2016-05-15T04:54:07Z
Chvallz3MFI,설현은 아재들이 좀 좋아하는듯 우리아빠도 설현 좋아하는더,24.0,2016-07-10T13:23:56Z
Chvallz3MFI,설현으로살면어떤기분일까?,23.0,2016-09-02T01:47:06Z
Chvallz3MFI,"<a href=""https://www.youtube.com/watch?v=Chvallz3MFI&amp;t=133"">2:13</a> 안무 버벅 졸귀ㅋㅋㅋㅋㅋㅋ",22.0,2016-09-14T05:55:18Z
Chvallz3MFI,아 댓글에 성희롱발언존나 많네 그냥꺼졋으면..솔까 설현도 저런옷매번 입고싶겟냐??소속사에서 너무 짧은건 좀 자제해줫으면좋겟다ㅠ보기도그렇고,22.0,2018-01-27T18:38:14Z
Chvallz3MFI,Holy shit shit shit!!  Thanks for SeoHyun&#39;s Fancam! You read my mind.,20.0,2015-06-25T12:38:00Z
Chvallz3MFI,팔다리가 얇소 길어서 춤선이 여리여리하고 너무예쁘다ㅠㅜ,16.0,2017-12-16T01:54:20Z
Chvallz3MFI,Her body is just sooo errr soelhyun please i cant T_T,16.0,2015-06-27T06:15:18Z
Chvallz3MFI,she is so pretty！,15.0,2015-06-26T03:56:18Z
Chvallz3MFI,She dances so powerful :3,15.0,2015-07-28T00:17:02Z
Chvallz3MFI,Her Body On Point!,15.0,2015-07-07T04:00:46Z
Chvallz3MFI,진짜 그냥 마른게 아니라 예쁘게 마름<br>탄탄하면서도 몸 선도 너무 예쁘고ㅠㅠ<br>팔 다리도 길어서 길쭉길쭉하고 비율도 미쳤다,13.0,2018-04-28T15:19:10Z
Chvallz3MFI,her smile is very sweet...,13.0,2015-06-29T00:35:40Z
Chvallz3MFI,"이뻐요,,",11.0,2015-07-06T05:50:55Z
Y6JVsIiMLyU,진짜 댓글보면 인터넷 실명제 찬성하게 됨,2324.0,2019-06-18T14:06:38Z
Y6JVsIiMLyU,아니 여러분~ 싼다싼다 댓글에 ㅊ남기시지 마시고 똥은 님들 화장실 변기에 싸세요^^~ 우리집 개도 똥오줌 가리는데 인간덜된거야 모야~,1403.0,2018-05-11T18:30:40Z
Y6JVsIiMLyU,똥싸고 안닦는분 좋아요,713.0,2018-04-17T07:18:10Z
Y6JVsIiMLyU,설현 진짜 고생했다 댓글봐;;환멸남,667.0,2019-09-20T21:16:44Z
Y6JVsIiMLyU,노래나온 당시에도 짧은치마 직캠 봤던 것 같은데 지금 다시보니 의상이며 춤이며 너무 충격적이다; 그때 한참 떴던 노래 수준이 이런거였다니,233.0,2019-09-20T21:41:39Z
Y6JVsIiMLyU,"이번에 너나해 무대하는 거 보고 예전이랑 얼마나 달라졌을 지 궁금해서 들어와봤더니 댓글 조금만 내려도 알 수 있다 그 차이가.. 너나해 무대에서는 음색이라던가 멋있다(분위기가 멋있다는 뜻으로 말한 듯함) 정장이 편해보인다 이런 류의 댓글이 많았는데 이 영상에 달린 댓글들은 머릿결이 좋아보인다 춤선이 정말 예쁘다 섹시해서 미친다 몸매 죽인다 다리 정말 예쁘다 등 음악이나 곡 분위기, 연출에 대한 댓글보다는 성적으로 보는 시선, 외적 요소에 대한 평가가 압도적임을 알 수 있다. 확실히 저런 옷을 입고 저런 춤을 추고 저런 가사를 읊는 게 뭐가 문제야? 싶겠지만 사회의 시선은 ,옷을 예로 들자면, 저런 노출이 심한 옷을 &quot;성적으로 섹시한&quot; 시선으로 바라보기 때문에 그 영향이 사회로 다시 돌아온다는 것이다. 개인적인 경험으로는 초등학생 시절에 짧은 치마 곡이 히트를 치자 춤을 모르면 유행을 모르는 &#39;문찐&#39;으로 생각되었고 수련회에 가서 다들 한 번씩 짧은 치마 춤을 춰 본 경험이 있다는 이야기를 친구들에게 들었다. 그리고 나 또한 짧은 치마 안무 영상을 보며 설현님이 예쁘고 섹시하다는 생각이 들었고 사회 반응이 그녀를 좋게 보니까 나도 인정받고 싶고 예쁘게 보이고 싶은 마음에 (왜 외적으로 인정을 받으려고 했을까. 아마 연예계는 그런 외적 요소에 민감하고 또 일상으로 깊이 침투했기 때문이라고 생각한다) 그녀처럼 (설현이라는 사람이 아니라 설현이 보여주었던 섹시한 이미지, 예쁜 이미지의) 사람이 되고 싶었다. 그래서 지금의 설현이 훨씬 좋아 보인다. 개인적으로도, 사회적으로도! 선의 방향을 그리며 나아가는 것이 보여서 좋다. 세줄보다 길어서 스루한다고 하면 조용히 갈 길 가세요. (그런 류의 댓 달면 생각 안 하고 사는 사람으로 간주하겠음. 반박하려면 찬찬히 읽고 -애초에 한 사람의 의견이 다른 사람의 권리를 침해하지 않고 강압적이지 않다면 반박할 게 무엇이 있겠냐만 - 댓글 달아주시면 감사하겠습니다)",222.0,2019-09-12T20:44:51Z
Y6JVsIiMLyU,아니 그래서 그런 댓글이 어디 있냐고요,218.0,2020-04-10T06:07:57Z
Y6JVsIiMLyU,와우..댓글들봐라.. 수준하고는..,212.0,2018-08-30T15:08:24Z
Y6JVsIiMLyU,제발 상상으로 댓글 다세요~ <br>설현도 핸폰으로 분명 유투브에 지 이름 치고 들어와볼텐데.. 속상하지 않을까 생각하게 되네요..!! <br>그리고 유투브는 좀 이런 야한 영상에는 댓글 금지 기능 좀 넣었으면 좋겠어,210.0,2019-05-15T01:14:09Z
Y6JVsIiMLyU,머릿결 개좋당,201.0,2019-07-22T23:33:55Z
Y6JVsIiMLyU,"<a href=""https://www.youtube.com/watch?v=Y6JVsIiMLyU&amp;t=93"">1:33</a>하앍...........",172.0,2017-11-29T10:05:10Z
Y6JVsIiMLyU,와표정진짜 미친다,170.0,2017-03-31T04:40:58Z
Y6JVsIiMLyU,성희롱댓글 욕하는댓글90% <br>설현예쁘다는 댓글 10%<br>성희롱 댓글0%,155.0,2020-04-13T16:09:25Z
Y6JVsIiMLyU,I’m not even gay and this made me feel some typa way🔥 seolhyun is superior,149.0,2019-06-22T04:50:31Z
Y6JVsIiMLyU,지금은 다른곳으로 가셔서 볼수없는 미술선생님이 그때 그러셧지 &quot;전쟁나면 가장먼저 일어나는게 뭔지알아? 강간이야&quot; 라고.. 그 말을 뒷받침해주는게 이런 직캠들 댓글인거깉다 잠재적 성범죄자가 개소리는 아닌가보다 난 전쟁나면 여자 어떻게든 한번 해볼려고 하는애들 팀꾸려서 다 죽이러 다녀야지,145.0,2019-01-21T13:14:02Z
Y6JVsIiMLyU,못참는다,145.0,2016-08-29T07:36:10Z
Y6JVsIiMLyU,진짜 섹시라는것의 끝임 저시절 설현은.. 몸매는 말이필요없는 남자들이 제일 좋아하는 섹시한 몸매고 거기에 얼굴은 언뜻보면 청순한데  그냥 청순이 아니라 은근한 섹시도 있음 거기에 구릿빛피부랑 긴 검은 생머리.. 그냥 완벽,144.0,2021-08-20T17:28:30Z
Y6JVsIiMLyU,"<a href=""https://www.youtube.com/watch?v=Y6JVsIiMLyU&amp;t=93"">1:33</a>",140.0,2017-07-28T00:53:56Z
Y6JVsIiMLyU,전성기떄의 설현이 생각나서 21년도에 찾아온 사람들 따봉~,122.0,2021-06-17T17:49:24Z
Y6JVsIiMLyU,춤선 너무예뻐..,118.0,2019-04-15T07:19:39Z
Y6JVsIiMLyU,23년도에도 치러오신분,105.0,2023-01-20T07:04:00Z
Y6JVsIiMLyU,설현보러왔다가 댓글보고 눈 썩음,101.0,2019-08-05T21:56:05Z
Y6JVsIiMLyU,작년에 이거보고 쳤는데 오랜만에 생각나서 또 치고갑니다 아흣 싼다,95.0,2021-06-30T16:13:18Z
Y6JVsIiMLyU,탁탁탁탁탁탁탁탁,93.0,2017-03-07T15:19:24Z
Y6JVsIiMLyU,보자마자 한심하게 저질러버렷다 ㅠ,91.0,2020-12-27T14:24:56Z
Y6JVsIiMLyU,"<a href=""https://www.youtube.com/watch?v=Y6JVsIiMLyU&amp;t=92"">1:32</a>",82.0,2020-06-05T20:41:01Z
Y6JVsIiMLyU,설현 누나 고맙고 미안해 ❤<br>하아 너무 좋아 설현 누나 ❤️,69.0,2017-04-16T17:53:26Z
Y6JVsIiMLyU,지쳐보여... 댓글들만 봐도 이 사람은 걍 인생이 힘들 것 같음...,68.0,2019-07-24T18:28:27Z
Y6JVsIiMLyU,14년도엔 이랬구나,67.0,2018-10-17T09:24:35Z
Y6JVsIiMLyU,ㅅㅂ 어떤맛일지 궁금한사람,67.0,2020-06-06T02:01:03Z
Y6JVsIiMLyU,납치하고싶다,66.0,2017-10-08T17:58:37Z
Y6JVsIiMLyU,"<a href=""https://www.youtube.com/watch?v=Y6JVsIiMLyU&amp;t=93"">1:33</a>",65.0,2020-12-27T06:00:27Z
Y6JVsIiMLyU,지금도 쓰는사람,61.0,2024-06-09T02:07:58Z
Y6JVsIiMLyU,오늘도 공부열심히해야지,61.0,2017-03-07T05:35:07Z
Y6JVsIiMLyU,누나 찌아익❤,59.0,2023-09-23T06:09:46Z
Y6JVsIiMLyU,설현이누나 하아악흔들 ❤찍,57.0,2023-09-26T07:38:05Z
Y6JVsIiMLyU,설현이누나도 저하고관계한번맺으셔야죠,56.0,2023-09-28T07:44:12Z
Y6JVsIiMLyU,도끼 ㄷㄷ..,55.0,2017-01-05T03:10:43Z
Y6JVsIiMLyU,이걸 보구 서네 내가 이상한건가? 설현이 대단한건가?,54.0,2021-06-14T00:10:33Z
Y6JVsIiMLyU,오늘도 한발,53.0,2024-04-09T11:09:58Z
Y6JVsIiMLyU,하앍..설현누나 살거같아요..,52.0,2018-05-05T09:40:50Z
Y6JVsIiMLyU,이게 그 전설의 14설현,51.0,2019-02-26T13:03:29Z
Y6JVsIiMLyU,ㅋㅋㄱㅋㅋ 성희롱 댓글 0.1%<br>성희롱 욕하는댓글 80%<br>설현 이쁘다는 댓글1 9.9%,49.0,2020-06-05T09:36:11Z
Y6JVsIiMLyU,성희롱 댓글 0.5%<br>성희롱 댓글 환멸하는 댓글 95.5%,49.0,2020-01-23T08:25:37Z
Y6JVsIiMLyU,누가 보면 입기싫은옷 강제로 입혀서 강제로 춤시키는줄 알겠네;; 다 자기들이 선택한건데 느그들이 뭔데 옷을 저리입히지말라니 가사를 저리쓰지말라니 ㅈㄹ들이여ㅋㅋㅋ느그들 할일이나 잘해라; 쟤네는 저걸 업으로 해서 먹고산다는 사실을 잊지마,49.0,2020-06-03T01:57:29Z
Y6JVsIiMLyU,설현 진짜 섹시하다.. 대박이네..,48.0,2019-06-17T09:53:09Z
Y6JVsIiMLyU,탁탁탁탁탁탁<br>아아아어 잠시만 설현아 ㅇㅇ애ㅓㅛ어ㅓ아아아 안돼 아!!! 하... 설현아...,47.0,2024-07-15T10:05:06Z
Y6JVsIiMLyU,역시나 하고봤는데 댓글수준 역시다...ㅋㅋㅋ,47.0,2019-06-27T07:46:08Z
Y6JVsIiMLyU,사람 맞나?? 마네킹이지,46.0,2017-09-18T01:00:41Z
Y6JVsIiMLyU,누나저어 찌이익 ❤,45.0,2023-10-11T10:52:12Z
Y6JVsIiMLyU,와 다리 무슨 이메다야.... 너무 예쁘다,44.0,2019-06-22T13:38:37Z
Y6JVsIiMLyU,"<a href=""https://www.youtube.com/watch?v=Y6JVsIiMLyU&amp;t=92"">1:32</a>",43.0,2023-07-03T13:12:29Z
Y6JVsIiMLyU,다른 늑대들이 그 부분이 진짜 딱 자세 나오는데..어후,43.0,2017-11-03T04:25:21Z
Y6JVsIiMLyU,얼굴은 민아 몸매는 설현,43.0,2016-01-03T08:06:27Z
Y6JVsIiMLyU,이번 설리.. 사건을 보고 좀 반성하고 이제 그만하자,42.0,2019-10-16T02:45:42Z
Y6JVsIiMLyU,진짜 이건 직캠 에티튜드계의 GOAT임.,41.0,2023-04-29T15:40:13Z
Y6JVsIiMLyU,못참아~찌이익,41.0,2020-01-06T21:54:50Z
Y6JVsIiMLyU,너무예쁘다ㅜ 예뻐ㅠㅠㅠ,38.0,2019-06-22T18:02:13Z
Y6JVsIiMLyU,"<a href=""https://www.youtube.com/watch?v=Y6JVsIiMLyU&amp;t=90"">1:30</a>~<a href=""https://www.youtube.com/watch?v=Y6JVsIiMLyU&amp;t=94"">1:34</a>",36.0,2024-03-20T16:35:15Z
Y6JVsIiMLyU,이게 스님도 보면 못참고 흔들어 재껴버린다는 전설의 14설현인가..,35.0,2019-11-28T06:14:05Z
Y6JVsIiMLyU,저때가 딱 20살….,34.0,2022-11-10T22:24:45Z
Y6JVsIiMLyU,하앙하앙츄릅쭈와압달기달다,34.0,2024-06-29T11:38:54Z
Y6JVsIiMLyU,"<a href=""https://www.youtube.com/watch?v=Y6JVsIiMLyU&amp;t=90"">1:30</a>",34.0,2021-08-17T17:45:30Z
Y6JVsIiMLyU,이때 설현은 안쓴 사람이 없을 정도,33.0,2024-09-04T17:05:25Z
Y6JVsIiMLyU,혜정누나저어 찌이익❤,33.0,2023-10-14T14:26:33Z
Y6JVsIiMLyU,ㅋㅋ 쟤들 원래 저런컨셉 아니었던건 아냐? 섹시컨셉할때는 둘째치고 초반 락컨셉할때 거들떠도안보던 것들이 이제와서 고생했다고 난리치네 ㅋㅋㅋㅋㅋㅋ 니네가 거들떠보고 관심가져줬어봐라 섹시컨셉 했겠냐 그냥 락컨셉 밀고갔겠지 기존컨셉 안먹히니 그때당시 대중이 원하는 컨셉으로 밀고간거고 쟤들도 그걸로 돈벌고 인지도 올린건데 이제와서 토닥토닥 하는척 존나 역겹네,32.0,2019-09-23T15:24:59Z
Y6JVsIiMLyU,와 진짜 다리 길다,32.0,2019-06-22T05:19:35Z
Y6JVsIiMLyU,definition of perfect,31.0,2019-09-10T19:21:33Z
Y6JVsIiMLyU,"<a href=""https://www.youtube.com/watch?v=Y6JVsIiMLyU&amp;t=92"">1:32</a>",31.0,2018-05-20T09:32:10Z
Y6JVsIiMLyU,"<a href=""https://www.youtube.com/watch?v=Y6JVsIiMLyU&amp;t=93"">1:33</a> <a href=""https://www.youtube.com/watch?v=Y6JVsIiMLyU&amp;t=93"">1:33</a> <a href=""https://www.youtube.com/watch?v=Y6JVsIiMLyU&amp;t=93"">1:33</a> <br><a href=""https://www.youtube.com/watch?v=Y6JVsIiMLyU&amp;t=93"">1:33</a> <a href=""https://www.youtube.com/watch?v=Y6JVsIiMLyU&amp;t=93"">1:33</a> <a href=""https://www.youtube.com/watch?v=Y6JVsIiMLyU&amp;t=93"">1:33</a><br><a href=""https://www.youtube.com/watch?v=Y6JVsIiMLyU&amp;t=93"">1:33</a> <a href=""https://www.youtube.com/watch?v=Y6JVsIiMLyU&amp;t=93"">1:33</a> <a href=""https://www.youtube.com/watch?v=Y6JVsIiMLyU&amp;t=93"">1:33</a>",31.0,2018-03-24T11:16:02Z
Y6JVsIiMLyU,실수로 너무흥분되서 폰에다쌈 ㅅㅂ,31.0,2019-06-13T11:54:28Z
Y6JVsIiMLyU,형님들 설현직캠띵작추천좀 속바지마니보이는것도좋음,31.0,2017-09-22T01:34:14Z
Y6JVsIiMLyU,예전꺼지만 아직도 대단한거같다 ㄷㄷ,30.0,2018-05-13T22:27:56Z
Y6JVsIiMLyU,왜 참아야하노  발지 가온나,30.0,2018-04-30T15:44:39Z
Y6JVsIiMLyU,"여자들이 좋아하는 스타일<br>선미, 화사<br>남자들이 좋아하는 스타일 <br>설현, 하니",29.0,2020-06-09T01:52:40Z
Y6JVsIiMLyU,"<a href=""https://www.youtube.com/watch?v=Y6JVsIiMLyU&amp;t=90"">1:30</a>",29.0,2022-11-30T14:44:03Z
Y6JVsIiMLyU,여신 그 자체,28.0,2019-06-19T17:42:06Z
Y6JVsIiMLyU,몸매 진짜 음탕❤,28.0,2024-08-30T18:12:39Z
Y6JVsIiMLyU,하앍 궁뎅이 흔들때 아 ㅈ같아라는표정 흥분되 하앍,28.0,2019-07-11T08:34:21Z
Y6JVsIiMLyU,내 기능이 치유되는 느낌!!!,27.0,2020-08-02T06:49:03Z
Y6JVsIiMLyU,나의 물건이 말을 안듣네 ㅋㅋ,27.0,2020-03-05T00:18:08Z
Y6JVsIiMLyU,이러니 연ㅇ멘들이 sns를 안하지,26.0,2019-06-22T19:22:52Z
Y6JVsIiMLyU,탁탁탁탁탁탁탁탁탁탁탁탁탁탁탁탁탁탁탁탁탁탁탁탁탁탁탁탁탁탁탁탁탁탁탁탁탁탁탁탁탁탁탁탁탁탁탁탁탁탁탁탁탁탁탁탁탁탁탁탁탁탁탁탁탁탁탁탁탁탁탁탁탁탁탁탁탁탁탁탁탁탁탁탁탁탁탁탁탁탁탁탁탁탁탁탁탁탁탁탁탁탁탁탁탁탁탁탁탁탁탁탁탁탁탁탁탁탁탁탁탁탁탁탁탁탁탁탁탁탁탁탁탁탁탁탁탁탁탁탁탁탁탁탁탁탁탁탁탁탁탁탁탁탁탁탁탁탁탁탁탁탁탁탁탁탁탁탁탁탁탁탁탁탁탁탁탁탁탁탁하응 기모찌,25.0,2019-09-20T15:27:42Z
Y6JVsIiMLyU,her legs are so long!!!,25.0,2019-09-25T14:57:04Z
Y6JVsIiMLyU,지코 얼마나 좋았을까...ㅅㅂ,25.0,2019-06-13T06:26:28Z
Y6JVsIiMLyU,지코가 부럽네ㅋㅋ,24.0,2018-08-11T14:37:38Z
Y6JVsIiMLyU,설현 개예뻐...머릿결 진짜 찰랑찰랑해,23.0,2019-07-25T18:17:21Z
Y6JVsIiMLyU,지코 부럽다,23.0,2020-06-07T10:42:49Z
Y6JVsIiMLyU,"성희롱하는 남자: 1%<br>남자인척 성희롱하는 페미:82% <br>정상인: 17%<br><br>여성시대 회원: 80만명<br>갓틀러,갓탈린이 학살한 페미: 120만 <br><br>갓틀러 갓탈린 재평가 <br>갓소련 갓독일 갓양남형님들께 고마움을 표한다",23.0,2021-07-16T07:11:03Z
Y6JVsIiMLyU,"<a href=""https://www.youtube.com/watch?v=Y6JVsIiMLyU&amp;t=38"">0:38</a> ㄷㅊㄱ",22.0,2020-01-29T20:26:37Z
Y6JVsIiMLyU,"<a href=""https://www.youtube.com/watch?v=Y6JVsIiMLyU&amp;t=90"">1:30</a> ㅗ?",22.0,2020-08-16T02:02:45Z
Y6JVsIiMLyU,"<a href=""https://www.youtube.com/watch?v=Y6JVsIiMLyU&amp;t=90"">1:30</a>",22.0,2022-05-09T15:49:56Z
Y6JVsIiMLyU,님들 전 페미는 아닌데 예쁘다 섹시하다 그런건 ㄱㅊ은데 박고싶다 이런말 쓰면 좀 불편하네 ㅋㅋ 선만지키자.,22.0,2019-11-26T16:21:29Z
Y6JVsIiMLyU,와 성희롱댓글이ㅋㅋ,22.0,2019-07-19T10:53:12Z
Y6JVsIiMLyU,암캐 GOAT,21.0,2024-09-28T18:40:52Z
Y6JVsIiMLyU,설현이 여자 아이돌 원탑,21.0,2020-02-25T18:18:34Z
Y6JVsIiMLyU,이거보면 설현이 왜 퀸덤했을때 좋아했는지 알겠음,21.0,2020-03-25T19:48:25Z
Y6JVsIiMLyU,성희롱댓글다는새기들 욕하는댓글만있길래  뭔지 볼려했더니만 하나도 안보이넹..,21.0,2019-09-22T00:48:18Z
Y6JVsIiMLyU,띵곡이야,20.0,2018-05-23T03:08:50Z
Y6JVsIiMLyU,"<a href=""https://www.youtube.com/watch?v=Y6JVsIiMLyU&amp;t=136"">2:16</a> Seolhyun y Hyejeon, ambas sincronizan sus movimientos para sacar su cabello de sus rostros! Tiernamente hermosas",20.0,2019-08-17T16:39:39Z
Y6JVsIiMLyU,"<a href=""https://www.youtube.com/watch?v=Y6JVsIiMLyU&amp;t=90"">1:30</a>",20.0,2021-04-25T21:22:23Z
Y6JVsIiMLyU,성희롱댓글 여자가 많이 달까 남자가 많이 달까 악플 여자가 많이달까 남자가 많이 달까<br>난 자기들이 댓글달고 자기욕하는 이중성에 놀랍다. 남돌 직캠 가면 진정한 성희롱 파티인데 거기가서도 따져주라.,19.0,2020-05-28T18:49:21Z
Y6JVsIiMLyU,진짜 댓글예상은했는데 진짜 대단들하다 맨날 생각해봐도 싼다싼다 이런얘들도 역겨운데 그거까는댓글이 수백개달리는게 보기더 역겨움,19.0,2019-09-18T17:24:56Z
Y6JVsIiMLyU,애들 싸우는거 개꿀잼이여서 가끔 구경하러 온다 ㅋ,18.0,2020-07-11T09:16:20Z
Y6JVsIiMLyU,AoA 아직 활동하지?? 빙글뱅글 이후로 소식이 없어서..,18.0,2020-06-04T13:25:58Z
Y6JVsIiMLyU,"구두 어디꺼지 탐난다,,",18.0,2019-07-29T16:41:05Z
Y6JVsIiMLyU,설현이 욕하는 사람들은 대부분 여자 맞잖아 ㅋㅋㅋ 인정해라<br>남자들은 설현이 욕 안해,18.0,2020-03-06T15:26:34Z
Y6JVsIiMLyU,춤 자체가 조낸 야함 ㅋㅋ,18.0,2024-09-26T08:28:50Z
Y6JVsIiMLyU,와근데 저모습이 20살임 저때? 대박이내,17.0,2020-09-19T22:28:45Z
Y6JVsIiMLyU,이 때 엄청 순둥순둥하게 생겼었네,17.0,2019-06-23T08:16:05Z
Y6JVsIiMLyU,존예존섹♥,17.0,2018-08-24T14:58:23Z
Y6JVsIiMLyU,She is perfect!,17.0,2019-10-17T05:27:27Z
Y6JVsIiMLyU,"<a href=""https://www.youtube.com/watch?v=Y6JVsIiMLyU&amp;t=90"">1:30</a>",17.0,2022-02-26T15:18:32Z
Y6JVsIiMLyU,표정 개꼴린다,17.0,2019-10-04T02:54:31Z
Y6JVsIiMLyU,이거지,16.0,2021-01-13T02:07:25Z
Y6JVsIiMLyU,비율이 이세상 비율이 아니야...,16.0,2020-06-25T09:51:12Z
Y6JVsIiMLyU,이거 보고 참을 수 있으면 보살이다,16.0,2019-09-28T03:08:04Z
Y6JVsIiMLyU,이때가 몇살임?,16.0,2021-07-22T12:04:52Z
Y6JVsIiMLyU,여자가 봐도 숨길 수 없는 섹시함,16.0,2019-07-31T11:35:24Z
Y6JVsIiMLyU,우이씨 내가 저팬츠입으면 엉밑살 밖으로  삐져나오는데........,16.0,2020-06-09T14:14:59Z
Y6JVsIiMLyU,시팔 바닥이 부럽다ㅜㅜ,16.0,2018-01-03T14:33:06Z
Y6JVsIiMLyU,아이고 좋아라..❤️,15.0,2024-11-21T18:33:13Z
Y6JVsIiMLyU,지금이면 04년생 스무살이네…진짜 성숙하다,15.0,2023-08-28T13:21:01Z
Y6JVsIiMLyU,지금 연속으로 하니 제니 손나은 설현 직캠 보고있는데 같은 여자로서 진짜 현타온다,15.0,2019-09-27T12:19:29Z
Y6JVsIiMLyU,"<a href=""https://www.youtube.com/watch?v=Y6JVsIiMLyU&amp;t=92"">1:32</a>",15.0,2019-06-18T15:06:55Z
Y6JVsIiMLyU,오랜만에 잘뽑았다,14.0,2024-11-26T18:06:27Z
Y6JVsIiMLyU,진짜 설현하고 결혼하고싶다,14.0,2020-01-01T12:19:51Z
Y6JVsIiMLyU,여기가 성희롱한댓글 안보이는데 성희롱한다고 욕하는댓글밖에 안보이는 곳인가요,14.0,2019-10-21T06:56:29Z
Y6JVsIiMLyU,여기 723개 댓글중에 성희롱 댓글 비율이 몇퍼임? 내려도 성희롱 댓글은 안보이고 성희롱 댓글 욕하는 댓글만 오지게 보이네,14.0,2019-10-21T08:30:44Z
Y6JVsIiMLyU,의상 몸매 안무 개레전드 영상이네 짧은치마 본방송 활동할때 설현 부상이라 무대영상 별로 없던데 대단하네~,13.0,2020-01-04T10:23:35Z
Y6JVsIiMLyU,진짜 역대급이다👍,13.0,2022-12-18T09:49:21Z
Y6JVsIiMLyU,이게 ㄹㅇ 건강미 있는 아름다운 몸 같다 요즘 여돌들 너무 말라서 걱정됨,13.0,2024-02-09T17:41:24Z
Y6JVsIiMLyU,에이오에이 너나 해 이런 콘셉트 곡 내줬으면 좋겠다 ㅠㅠㅠ야한 곡 말고 ㅠㅠ,13.0,2019-09-21T05:30:10Z
Y6JVsIiMLyU,"앳된 느낌이 많이 들긴 하네, 이 때는.",13.0,2019-06-30T05:18:57Z
Y6JVsIiMLyU,설현이 개인적으로 잘 돼서 좋다. 이런 좆같은 춤 출 필요도 없고 개인으로 잘 됐으니. 연기력만 더 제대로 쌓아서 배우 입지 확실히 다졌으면,13.0,2019-08-20T06:21:03Z
Y6JVsIiMLyU,"직캠 댓글 유형<br>1.오늘은 이거다,싼다 형(그 외 성희롱)<br>2.성희롱 댓글 욕하는댓글(과하게 많음)",13.0,2020-08-19T23:03:47Z
Y6JVsIiMLyU,난 진짜 지코가 제일 부러움,13.0,2019-07-24T07:26:07Z
Y6JVsIiMLyU,이노래가 오년전 노래였어?<br><br>난 최신가요 인줄...,12.0,2019-04-01T10:38:09Z
Y6JVsIiMLyU,성상품화 싫다더니 왜 저러고있냐 ㅋ,12.0,2019-07-18T14:11:31Z
Y6JVsIiMLyU,대단하긴하다 10년전 영상인데 아직까지 쓰이네,11.0,2024-12-02T16:21:07Z
Y6JVsIiMLyU,개인적으로 다이어트 자극 영상 1위.. 여자인데도 맨날 찾아봄,11.0,2022-07-29T07:15:31Z
Y6JVsIiMLyU,그냥 조ㆍ나 예쁨ㅇㅇ 얼굴도몸매도 환상적,11.0,2019-12-08T15:02:56Z
Y6JVsIiMLyU,쓸까말까 고민할땐 쓰장,11.0,2024-11-10T16:20:18Z
Y6JVsIiMLyU,피부가 까만데 청순할수 있구나… 예쁘고 진짜 아이돌중에 젤 청순한듯 ㅠㅠㅋㅋㅋㅋㅋ,11.0,2024-02-15T11:48:18Z
Y6JVsIiMLyU,짧은치마 노래내용이 한여자가 남자를 위해 유혹하기 위한 노랜데.<br>그걸 가지고 온갖 트집이란 트집을 다잡네.<br>이번에 나온 퀸덤 퍼포먼스 멋졌는데.<br>폐미언급 했다고 전에 AOA가수 몇몇분 물어뜯더만 태세전환 오지네.<br>짧은치마 임팩트는 강렬했다.,11.0,2019-09-23T11:09:28Z
Y6JVsIiMLyU,"하,...",11.0,2017-12-16T12:36:35Z
Y6JVsIiMLyU,지코가 졸라 부럽다,11.0,2024-10-02T08:54:36Z
Y6JVsIiMLyU,머리에 돌 들어있을거같은 여자들,11.0,2020-05-10T11:40:15Z
L-I0o5bB0D0,"<a href=""https://www.youtube.com/watch?v=L-I0o5bB0D0&amp;t=94"">1:34</a> 엉덩이살",31.0,2017-08-14T13:49:03Z
L-I0o5bB0D0,보자마자 한심하게 저질러버렷다 ㅠ,23.0,2022-10-02T02:32:41Z
L-I0o5bB0D0,진짜 설현은 몸이좋군,22.0,2019-06-26T23:50:46Z
L-I0o5bB0D0,"<a href=""https://www.youtube.com/watch?v=L-I0o5bB0D0&amp;t=94"">1:34</a>",21.0,2020-12-27T05:49:07Z
L-I0o5bB0D0,seolhyun is gorgeous &lt;3,13.0,2019-12-27T19:17:35Z
L-I0o5bB0D0,next time hyejeong plz,12.0,2014-10-16T23:43:15Z
L-I0o5bB0D0,와 진짜 여자가봐도 개이쁘다..눈빛 개요염하고 존예ㅜㅠ,11.0,2019-12-11T04:03:53Z
L-I0o5bB0D0,크...20살 설현이..,11.0,2019-06-14T04:09:12Z
am2gwGlO_gg,와 진짜 똑같아,1647.0,2016-08-04T00:21:40Z
am2gwGlO_gg,아니 어쩜 뭘해도 다 다닮았어요 ㅎㄷㄷ,918.0,2016-05-29T04:22:15Z
am2gwGlO_gg,"I can&#39;t believe how you can seriously look like Seolhyun, Hani, tzuyu, Suzy, etc so effortlessly! Its not even just slightly look like them, it&#39;s like you literally turn into them, that&#39;s how close to looking like them you are. It&#39;s absolutely amazing!!! It&#39;s honestly mind boggling and it&#39;s so cool! Amazing job! 💖",787.0,2016-08-19T09:10:10Z
am2gwGlO_gg,쯔위 닮으신거 같은데 쯔위도 한번 커버해보세용,409.0,2016-05-06T06:06:29Z
am2gwGlO_gg,예뻐~~~~~~~~~~~~~~~~~~~~~~~~~~,333.0,2016-04-20T14:38:22Z
am2gwGlO_gg,"This isn&#39;t even &#39;inspired&#39;, this IS Seolhyun! :O",328.0,2016-04-18T05:18:50Z
am2gwGlO_gg,"You should give yourself more credit, Sunny! This make up was definitely a success because you managed to look like a spitting image of Seolhyun, haha~ have more confidence la~!",287.0,2016-04-22T22:55:01Z
am2gwGlO_gg,how can you look like everyone i&#39;m shook,251.0,2016-10-04T05:33:50Z
am2gwGlO_gg,무슨메이크업을하던 진짜 다 똑같애 덜덜,242.0,2016-12-05T11:37:58Z
am2gwGlO_gg,와 써니님이월래이쁘셔서 설현 메이크업 하니까 똑가타😻,147.0,2016-09-09T10:02:28Z
am2gwGlO_gg,와 진짜 써니님은 연애인 메이크업할때마다 진짜로 비슷하게 잘하시는듯♡,143.0,2016-09-02T14:24:13Z
am2gwGlO_gg,설리요!!!!!!!!!! 설리설리설리설리!!!!!!!!!!!!!!!!!!!,135.0,2016-04-19T15:52:46Z
am2gwGlO_gg,나 맨처음에 표지보고 진짜 설현이네 함ㅋㅋㅋ,133.0,2017-01-13T08:10:13Z
am2gwGlO_gg,와...진짜 똑같다... 설현 베이비돌버전같은 느낌이에요ㅋㅋㅋㅋㅋ 얼굴은 설현인데 애기애기해서 ㅎㅎ,124.0,2016-04-19T03:29:25Z
am2gwGlO_gg,ㄹㅇ천의얼굴,124.0,2016-04-18T13:44:04Z
am2gwGlO_gg,You think you failed?.. Whatttt noooo you look so much like seolhyun ❤️❤️❤️👍🏻👍🏻,106.0,2016-04-18T10:56:28Z
am2gwGlO_gg,I&#39;m <b>SHOOK</b> like seriously from Seolhyun to Hani to Yeri . She can troll so many kpop fans,97.0,2016-11-05T14:35:47Z
am2gwGlO_gg,🎀 혹시 김지원 메이크업 되나요? ㅎ🎀,91.0,2016-04-18T15:03:05Z
am2gwGlO_gg,진심 설현 대타 뛰어도 될정도로 비슷함..넘나 예쁜것!!!!!!!!!,84.0,2016-11-09T20:20:26Z
am2gwGlO_gg,이분은 뭔가 따라할때마다 조금씩 다 닮은듯,74.0,2016-04-23T06:33:12Z
am2gwGlO_gg,진짜 설현인줄ㅋㅋㅋ,73.0,2016-04-23T08:48:21Z
am2gwGlO_gg,와 진짜 똑같어 ㅠㅠㅠ 짱이에용!! 잘보고가용 ❤️,65.0,2016-04-18T05:32:53Z
am2gwGlO_gg,와...이번 메이크업도 완전 성공적인데요??? 가발이 조금 아쉬운것빼고 진짜 비슷했어요 그리고 쉐도우법이 생각보다 간단해서 저도 집에서 한번 도전해볼까해요:D!,51.0,2016-04-18T11:35:43Z
am2gwGlO_gg,얼굴이도대체몇개에요.. 다똑같아,49.0,2016-04-18T04:56:04Z
am2gwGlO_gg,집에굴러다니는 음영섀도우가 맥소바...,45.0,2016-12-18T00:41:22Z
am2gwGlO_gg,She is 19 and knows how to do makeup.. I&#39;m 19 but I am horrible in doing makeups.. BAHAHAHA!! XD Awesomeeeee~~~,44.0,2016-08-28T09:41:12Z
am2gwGlO_gg,헐. 뭐지? 오프닝 보는데 설현사진인줄 알고 겁나 깜짝놀랫어요... 헐..... 뭐야 존똑이자나?,39.0,2016-04-18T06:15:20Z
am2gwGlO_gg,이성경메이크업 해주면 안될까요? 제발요♥,36.0,2016-12-06T15:03:38Z
am2gwGlO_gg,와 진짜 닮았다 디게 잘하신다ㄷㄷ,34.0,2017-01-11T11:28:21Z
am2gwGlO_gg,"if your going to put this make up on,  you have to go to block b concert hahahaha",34.0,2016-10-16T05:07:42Z
am2gwGlO_gg,써니 님! 옷은 어디서 구하나요?,32.0,2016-09-15T07:29:08Z
am2gwGlO_gg,설현 닮았지만...솔직히 써니언니가..더 이쁜...,31.0,2016-12-17T00:37:45Z
am2gwGlO_gg,와 존똑.. ㄹㅇ 화장짱잘해..,30.0,2016-04-18T05:10:08Z
am2gwGlO_gg,써니님이 아직 어리시고 편집이 휘양찬란하지 않으셔서 그렇지 연예인커버하는건 거의 국내 탑급이신거 같음,27.0,2016-04-18T14:30:03Z
am2gwGlO_gg,언닌 진짜 천의 얼굴 뭘해도 똑같아요👍,26.0,2017-01-27T08:03:48Z
am2gwGlO_gg,갑자기 드는 생각인데 써니씨(?) 남자친구 생기면 막 그 남자친구가 &quot;내일은 설현!&quot; 이러고 &quot;모레는 혜리!&quot; &quot;다음은 수지!&quot; &quot;그 다음은 하니!&quot; 이렇게 주문하고 써니씨가 그대로 메이크업 하구 남자친구 만나러 나가면 그남자는 날마다 다른 연예인이랑 사귀는 기분일거같아요ㅋㅋㅋㅋㅋㅋㅋㅋㅋㅋ😂,25.0,2016-04-18T16:59:32Z
am2gwGlO_gg,티이라 지연 메이크업 좀 해주세요 ㅠ.ㅡ 미간이 좁은 여성 메이크업 좀 해주세요 ㅠ.ㅜ,24.0,2016-09-27T07:36:07Z
am2gwGlO_gg,메이크업이 아니라 코스프레 수준.. 레알 천의 얼굴이에요,20.0,2016-04-19T06:37:07Z
am2gwGlO_gg,오구오구 겁나 잘한다 진짜...♥ 울 써니쨔응 언니가 격하게 좋아합니다👍,20.0,2016-04-18T18:07:10Z
am2gwGlO_gg,"everything, the whole look is PERFECTTT but OMG that lip color, I NEED😍 &amp;..🎀",18.0,2016-04-18T09:48:00Z
am2gwGlO_gg,아이오아이 김도연이요!!!!! 닮으셨어요,18.0,2016-04-28T04:49:52Z
am2gwGlO_gg,SUNNY WHY ARE YOU SO AMAZING LIKE YOU CAN LEGIT TURN INTO ANYONE YOURE SO CUTE OMG I CANT TAKE THIS CUTENESS AND INCREDIBLE AMOUNT OF TALENT /CRIES IN A CORNER/,17.0,2016-08-20T13:11:56Z
am2gwGlO_gg,수지오!!!!수지해주세요?!!!!!!!<br>수지도해줘요ㅠㅠ,17.0,2016-04-22T17:23:17Z
am2gwGlO_gg,진짜 설현 같아요,15.0,2016-11-12T05:21:01Z
am2gwGlO_gg,브이앱에서 했던 백인하 커버 메이크업은 언제 올라오나요? 따로 유투브 영상으로 올린다고 했던것 같은데 😂,13.0,2016-04-18T11:58:17Z
am2gwGlO_gg,두분다 피부가 까맣고 얼굴도 살짝 비슷한 것 같아요!,13.0,2017-01-07T06:34:39Z
am2gwGlO_gg,베럴댄떽뚜ㅋㅋㄱㅋㅋㅋㄱㅋㅋㅋ넘나귕여워여,13.0,2016-04-18T15:25:10Z
am2gwGlO_gg,헐...넘나 똑같다...다음 커버 영상은 설리나 한효주 메이크업도 괜찮을 것 같아요!,11.0,2016-04-18T08:49:06Z
am2gwGlO_gg,집에 맥 소바가 굴러다니다니.....넘나대단한것...,11.0,2016-04-18T05:08:57Z
am2gwGlO_gg,헐..첨에 진짜 설현인줄..,11.0,2016-10-10T07:27:37Z
am2gwGlO_gg,Please do Blackpink&#39;s Jisoo 😍😍😍,11.0,2016-11-23T13:52:33Z
