Office,Date,Link,Identity
경향신문,2020.08.06,https://n.news.naver.com/mnews/article/032/0003025166?sid=102,n0003025166
경향신문,2020.08.10,https://n.news.naver.com/mnews/article/032/0003025835?sid=110,n0003025835
경향신문,2020.08.11,https://n.news.naver.com/mnews/article/032/0003026011?sid=101,n0003026011
국민일보,2020.08.05,https://n.news.naver.com/mnews/article/005/0001348923?sid=103,n0001348923
국민일보,2020.08.06,https://n.news.naver.com/mnews/article/005/0001349359?sid=103,n0001349359
국민일보,2020.08.06,https://n.news.naver.com/mnews/article/005/0001349230?sid=102,n0001349230
,2020.08.06,https://m.entertain.naver.com/article/005/0001349231,m0001349231
국민일보,2020.08.06,https://n.news.naver.com/mnews/article/005/0001349257?sid=103,n0001349257
국민일보,2020.08.06,https://n.news.naver.com/mnews/article/005/0001349202?sid=103,n0001349202
국민일보,2020.08.07,https://n.news.naver.com/mnews/article/005/0001349550?sid=103,n0001349550
국민일보,2020.08.07,https://n.news.naver.com/mnews/article/005/0001349722?sid=102,n0001349722
,2020.08.08,https://m.entertain.naver.com/article/005/0001349947,m0001349947
국민일보,2020.08.10,https://n.news.naver.com/mnews/article/005/0001350289?sid=103,n0001350289
국민일보,2020.08.12,https://n.news.naver.com/mnews/article/005/0001351136?sid=103,n0001351136
국민일보,2020.08.19,https://n.news.naver.com/mnews/article/005/0001353098?sid=103,n0001353098
동아일보,2020.08.05,https://n.news.naver.com/mnews/article/020/0003301709?sid=102,n0003301709
동아일보,2020.08.07,https://n.news.naver.com/mnews/article/020/0003302115?sid=103,n0003302115
동아일보,2020.08.12,https://n.news.naver.com/mnews/article/020/0003302814?sid=103,n0003302814
동아일보,2020.08.12,https://n.news.naver.com/mnews/article/020/0003303042?sid=103,n0003303042
문화일보,2020.08.12,https://n.news.naver.com/mnews/article/021/0002438548?sid=110,n0002438548
서울신문,2020.08.05,https://n.news.naver.com/mnews/article/081/0003113247?sid=103,n0003113247
서울신문,2020.08.06,https://n.news.naver.com/mnews/article/081/0003113552?sid=103,n0003113552
서울신문,2020.08.06,https://n.news.naver.com/mnews/article/081/0003113465?sid=103,n0003113465
서울신문,2020.08.10,https://n.news.naver.com/mnews/article/081/0003114309?sid=103,n0003114309
서울신문,2020.08.11,https://n.news.naver.com/mnews/article/081/0003114824?sid=100,n0003114824
서울신문,2020.08.15,https://n.news.naver.com/mnews/article/081/0003115939?sid=102,n0003115939
,2020.08.05,https://m.entertain.naver.com/article/022/0003490942,m0003490942
,2020.08.06,https://m.entertain.naver.com/article/022/0003491217,m0003491217
,2020.08.06,https://m.entertain.naver.com/article/022/0003491321,m0003491321
세계일보,2020.08.07,https://n.news.naver.com/mnews/article/022/0003491555?sid=102,n0003491555
세계일보,2020.08.10,https://n.news.naver.com/mnews/article/022/0003492370?sid=103,n0003492370
,2020.08.11,https://m.entertain.naver.com/article/022/0003492720,m0003492720
세계일보,2020.08.12,https://n.news.naver.com/mnews/article/022/0003493044?sid=102,n0003493044
조선일보,2020.08.06,https://n.news.naver.com/mnews/article/023/0003551977?sid=103,n0003551977
조선일보,2020.08.07,https://n.news.naver.com/mnews/article/023/0003552281?sid=103,n0003552281
조선일보,2020.08.08,https://n.news.naver.com/mnews/article/023/0003552522?sid=103,n0003552522
조선일보,2020.08.10,https://n.news.naver.com/mnews/article/023/0003552796?sid=105,n0003552796
조선일보,2020.08.11,https://n.news.naver.com/mnews/article/023/0003553088?sid=105,n0003553088
조선일보,2020.08.15,https://n.news.naver.com/mnews/article/023/0003554006?sid=102,n0003554006
조선일보,2020.09.02,https://n.news.naver.com/mnews/article/023/0003558744?sid=102,n0003558744
중앙일보,2020.08.05,https://n.news.naver.com/mnews/article/025/0003023683?sid=101,n0003023683
중앙일보,2020.08.06,https://n.news.naver.com/mnews/article/025/0003023855?sid=101,n0003023855
중앙일보,2020.08.06,https://n.news.naver.com/mnews/article/025/0003023975?sid=103,n0003023975
중앙일보,2020.08.08,https://n.news.naver.com/mnews/article/025/0003024474?sid=102,n0003024474
중앙일보,2020.08.10,https://n.news.naver.com/mnews/article/025/0003024770?sid=101,n0003024770
중앙일보,2020.08.10,https://n.news.naver.com/mnews/article/025/0003024952?sid=101,n0003024952
중앙일보,2020.08.11,https://n.news.naver.com/mnews/article/025/0003025259?sid=101,n0003025259
중앙일보,2020.08.12,https://n.news.naver.com/mnews/article/025/0003025403?sid=101,n0003025403
,2020.08.13,https://m.entertain.naver.com/article/025/0003025682,m0003025682
중앙일보,2020.08.31,https://n.news.naver.com/mnews/article/025/0003030768?sid=101,n0003030768
한겨레,2020.07.12,https://n.news.naver.com/mnews/article/028/0002504734?sid=102,n0002504734
한겨레,2020.08.07,https://n.news.naver.com/mnews/article/028/0002508014?sid=103,n0002508014
,2020.08.05,https://m.entertain.naver.com/article/469/0000522700,m0000522700
,2020.08.06,https://m.entertain.naver.com/article/469/0000523165,m0000523165
,2020.08.10,https://m.entertain.naver.com/article/469/0000524226,m0000524226
한국일보,2020.08.13,https://n.news.naver.com/mnews/article/469/0000525024?sid=110,n0000525024
