﻿Video_ID,comment_text,comment_likes,comment_date
swYjqy5k6Ck,제일 화가나는건 아프리카티비에서 생방으로 비비큐 4종 먹방할때 “내돈 8만원주고 숙제소리 듣고있는데” 이 발언임 이건 확실히 해명하셔야할듯<br>+자세히 설명해보자면<br>생방중에 시청자가 치킨이 숙제=광고냐고 물어봤는대 양팡이 “내 돈 8만원 주고 숙제 소리듣네”라는 발언을함<br>즉 원래 광고맞는대 광고 아니고 내 돈주고 먹는거다라는 거짓말을 친거임 <br>영상은 양팡 8만원치면 나옵니다,7665,2020-08-05T05:26:21Z
swYjqy5k6Ck,"양팡 지난간 이슈들.. 다이소,중국몽,부동산 그래 솔직히 이건 양팡이 무지하고 잘 모르고 저지른 &#39;실수&#39;라고 생각하고 그냥 그러려니했다. 근데 이번건 너무 고의적인 기만행위로밖에 안보인다...2017년부터 양팡 유튭 봐온 나름 찐팬인데, 매번 흥행할때마다 같이 환호한 우리를 단순 돈들어오는 매개체 역할로밖에 생각안하고 기만한 게 뒷통수 얼얼하다...",3516,2020-08-05T08:04:53Z
swYjqy5k6Ck,양팡ㅋㅋㅋㅋㄲㅋ<br>방송에서 &quot;내돈 8만원주고 사먹는건데 숙제소리를 듣네 그냥 무시할게요&quot; 이러고 영상 고정댓글에도 자기는 원래 광고면 광고라고 협찬이면 협찬이라고 한다고 구라는 다 쳐놓고 이제와서 걸리니까 슬쩍 영상 비공개하고나서 이슈되고 댓글에 비비큐 도배되니까 이제와서 사과문게시 ㅋㅋㅋㅋㅋㅋㅋㅋㅋㅋㅋㅋㅋㅋㅋㅋㅋㅋㅋㅋ 그냥 또 양팡이 양팡했다,3257,2020-08-05T05:35:21Z
swYjqy5k6Ck,ㅈㄴ 열받는게 광고보기싫어서 유튜브 프리미엄 신청한건데 지금까지 돈주고 광고쳐본 꼴 됨,2605,2020-08-05T11:46:57Z
swYjqy5k6Ck,저거 영상에서 누가 광고인데 왜 말 안하냐고 해서 양팡이 내가 내돈 8만원 내고 먹는데 왜 이런소리를 들어야하죠? 무시하고 먹을게요 라고 게걸스럽게 치킨 먹으면서 말하는 내용도 있음 ㅋㅋ 그래서 내림,2300,2020-08-05T05:20:15Z
swYjqy5k6Ck,양팡을 보면 <br>굉장히 &quot;얍실한 스타일&quot; 같아요^^^,2278,2020-08-05T05:19:02Z
swYjqy5k6Ck,양팡 이 애는 사건사고가 어찌 그리많냐?<br>1.다이소 발언 사건<br>2.부동산 계약사건<br>3.뒷광고..,1598,2020-08-05T10:37:51Z
swYjqy5k6Ck,양팡 다른논란보다 이게 진짜 개정떨이다..,1266,2020-08-05T05:04:01Z
swYjqy5k6Ck,"돈에 눈이멀어 시청자 기만과 표시광고법 위반을 일삼는 불법 쓰레기유튜버, 연예인들 <br>정배우에게 싹 다 제보해주세요 (이메일로 증거포함 dydwogo@gmail.com)<br><br>100만 유튜버든, 300만, 400만이든 상관없습니다 <br>눈치안보고 안티생기든 말든 고소먹든 말든 노빠꾸로 조집니다<br><br>제보방법 : 가장 중요한 증거는 내돈내산영상 알고보니 광고(광고표시 없으면 더좋음) or 의료법 위반 or 더보기란, 고정댓글, 광고표시(유료광고포함)를 안했었는데<br>갑자기 사건터진후 광고표시로 바꾼 캡쳐사진 전,후 이렇게 보내주시면 증거 끝!<br><br>정배우 이메일로 많은 제보 기다립니다 dydwogo@<a href=""http://gmail.com/"">gmail.com</a><br><br>정배우 너는 왜 사고도 많이 쳤으면서 정의로운척 하냐라는 댓글이 3년째달리는데<br>저는 착한사람, 정의로운 사람이 아닙니다 사고도 많이 쳤고 ㅄ인거 저도 잘 압니다<br>원래 나쁜사람이 나쁜사람을 조지는겁니다 <br>착한사람은 마음약해서 싫은소리를 못하기때문에 저같은놈이 해야죠<br>착한척, 깨끗한척, 정의로운척 한적 없습니다<br><br>앞광고 하나만 하겠습니다 정배우 인스타 팔로우좀 부탁드려연 정배우 검색!<br><a href=""https://www.instagram.com/jungtube/"">https://www.instagram.com/jungtube/</a>",1237,2020-08-05T05:05:03Z
swYjqy5k6Ck,양팡 나름 등등 왠지 정 안가는 유튜버들은 대거 썰리냐 관상이란게 있는듯,955,2020-08-05T06:43:06Z
swYjqy5k6Ck,양팡 또 질질짜면서 사과영상 올릴거 뻔하다,722,2020-08-05T05:03:34Z
swYjqy5k6Ck,양팡은 이제 거를 때 됐어 얘들아.. 사건이 한두개도 아니고 그만 빨아,676,2020-08-06T18:15:09Z
swYjqy5k6Ck,"양팡은 자기 잘못이라고 인정을 안함 ㅋㅋㅋㅋㅋ지 주장 존나 쎄고 자기 생각으로만 세상이 돌아간다고 생각하는거보면 참,,;: 말은 따박따박 대들면서 돈에 미쳐가지고 구독자도 속이냐",664,2020-08-05T14:55:29Z
swYjqy5k6Ck,양팡 illegal advertisement,603,2020-08-05T10:45:47Z
swYjqy5k6Ck,양팡은 애초에 근본부터 저런 앤데 뭘 이제와서,355,2020-08-05T12:43:34Z
swYjqy5k6Ck,돈도 잘벌면서 다돈에 미쳐서 날뛰는꼴 보기가 실네,323,2020-08-05T13:48:12Z
swYjqy5k6Ck,아니 앵간 주작해 ㄹㅇ 송대익이네 다들 한달 후 일상 브이로그 올릴 각,307,2020-08-05T20:53:21Z
swYjqy5k6Ck,또 양팡이야?,296,2020-08-05T05:06:51Z
swYjqy5k6Ck,솔직히 다이소 사건때부터 좀 정떨어졌었는데 진작에 알아봐야했던 걸까.,269,2020-08-05T14:07:20Z
swYjqy5k6Ck,양팡은 진짜 몇번째냐,257,2020-08-05T05:16:26Z
swYjqy5k6Ck,"시청자 기만  , 표시 광고법 위반 , 유튜브 정책 위반  이거 3개만 해도 팩트 아닌가? ㅋㅋㅋㅋㅋㅋㅋ 불법이다 불법",254,2020-08-05T05:48:22Z
swYjqy5k6Ck,양팡이 양팡한거 아닌가요 원래 좀 이상한 애던데,250,2020-08-05T05:20:59Z
swYjqy5k6Ck,양팡 아파트 논란 터졌을때부터 구독취소 했는데 참 잘한 선택인듯 ㅋㅋ,242,2020-08-07T08:04:31Z
swYjqy5k6Ck,양팡 또 즙 짜면서 영상 올라오겟네 ㅋㅋㅋㅋㅋㅋㅋㅋㅋ 돈 맛 보더니 눈돌아서 뵈는거 없겠지 빨아주는 애들도 많고,237,2020-08-05T06:01:20Z
swYjqy5k6Ck,영화 유튜버들도 조집시다<br>넷플릭스 광고인데 표시 안하는 사람 많음,235,2020-08-05T07:10:16Z
swYjqy5k6Ck,양팡 애 진짜 유튜브 에서 제발 사라져 줘라 ..... 사건 사고 꼭 있내,216,2020-08-05T05:04:54Z
swYjqy5k6Ck,그냥 이런 유튜버들은 한번 에 싹다 영정 해야 하는데 나중에 시간 지나서 잠잠해지면 아무일 없다는 듯이 나올생각 하니 줬같네,215,2020-08-05T21:40:51Z
swYjqy5k6Ck,진짜 유튜버들 실화냐 충격이 이만저만이 아니다,209,2020-08-05T06:40:35Z
swYjqy5k6Ck,양팡은 면상 보기도 싫다.사건만 터지면<br>질질 짜고 모를리가 없을텐데 몰랐다고<br>하고 이번에도 봐라 영상 비공개 하고<br>시청자들 지랄하면 또 짠다 짜.,207,2020-08-05T12:30:57Z
swYjqy5k6Ck,2020년 불법유튜버 망시대,197,2020-08-05T06:16:49Z
swYjqy5k6Ck,양팡이 양팡했네  놀랍지도 않다,194,2020-08-05T05:07:20Z
swYjqy5k6Ck,앙팡은  사건 제조기네ㅋㄲ  도대체이해할수가없다,190,2020-08-05T05:41:25Z
swYjqy5k6Ck,이게 사실이면 양팡이도 잘못이죠.<br>선택에는 언제나 책임이 따른다<br>쿨하게 책임져,184,2020-08-05T13:05:47Z
swYjqy5k6Ck,양팡 등 옹호할 생각 1도 없지만 정배우도 문제많음 이슈팔이로 지 과오는 묻어버리는..,174,2020-08-06T04:23:20Z
swYjqy5k6Ck,"유튜버분들 사과문들을 보니 진중하게 적은것처럼 보여도 내용은 이번 뒷광고 사건이 별일이 아닌 것처럼 대응하시는 것 같아 지나가다 남깁니다.<br><br>유료 광고 영상입니다. 라는 문구가 들어간 10분짜리 영상은 시청자들이 거를수 있는 권리가 있죠.<br><br>유튜브 영상을 클릭하면 5초뒤 SKIP버튼이 나오는 것처럼요.<br><br>하지만 뒷광고를 하게되면 시청자 입장에서 광고 보기 싫어서 SKIP했는데 <br>강제로 10~30분짜리 광고영상을 보게 되는거죠.<br><br>광고라는게 그래요<br>제작비 00억 대형 프로젝트 영화<br>라고 하면<br>영화보기전에 광고 오지게 나오죠?<br>그리고 영화 중간중간 홍보영상이 나옵니다.<br>(차량의 종류를 가리지 않는다거나등)<br>이런 걸로 인해 시청자들중 누군가는 그냥 영화에 지나가는 차량이겠거니~ 하지만<br>누군가는 &quot;이야 이거 ㅇㅇ영화에 나왔던 차량인데 좋아보이더라&quot; 하는게 광고 효과죠.<br><br>그런 직접적인 광고를 넣는 곳이 배급사나     투자처인데 그것도 법적 허용 내에서 광고가 진행이 가능합니다.<br><br>갑자기 영화 중간이 미국인이 길 물어 보는데 &quot;아니 왜 한국에서 영어하고 지X이야? ㅇㅇ영어스쿨도 아니고..&quot;<br>라는 개뜬금포 대사가 나오면 어떨까요?<br>기분 잡치겠죠<br><br>그런걸 &quot;선택&quot;할 수 있는 권리를 시청자들에게 주는겁니다.<br>광고입니다. 보기 싫으면 보지 마세요 라는 식이죠<br>근데 영상은 다릅니다.<br><br>광고표기를 하지 않으면 광고인지 모르고 광고보는시간을 낭비하게 되죠.<br><br>단가에 대해서 간단히 말씀드리면<br>앞광고와 뒷광고의 단가는 당연히 다릅니다. 요즘은 기업에서 유튜버에게 앞광고시 광고비와 뒷광고시 광고비 두가지 제안을 하는 편입니다.<br><br>앞광고는 위에서 언급했듯 시청자들이 &quot;선택&quot;을 하기에 안보는 사람도 많고 광고주들도 ㅇㅇ유튜버에게 광고를 했다는 것을 회계장부에 기록하죠<br>&quot;ㅇㅇ기업은 ㅇㅇ유튜버에게 광고의뢰 1억원 지급&quot;<br>이렇게요<br>하지만 광고표기가 없다?<br>그럼 ㅇㅇ기업에서 회계장부에 광고비 지급이라 안하고<br>회사 비품사는데 들어간 비용이다라고 표기를 한다면<br>세금 절감도 되겠죠<br><br>세금이 1000만원이라 가정하고<br>광고라고 1억+ 세금1000만원을 내느냐<br>뒷광고로 1억+ 300만원을 유튜버에게 주고 나머지 700만원을 챙기느냐<br>라는 식의 탈세도 되겠죠<br><br>또한 광고효과는 시청자들이 &quot;선택&quot;할 수 있는 권리로 100명중 60명이 볼수있지만<br>뒷광고는 100명중 100명을 노릴수있어서 광고효과는 더 좋으면서 절세효과도 누리는거죠<br><br><br>즉, 위법입니다. <br>시청자들을 절세의 도구로 삼은거고 시청자들을 기만하고 우롱한 행위입니다.<br>거기에 제일 앞장선 사람이 유튜버가 되는 것이고 <br>뒤에 흑막은 기업이 되겠죠<br><br>앞광고와 뒷광고 두가지 제안 중 선택은 유튜버가 최종적으로 합니다.<br><br>그런데 여러 사과문을 보더라도 인정하기보단 몰랐다, 깜빡했다, 봉변이다라는 늬앙스의 사과문인 유튜버들밖에 없어 참으로 안타깝습니다.",167,2020-08-06T21:33:49Z
swYjqy5k6Ck,제발 이번에 걸린 유튜버들 다 영정 때렸으면 좋겠다ㅋㅋㅋㅋㅋㅋㅋㅌㅌㅋㅋㅋㅋㅋㅋㅋㅋ 어이가 없어서 진짜,158,2020-08-05T06:42:44Z
swYjqy5k6Ck,사람은 성공을 하게되면 가난했던 시절을 기억을 못한다,156,2020-08-06T14:58:45Z
swYjqy5k6Ck,양팡은 몇달에 한번씩 터지네.... 문제가 많아,155,2020-08-05T21:46:15Z
swYjqy5k6Ck,양팡 송대익은 진짜 관상부터 비호감,155,2020-08-06T09:02:47Z
swYjqy5k6Ck,"양팡 사건사고 주기적으로 터지고 이제는  <br>채널삭제해라. 사과영상,눈물 이런거로<br>더이상 어린 구독자 속이지마라.",154,2020-08-06T02:10:46Z
swYjqy5k6Ck,문복희는 뒷광고로 돈 어마어마하게벌었구나.....대박이다진짜....,144,2020-08-06T12:17:51Z
swYjqy5k6Ck,님들 상해기라는 유튜브가 있는데 양팡님 때문에 bbq 찾아보니까 그분도 유료광고표시가 없었는데 오늘 보니가 유료광고 표시가 방금 생겼네요...ㅋㅋ 이거 완전 먹방 유튜브들 사기꾼들 아닙니까? 정배우형님 조져주십니오,142,2020-08-06T01:09:10Z
swYjqy5k6Ck,지 입맛에 안 맞는 댓글은 실시간 모니터링해서 삭제시키네 ㅋㅋㅋㅋ,141,2020-08-06T10:31:08Z
swYjqy5k6Ck,"제발 사람들 양팡꺼 그만봤으면 좋겠음,,",140,2020-08-05T17:03:37Z
swYjqy5k6Ck,유료광고를 포함하고 싶습니다 ㅋㅋㅋㅋ,137,2020-08-05T05:01:24Z
swYjqy5k6Ck,양팡은 진짜 운좋아서 성공한 바보임ㅋㅋ 지금 사건이 몇갠데 또 일을 터트리네,133,2020-08-05T12:44:10Z
swYjqy5k6Ck,양팡은 너무 비호감. 얘 사건사고 분기마다 터지네 ㅋㅋㅋㅋㅋ 사기꾼가족 ㅋㅋㅋㅋㅋ<br>하나같이 관상이 썩... ㅋㅋ,131,2020-08-05T05:23:41Z
swYjqy5k6Ck,아니 진짜 양팡은 도대체 어찌 된 애인지 궁금함<br>한두번은 실수라고 해도....이정도면 진짜 애 자체가 멍청한거일수밖에...제일 가관인거는 영상 먼저 내리고 사람들이 ㅈㄴ모라하니까 사과문같지도 않은거 올림ㅋ,123,2020-08-05T14:07:53Z
swYjqy5k6Ck,사건도 여러번 터지면 결국은 문제가 있는 유튜버인거는 기정 사실이지. 겉과 속이 다른거야.,123,2020-08-05T12:59:54Z
swYjqy5k6Ck,"왼쪽 아래 깨알같이 &quot;유료광고를 포함하고 싶습니다.&quot; 뭐냐 ㅋㅋㅋㅋㅋ<br>어제도 이 영상 2번 봤는데, 지금 발견했다. ㅋㅋㅋㅋㅋㅋㅋㅋㅋㅋㅋㅋㅋㅋ",119,2020-08-06T13:41:35Z
swYjqy5k6Ck,뒷광고 = 수입 은닉 = 탈세,119,2020-08-06T02:48:50Z
swYjqy5k6Ck,물갈이 한번 해야지 ^^,119,2020-08-05T05:02:55Z
swYjqy5k6Ck,부모를 보면 자식을 안다. 자식을 알면 부모를 안다.서로 무지한건지 아니면 정반대인지? 세상 참 돈 벌기가 쉽다.,111,2020-08-05T20:26:56Z
swYjqy5k6Ck,이번 렉카출동은 인정이다 정배우  ㅋㅋㅋㅋㅋ,98,2020-08-05T05:11:03Z
swYjqy5k6Ck,ㅋㅋ 유료광고 포함하고 싶습니다 존나웃기네,98,2020-08-05T05:22:03Z
swYjqy5k6Ck,이렇게 논란잇는 유튜버들 제발 유튜브 그만 하게 정책이 좀 생겻으면 좋겟어요...!!!,90,2020-08-06T23:56:57Z
swYjqy5k6Ck,양팡은 언제 망해도 모르는 유튜버임 여태까지 터진일이 몇개냐 대체,88,2020-08-05T11:56:39Z
swYjqy5k6Ck,저격해서 조회수 버는것도 ㅉㅉ,82,2020-08-06T10:22:57Z
swYjqy5k6Ck,"방제 : 죄송합니다<br><br>(무표정으로 시작)<br><br>-bj:<br>제가 이것저것 많이 하다 보니까 깜박하고<br>표시를 못했어요 정신 없고 몸도 아프고<br>신경이 날카로워서 일일이 다 못 챙겼어요<br>그리고 그때 다들 절 음해하고 괴롭혀서<br>힘든시기였어요<br>우리 가족들 욕도 맨날 보고 사니까<br>제가 너무 힘들어요<br>앞으로 미숙한 모습 더이상<br>안보여드리고 방송 잘 할께요<br>크루는 한번 더 생각 해 볼께요<br><br>-채팅창:<br>방송 접어라<br>나가라<br>다른 건?<br>또 너냐?<br>맨날 미숙하냐?<br>이번에도 런하겠지?<br>아프리카 믿고 기세등등하네<br>크루 BJ한테 사과해<br>다른 BJ들한테 사과해<br>다이소?<br>집 계약?<br>철구 봉준이한테 안 미안하냐?<br>또 울면서 풍 수금 하냐?<br>%;÷%,,^#,^<br><br>-bj:<br>(즙 on 펑펑 울면서)<br>내가 뭘 그렇게 죽을 죄를 지었는데?!! (엉엉)<br>사람이 실수도 할 수 있지!!!<br>내가 이러니까 안미치고 베기나!!!<br>매니져 저런것들 안쳐내고 머하는데 니들은!!<br>내가 깜박하면 니들이 좀 챙겨 주면<br>어디 덧나나!!!!!!!!!!!<br>내가 이번에는 안봐준다<br>음해하거나 허위사실 말하는 사람들<br>싹 다 고소하고 선처 없을꺼다<br>니들 각오해라<br><br>-매니져 :<br>여러분들 제 실수 입니다<br>우리 BJ는 몰랐습니다<br>제가 죄송합니다<br><br>(갑자기 모친이 방문을 열고 들어오며)<br><br>우리 애가 너무 힘들었자나요<br>너무 머라하지는 말아주세요<br>우리도 잘할려고 하다가 실수 한거자나요<br>아이고마... 제가 다 죄송합니다.<br><br>-채팅창<br><br>울디마<br>우가 지켜줄께<br>누가 울렸어?<br>채팅창 올려서 다 블랙하자<br>힘내 사랑해<br>널 시샘해서 그런거야<br>욕하는 놈들 부러워서 욕하지?<br>니네가 우리 언니보다 돈 잘벌어?<br>어린 여자가 돈 잘버니까 부럽냐?<br>니네 사심충이지?<br>채팅팡 더럽히는 놈들 니네 부모가 불쌍타<br><br>-bj:<br><br>죄송합니다 앞으로 더욱 신경 쓰겠습니다<br><br>-채팅창<br><br>(하트)(하트)(하트)<br>도배<br><br>1분 정도 후 방종<br><br>- 즙세탁완료 -",81,2020-08-05T12:42:12Z
swYjqy5k6Ck,피자나라 치킨공주 = 송대익<br>비비큐 = 양팡<br><br><br><br>다음은 어디일까,80,2020-08-05T17:05:30Z
swYjqy5k6Ck,돈벌라고 하는 유튜브지만 <br>너무 “ 돈돈돈 “ 거리는 <br>너무 “ 돈돈돈 “ 만밝히는 <br>채널은  “ 구독취소 “  와<br>“ 무관심 “ 이 답입니다.,79,2020-08-05T07:03:24Z
swYjqy5k6Ck,사과를 일년에 몇번을하는거야...,78,2020-08-05T13:57:13Z
swYjqy5k6Ck,광고안보려고  프리미엄신청이 프리미엄광고보고있었네..기분더럽네,75,2020-08-05T12:16:08Z
swYjqy5k6Ck,그냥 나처럼 안보면됨 ㅋㅋㅋㅋㅋ진작에 그럴줄알았다,73,2020-08-05T14:58:36Z
swYjqy5k6Ck,진짜 기만하는 것들 싹다 뒤집어졌음 좋겠네. 개짜증난다.,73,2020-08-05T10:57:33Z
swYjqy5k6Ck,양팡은 어딜가든 잇내,71,2020-08-05T17:23:08Z
swYjqy5k6Ck,다이소 다케시마후원기업발언 중국몽발언  부동산에 이어 표시광고법위반까지ㅋㅋ 그냥 사회물의란 물의는 다 일으키고다니네 그이후 대처를 보면 자기가 잘못한걸 알고 있었던듯한데ㅋㅋ 계속해서 울면서 몰랐다고 징징짜기만반복 ㅋ그냥 행실자체가 날때부터 저런족속이다싶음  사람은 안변함ㅋㅋ,70,2020-08-06T07:39:34Z
swYjqy5k6Ck,양팡 인스타 사과문 올리고 또 놀러갔다가 복귀하겠네 ㅋㅋ,70,2020-08-05T18:37:45Z
swYjqy5k6Ck,복희 진짜 역하네,70,2020-08-05T18:35:58Z
swYjqy5k6Ck,양팡 추가 논란 떳음 퓨마 매장 영상도 광고 표시 떳다던데,69,2020-08-05T07:09:03Z
swYjqy5k6Ck,양팡은 완전히 여자판 송대익이던데?<br>나무위키 문서까지 지우면서 ...,69,2020-08-05T20:01:25Z
swYjqy5k6Ck,방송에서는 자기 돈 주고 사먹었다 숙제같은 소리하네 그냥 무시할게요 이러는데 누굴 호구로 아나 이제는 아예 대놓고 개수작이누,68,2020-08-06T03:12:17Z
swYjqy5k6Ck,&quot;광고보기 싫어서 유튜브 프리미엄 한건데 나도 모르게 광고 영상을 매번 풀로 보고있던거였음 <br><br>여기서 광고 아무리 잼있어도 다보는사람 있긴하냐??그것도 구독하고 찾아서?? 광고를 구독해서 찾아서 풀로 다본다&quot;<br>이게 뒷광고다 이거야,67,2020-08-05T09:14:54Z
swYjqy5k6Ck,먹방뿐아니고 뷰티나 게임 다른 컨텐츠로 하는 분들도 밝혀주세요,67,2020-08-05T05:22:35Z
swYjqy5k6Ck,이런 샠이가 어떻게 부산시 홍보대사가 된거지??<br>부산 먹칠다해놓고 잠수타고있네ㅋㅋㅋㅋ<br>부산 홍보대사가 아니라 부산 사기꾼 지명수배로 도배하고 홍보해라,67,2020-08-05T14:18:08Z
swYjqy5k6Ck,양팡은 진짜 소름이다 ㅎㅎ어린것이 ......!!!!,66,2020-08-05T10:11:14Z
swYjqy5k6Ck,유료광고를 포함하고 싶습니다 뭐여 ㅋㅋㅋㅋㅋㅋ,66,2020-08-05T09:53:35Z
swYjqy5k6Ck,양팡같이 개념없는 유투버들이 방송하며 돈버는거 자체가..이렇게 모든게 들어나도 양팡좋다고 옹호하는 사람들이 있다는거 그게 저런사람을 만드는게 아닐까요..,66,2020-08-05T18:19:13Z
swYjqy5k6Ck,또 얘야?<br>즙짜는 영상 또 보겠네?,65,2020-08-05T06:11:23Z
swYjqy5k6Ck,그래 많이 벌었자나 너가 은퇴하고 편히 살고 쯔양이는 다시 복귀해라,64,2020-08-06T22:37:53Z
swYjqy5k6Ck,양팡 선즙 필승!,63,2020-08-05T05:14:36Z
swYjqy5k6Ck,"양팡님....<br><br><br><br><br><br><br>알람설정 취소,구독 취소함<br><br><br>😳😳😳😳🙄🙄🙄🙄😱😱😱😱🤯🤯🤯🤯😤😤😤😤😤😤😤😤",61,2020-08-05T05:09:01Z
swYjqy5k6Ck,양팡 쟤는 그냥 송대익급이던데<br>아니라고 정색빨면서 시청자들한테 지랄하더만 <br>결국 다 거짓이었네 ;;,60,2020-08-05T09:07:12Z
swYjqy5k6Ck,양팡 이젠 진짜 돌아오기 힘들 듯 돌아오더라도 마지막까지 응원하던 팬들도 많이 떠나갔을 것 같음...,59,2020-08-06T13:55:43Z
swYjqy5k6Ck,돈에 눈이 뒤집혀서 뵈는게 없었을듯,57,2020-08-05T12:39:44Z
swYjqy5k6Ck,제발 뷰티유튜버들도 찾아주세요 쏟아질듯,55,2020-08-05T12:33:19Z
swYjqy5k6Ck,양팡 얘는 질이 진짜 안 좋은 듯. 논란된게 몇 번째여...,55,2020-08-06T00:59:44Z
swYjqy5k6Ck,유료광고를 포함하고 싶습니다 뭔데 ㅋㅋㅋㅋㅋㅋㅋㅋㅋㅋㅋㅋ,53,2020-08-05T05:02:33Z
swYjqy5k6Ck,팩트든 아니든 양팡은 논란거리 진짜 많이 터지네,53,2020-08-05T06:40:35Z
swYjqy5k6Ck,양심이라는게 있다면 그 질문을 최소한 읽고 답하지는 말았어야지 ㅋㅋㅋㅋㅋㅋ 지 무덤 지가 팠음ㅋㅋㅋㅋ 양팡아 그래서 비비큐 니돈 8만원 주고 먹었냐고 안먹었냐고 ㅋㅋㅋㅋ,52,2020-08-06T10:15:13Z
swYjqy5k6Ck,먹방유튜버들 전부 작살나겠네 ㅋㅋㅋ,52,2020-08-05T05:00:49Z
swYjqy5k6Ck,정배우님 나름도 털어주시기 바랍니다. 최근 커뮤니티에 소속사 홈페이지 터졌다고 주작의혹이 있는데 한번 털어봐주시면 감사하겠습니다!,52,2020-08-05T07:42:22Z
swYjqy5k6Ck,또 선즙짜려나,52,2020-08-05T12:17:44Z
swYjqy5k6Ck,난 무엇보다도 이 언니가 젤 실망임.. 젤 믿었던 우리나라 대표 또라이 오랑이 아인교.. 관둬라 오랑아 개실망했다,52,2020-08-05T06:55:12Z
swYjqy5k6Ck,돈도 잘버는것들이 공짜로먹는것도 모잘라 광고비까지받고 참네. 앞으로 저딴식으로 광고하는 업체들 배제해야지,51,2020-08-05T05:15:06Z
swYjqy5k6Ck,실수건 뭐건 주기적으로 잡음이 난다면 본인문제가 맞다 딱보면 그냥 생각없이사는 개차반이더만,50,2020-08-06T22:02:56Z
swYjqy5k6Ck,뒤에서 영상지우다가 딱걸려서 사과글 작성했죠잉 ㅋㅋ,49,2020-08-05T05:23:51Z
swYjqy5k6Ck,ㅇㅍ 그런데 원래부터 믿거였음,49,2020-08-05T13:52:51Z
swYjqy5k6Ck,결론 송대익 + 한혜연이다,48,2020-08-05T13:39:15Z
swYjqy5k6Ck,멍청한걸로 한두번넘었갔으면 그만해야지 이제 하다하다 뒷광고까지 해쳐먹네<br>운이 좋았는데 이제 끝이네 ㅋㅋ,48,2020-08-07T07:55:35Z
swYjqy5k6Ck,"<a href=""https://www.youtube.com/watch?v=swYjqy5k6Ck&amp;t=60"">1:00</a> 거짓말을 하면서... 저런 뻔뻔함 어떻게 나올 수 있죠?",48,2020-08-05T05:38:36Z
swYjqy5k6Ck,양팡이분은 은근히 뭔가가하나씩터지는거같네요.,47,2020-08-05T12:24:59Z
swYjqy5k6Ck,양팡 얘는 중국몽부터 진짜보기싫으네,47,2020-08-05T12:43:58Z
swYjqy5k6Ck,시청자 기만한 유튜버도 유튜버지만 거기에다 대고 대놓고 빨아재끼는 구독자들도 극혐임,46,2020-08-05T17:26:28Z
swYjqy5k6Ck,양팡 행실보면 진작 나가리 됬어야되는데 뭐 이번에도 팬들이 지켜주려나 ㅋㅋㅋ,46,2020-08-05T22:17:25Z
swYjqy5k6Ck,아~  ~  인생  쓰레기들많았구나,46,2020-08-05T05:26:22Z
swYjqy5k6Ck,애는 먼가 계속해서 하나씩 터지는데 전부다 보면 시청자하고 말싸움하는것부터 시작해서<br>지금 상황까지 전부 우리가 자기에 비해서 능지가떨어지는 개돼지새끼로 보고있는거같다 ㅋㅋ,45,2020-08-05T11:14:03Z
swYjqy5k6Ck,아니 양팡은 사건사고가 몇개냐  부동산때 부터 언팔했는데 얘 보는애들 답안나옴 ㄹㅇ,44,2020-08-05T13:47:55Z
swYjqy5k6Ck,양팡인가 뭔가 전혀 몰랐는데 맨날 사고쳐서 알게됐네,44,2020-08-06T08:15:13Z
swYjqy5k6Ck,누군가 쏘아올린 공이 <br>유튜브시장이 크게 흔들릴줄은ㅋㅋㅋㅋㅋㅋㅋㅋ,43,2020-08-06T07:23:34Z
swYjqy5k6Ck,얘 다이소 때부터 알아봤다 ㅋㅋ<br>또 사과영상이나 대충올리다 잠잠해지면 또 본격 활동하고 돈 벌겠지 부.럽.다,41,2020-08-06T03:38:36Z
swYjqy5k6Ck,뒷광고 다 사기였다니..............악....... 충격적입니다!!!!!!!!!!!!!!!!!!<br>너무해요 배신감이 엄청 크네요 ㅠㅠㅠㅠㅠㅠㅠㅠㅠㅠㅠㅠㅠㅠㅠㅠㅠㅠㅠㅠㅠㅠㅠㅠㅠㅠㅠㅠㅠㅠㅠㅠㅠㅠㅠㅠㅠㅠㅠㅠㅠㅠㅠㅠㅠㅠㅠㅠㅠㅠㅠㅠㅠㅠㅠㅠㅠㅠㅠㅠㅠㅠㅠㅠㅠㅠㅠㅠㅠㅠㅠㅠㅠㅠㅠㅠㅠㅠㅠㅠㅠㅠㅠㅠㅠㅠㅠㅠㅠㅠㅠㅠㅠㅠㅠㅠㅠㅠㅠㅠㅠㅠㅠㅠㅠㅠㅠㅠㅠㅠㅠㅠㅠㅠㅠㅠㅠㅠㅠㅠㅠㅠㅠㅠㅠㅠㅠㅠㅠㅠㅠㅠㅠㅠㅠㅠㅠㅠ,41,2020-08-06T02:34:14Z
swYjqy5k6Ck,정배우야 내돈내산이라고 한발언은 왜 안넣었노 그거넣어야지 뺴박인데,41,2020-08-05T05:46:11Z
swYjqy5k6Ck,한혜연이 쏘아올린 뒷광고 ㄹㅈㄷ,40,2020-08-05T22:38:15Z
swYjqy5k6Ck,"테크, 뷰티쪽도 뒷광고 오지게 많다....",38,2020-08-05T05:56:27Z
swYjqy5k6Ck,참피디가 쏘아올린 존나 큰 공,38,2020-08-05T07:25:18Z
swYjqy5k6Ck,더 화나는건 이사건이터져도 한달뒤 잘만방송하고 돈겁나많이범ᆢ,38,2020-08-05T08:29:14Z
swYjqy5k6Ck,와 양팡 아프리카에서부터 손절하기 잘했네...,38,2020-08-06T12:27:54Z
swYjqy5k6Ck,"지금 봇물 터지듯이 줄줄이 사과문 올리는데 과연 거기서 몇명이나 진심으로 내 구독자, 시청자들을 속이고 기만한 점에 대해 사과했을까?ㅎ 대부분 ‘ ㅇㅏ ㅈ됬다!! 아몰랑 ~~~ 난 몰랐다 해야지’ 이런 생각 이였을 듯ㅋㅋㅋㅋㅋㅋㅋㅋㅋㅋㅋㅋㅋㅋㅋㅋㅋㅋㅋ사과문 수정 + 변호사 등 떠밀어서 어려운 단어 사용 + 아 난 몰랐쪙 우엥우엥 + 변명 + 삭제  = 나가뒤지십쇼.",37,2020-08-05T13:41:56Z
swYjqy5k6Ck,난 양팡이 왜 구독자 200만이 넘는지 진짜 이해가 안간다. <br>논란제조기 + 무지 <br>뭔 재미로 물고빠는 애들이 생기는거지,36,2020-08-06T14:28:00Z
swYjqy5k6Ck,어찌보면 한혜연이 유튜브에 큰그림을 그린게 아닐까?,36,2020-08-05T05:05:31Z
swYjqy5k6Ck,썸네일 진짴ㅋ 한대 줘패고 싶은 짤로 해놨넼ㅋ,36,2020-08-05T05:37:38Z
swYjqy5k6Ck,역시 아프리카는 믿고 걸러야함 <br>양팡도 거기서 그거임,36,2020-08-05T05:58:18Z
swYjqy5k6Ck,감스트 불쌍하다 힘들게 크루 만들었는데 양팡 때문에 해체 각이네,35,2020-08-05T11:52:37Z
swYjqy5k6Ck,진짜 양팡을 보면 선즙필승이란 말이 진짜 맞는 말이란게 와닿음,35,2020-08-05T21:27:23Z
swYjqy5k6Ck,뒷광고 받은 애들 죄다 커뮤니티에 글만 찍 올려놓고 사과 영상은 없어ㅋㅋㅋㅋㅋㅋ<br>왜 인기 동영상 올라갈까봐 겁나??<br>많은 사람들이 알게 될까봐 겁나??<br><br>봐봐 지들 앞가림만 생각하지 구독자한테 진심으로 사과할 생각 1도 없다니까ㅋㅋ,34,2020-08-05T12:17:04Z
swYjqy5k6Ck,양팡 유튜버 영정좀 맨날 사건터지네 보기싫다 영정해주세요 구글님,33,2020-08-05T14:24:41Z
swYjqy5k6Ck,난 그래서 양팡 손절한지 오래됬는데 매번 뭔일이 생기는 유투버 bj같은 사람은 문제가있는겁니다,31,2020-08-06T02:43:44Z
swYjqy5k6Ck,배우야 얼렁 스갤이랑 인방갤 정독하고 추가 영상 만들어라. 양팡 숙제 발언 영상 꼭 넣어서 사골까지 우려먹어라 응원한다,31,2020-08-05T05:31:46Z
swYjqy5k6Ck,애초에  잘못을 했으면 이건 잘못된거다 고쳐줄 생각을 해야지 무슨 울기만하면 커버 만치면 나아지는줄 아시나본데  모르면 알려고 하지않는것이 잘한건가요 그럼? 한두번이 아니라 저일이 계속 터지니까 정배우 님 도 다루었겠죠   애초에 잘못을 고치려고 도 않하는걸로 만 보입니다 그전 앙팡 올라온거 보니 계속 커버 치는거 볼때마다 무슨 사이비 종교 보는줄알았다  <br>내생각 은 그렇다 잘못을 했으면 고치고 잘못을 인식하고 더이상 않할생각을 해야되는게 정상이라고 본다.,30,2020-08-06T21:39:40Z
swYjqy5k6Ck,송대익을 필두로 줄줄이 소시지마냥 죽어나가네 ㅋㅋㅋㅋ 야 기분좋다~,29,2020-08-05T09:21:25Z
swYjqy5k6Ck,오... 근데 뒷광고 유튜버 까내리는대 정작 너는 과거가 화려해서 걍 구림,29,2020-08-06T01:04:46Z
swYjqy5k6Ck,양팡 = 여자송대익,28,2020-08-06T05:14:11Z
swYjqy5k6Ck,그래도 어떻게해도  빨아주는 애들은  대체  모하는 애덜이냐,28,2020-08-05T10:58:19Z
swYjqy5k6Ck,요즘 정배우 물들어올 때 노 젓는구나 ㅋㅋㅋㅋ 야 요즘 풍어기네 정배우 ㅋㅋㅋㅋ 그리고 있던 광고도 빼는 유정호 같은 유튜버도 있다 더러운 뒷광고 것들 아주 철퇴를 맞아라!!!,28,2020-08-05T05:07:15Z
swYjqy5k6Ck,헐 혹시나싶어서 오늘 출근해서 양팡비비큐 검색햇는데 안나오던데 왜 없지? 했는데 삭제햇을줄은 생각도 못햇네ㅋㄱㅋㅋㅋㅋ대단하다 양팡 더럽다더러워,28,2020-08-05T05:24:21Z
swYjqy5k6Ck,양팡이 아니라 양파 같은 애내<br>까도까도 또 나와 ㅎㅎ<br>영정먹고 질질짜는거 <br>보고 싶은데 신고는 <br>어떻게 하나요?,27,2020-08-05T11:19:10Z
swYjqy5k6Ck,가족이랑 옷사러갓다가 가기서 당일 협찬 받은것더 마음껏ㅅ 사라한것도 다 주작이라며 ㅋㅋㅋㅋ,26,2020-08-06T13:59:59Z
swYjqy5k6Ck,어후 난 양팡 재 싫드라~,26,2020-08-05T05:47:28Z
swYjqy5k6Ck,근데ㅋㅋㅋ다들 쉬고온다 잘못했다 사과하면서 유튜브 그만한다고하고 무조건 6개월 이내에 돌아옴ㅋㅋㅋㅋㅋㅋㅋㅋㅋ왜냐면ㅋㅋㅋㅋ6개월 이상 유튭 비활성하거나 업로드 안하면 수익창출 안된다고 유튭쪽에서 명시해놈ㅋㅋㅋ그래서 어떤 유튜버들이던 6개월 이내에 돌아오는듯ㅋ 사진첨부하고싶은데 안되서 글로적음ㅋㅋㅋㅋ6개월이네 무조건 돌아오는듯 사건사고 일으키는 유튜버들.,25,2020-08-05T18:09:42Z
swYjqy5k6Ck,"2020년 올해는 검은화면,검은정장,노메이크업,제목 : 죄송합니다 이게 유행각",24,2020-08-05T11:07:29Z
swYjqy5k6Ck,광고인지도 모르고 그걸보고 급땡겨서 <br>사먹은 내가 존나 바보같네 ㅋㅋㅋㅋ<br>아우 열받아 뭐 이제 안보면 그만이니까 으..!!,23,2020-08-05T05:10:34Z
swYjqy5k6Ck,진짜 이 채널은 망할수가 없겠다ㅋㅋㅋㅋㅋㅋㅋㅋ,23,2020-08-05T13:19:05Z
swYjqy5k6Ck,양팡은 진짜 부산사람인게 쪽팔린다,23,2020-08-05T21:08:35Z
swYjqy5k6Ck,양팡 이사람은 사건사고가 도대체 몇번째인지 모르겠다ㅡㅡ 계정영구정지 시켜라 진짜;;<br>시청자기만도 적당히 해야지,22,2020-08-05T10:19:46Z
swYjqy5k6Ck,엳시 윽박이ㅠㅜ 너무 다행이네요ㅠㅠ 항상 구라없는 방송한다는 윽박님 앞으로도 응원합니다!!!,22,2020-08-05T05:13:23Z
swYjqy5k6Ck,정배우 첨엔 클로하다가 이런걸로 착한척하면서  꿀빠는거 살짝그렇다 얘도 잘못한거  있을거같던데..,22,2020-08-06T01:48:11Z
swYjqy5k6Ck,양팡은 감방보내라 ㄹㅇ..,22,2020-08-06T07:50:57Z
swYjqy5k6Ck,나는 얘가 방송에서 감스트 죽빵 씨게때려놓고 아직도 방송한다는게 웃기네 ㅋㅋㅋ 성별만 바뀌어도 바로 논란생기쥬?,21,2020-08-05T09:31:34Z
swYjqy5k6Ck,초심이 돈을 벌고자 하는 거라면 참으로 초심스럽게들 방송하고 있네~~하지만 불법은 불법 이라는거~~~구독자도 아닌데 신고하러 어디로 찾아가야 하나...,20,2020-08-05T05:33:16Z
swYjqy5k6Ck,난 일찍이 구취 했음 한번 구독자 확 떨어져야 정신을 차리지,20,2020-08-06T01:03:34Z
swYjqy5k6Ck,신고하자 무조건 신고  기만함 배신감 구독취소했니?  안했으면 지금당장해!,20,2020-08-05T10:13:39Z
swYjqy5k6Ck,광고를 잘 받지 않는대ㅋㅋㅋㅋㅋ누굴 개호구로 아나? 유튜버들이 구글 광고로만 그렇게 큰 돈을 벌수 있다고 생각하는 호구새끼가 어딨냐ㅋㅋㅋㅋㅋㅋㅋ,19,2020-08-05T05:52:13Z
swYjqy5k6Ck,신고어케함 다른얘는몰라도 양팡은 ㄹㅇ 정지먹이고싶은데,18,2020-08-06T13:19:38Z
swYjqy5k6Ck,앙팡인지 끝까지 자기 잘못했다고 안하던데요??,18,2020-08-06T10:21:39Z
swYjqy5k6Ck,사이버렉카충 정배우 파이팅!!,18,2020-08-05T05:04:05Z
swYjqy5k6Ck,진짜 문제가 여러번 터지면 조회수 수입 없앤다던지  채널삭제라던지 이런기능들좀 생겼으면 좋겠다,17,2020-08-05T18:10:23Z
swYjqy5k6Ck,양팡아 중국몽 드립칠때부터 알아봤다 ㅋㅋㅋ<br>컨셉이 아니라 진짜 머리에 든게 없구나 ^^,17,2020-08-05T15:36:57Z
swYjqy5k6Ck,앙팡 불매한다 수고해라,17,2020-08-05T13:49:24Z
swYjqy5k6Ck,이런거보면 ㄹㅇ 보겸이 대단한거임,17,2020-08-05T05:14:51Z
swYjqy5k6Ck,ㄷㄷㄷ 서서히 빍혀는군요,17,2020-08-05T05:08:46Z
swYjqy5k6Ck,솔직히 얘 재미도없는데 왜 인기많은지 모르겠음,17,2020-08-06T08:12:06Z
swYjqy5k6Ck,ㄹㅇ 저런 정보는 어떻게 저리 잘 찾는거임? 개신기하네,16,2020-08-05T12:59:11Z
swYjqy5k6Ck,정배우 지잘못은 생각 못하고 신났노 ㅋㅋㅋㅋ 양팡 정배우 둘다 극혐이다 ㅉㅉ,16,2020-08-05T15:43:30Z
swYjqy5k6Ck,왜 사망여우랑 참피디한테 숟가락 올림? 그냥 얜 안나왔으면,16,2020-08-07T20:49:11Z
swYjqy5k6Ck,정배우님 양팡 지하철 강아지 영상 심히 주작이 의심됩니다. 영상 비공되기 전에 파헤쳐주십시오.,15,2020-08-06T07:10:27Z
swYjqy5k6Ck,정배우님 뷰티유튜버쪽도 훑어보시면 좋을거에요<br>패션뷰티 둘 다 음식만큼 소비가 큰 카테고리니깐요,15,2020-08-06T03:40:17Z
swYjqy5k6Ck,이런애가 부산대표라니. 정말 쪽팔린다,15,2020-08-05T13:18:44Z
swYjqy5k6Ck,저기 구독자들 다 개돼지임 ㅋㅋ <br>양팡이 가장 논란 사건 많은 유튜버중 하나인데 즙+한달이면 다 용서해줌,15,2020-08-05T10:05:53Z
swYjqy5k6Ck,잘못하면<br>즙부터 짜고<br>즙만 짜고<br>쯥짜다 방종하는데<br>ㅋㅋㅋㅋ생각이라는걸 안함<br>아 못하는건가?,14,2020-08-05T21:23:16Z
swYjqy5k6Ck,양팡 탈세는안했나 알아봐주세요,14,2020-08-05T22:27:39Z
swYjqy5k6Ck,솔직힝 초반엔몰랏다고쳐도...<br>구독자많아지고 소속사회사도생기면서<br>그걸몰랏다고말하는거자체가 그냥 너네이거사먹어라. 난이미 돈받앗어. 니네가먹으면 ㄱㅅㄱㅅ<br>역시. 난멋져. 난구독자가많아. 난 짱이야<br><br>이런건가...,14,2020-08-05T22:46:01Z
swYjqy5k6Ck,멍청하고 무지하고 심성이 나쁘기까지하네 삼위일체다,13,2020-08-06T11:47:32Z
swYjqy5k6Ck,양팡이 양팡한건디 ??,12,2020-08-05T12:17:57Z
swYjqy5k6Ck,양팡의 시녀들 싫어요 수봐라 ㅋㅋㅋㅋ,12,2020-08-06T11:43:19Z
swYjqy5k6Ck,야 요즘 재미있네 이제는 쫌 잘나간다라고 생각하면 주작하고 뒷광고하고 진심 요즘에 왜그러는 거임 돈벌만큼 벌의신분들이 너무욕심이 과한거아님?,12,2020-08-06T16:56:48Z
swYjqy5k6Ck,근디 한번도 아니고 계속 일 터지는 거면 음... 좀 그래 아무리 무지하고 실수였다해더,12,2020-08-05T13:06:57Z
swYjqy5k6Ck,얘가 진짜 끝판왕이네ㅋㅋㅋ<br>복희는 양으로 승부보고 <br>양팡은 질로 승부보네,11,2020-08-05T18:11:39Z
swYjqy5k6Ck,근데 양팡은 ㄹㅇ 그전에도 논란이 많았긴함 다이소 사건부터 해서 지금까지도 .... 믿거 ^^,11,2020-08-05T07:41:21Z
7qpy-fz04Wc,정작 쯔양은 가고 <br>사기친 양팡은 버티고<br><br>좀비도아니고 ㅋㅋㅋㅋㅋㅋㅋㅋㅋ,425,2020-08-06T01:54:12Z
7qpy-fz04Wc,양팡 저사람 아직도 방송함?<br>몇년전에 대형사건 터지고 방송접은줄,400,2020-08-05T08:17:11Z
7qpy-fz04Wc,"양팡 은 도대체 올해만 몇개나 진짜 이정도면 문제있는거 맞는거죠? 하다못해 시청자,구독자한테 거짓말 하네 ㅋㅋㅋㅋㅋㅋㅋㅋㅋㅋㅋㅋㅋㅋㅋㅋㅋㅋㅋㅋㅋㅋㅋㅋ",394,2020-08-05T08:08:27Z
7qpy-fz04Wc,"돈에 눈이멀어 시청자 기만과 표시광고법 위반을 일삼는 불법 쓰레기유튜버, 연예인들 <br>정배우에게 싹 다 제보해주세요 (이메일로 증거포함 dydwogo@gmail.com)<br><br>100만 유튜버든, 300만, 400만이든 상관없습니다 <br>눈치안보고 안티생기든 말든 고소먹든 말든 노빠꾸로 조집니다<br><br>제보방법 : 가장 중요한 증거는 내돈내산영상 알고보니 광고(광고표시 없으면 더좋음) or 의료법 위반 or 더보기란, 고정댓글, 광고표시(유료광고포함)를 안했었는데<br>갑자기 사건터진후 광고표시로 바꾼 캡쳐사진 전,후 이렇게 보내주시면 증거 끝!<br><br>정배우 이메일로 많은 제보 기다립니다 dydwogo@<a href=""http://gmail.com/"">gmail.com</a><br><br>정배우 너는 왜 사고도 많이 쳤으면서 정의로운척 하냐라는 댓글이 3년째달리는데<br>저는 착한사람, 정의로운 사람이 아닙니다 사고도 많이 쳤고 ㅄ인거 저도 잘 압니다<br>원래 나쁜사람이 나쁜사람을 조지는겁니다 <br>착한사람은 마음약해서 싫은소리를 못하기때문에 저같은놈이 해야죠<br>착한척, 깨끗한척, 정의로운척 한적 없습니다<br><br>앞광고 하나만 하겠습니다 정배우 인스타 팔로우좀 부탁드려연 정배우 검색!<br><a href=""https://www.instagram.com/jungtube/"">https://www.instagram.com/jungtube/</a>",318,2020-08-05T08:06:04Z
7qpy-fz04Wc,이건 사실 참피디가 아니라 정배우 승리 아니냐<br>정배우가 팡 다뤘다가 나락간게 몇 번이냐ㅋㅋㅋ<br>이쯤되면 독기 품었다 ㄹㅇ,295,2020-08-05T11:59:12Z
7qpy-fz04Wc,안들켰으면 구라 ㅈㄴ쳐댔을꺼자나ㅋ,292,2020-08-05T08:55:37Z
7qpy-fz04Wc,배우야 먹방 유튜버 285만 프란도 사과문 삭제하고 영상 삭제하고 잡아때는중 ㅋㅋㅋ 라이브 영상때 팬들한테 뒷광고 한적 없다고 바락바락 따지다가 걸리자마자 자기 유리멘탈 이라며 사과문이고 영상 다 내림 ㅋㅋㅋㅋ 역대급이다. 댓글 고정으로 물타기 하지 말라더니... 진짜 어이없네,222,2020-08-05T13:24:06Z
7qpy-fz04Wc,결론 진짜 노빠꾸넼ㅋㅋㅋㅋㅋ <br>bj들 유튜버들 <br>과거 자극적인 방송하다가 이젠 그러면 안되서<br>컨텐츠 고민 오지게 하는데 <br>차고 넘친다 차고 넘쳐 ㅋㅋㅋ,218,2020-08-05T09:09:18Z
7qpy-fz04Wc,혼란 =오해 =  거짓말 = 사기,211,2020-08-05T08:20:31Z
7qpy-fz04Wc,다 떠나서 안 들켰으면 사과 안했다가 딱 시청자+구독자들을 개돼지로 본다는 증거..,208,2020-08-05T17:44:30Z
7qpy-fz04Wc,결론은 뭐다? 너희들과 나는 개 아니면 돼지였다ㅋㅋ,181,2020-08-05T09:14:03Z
7qpy-fz04Wc,양팡인가 그분 유튭은 안봐서 모르겠는데 <br>사건 엄청 터지시네;,178,2020-08-05T08:25:37Z
7qpy-fz04Wc,난 정배우가 싫지만 이런 컨텐츠는 맘에 든다,154,2020-08-05T08:17:44Z
7qpy-fz04Wc,양팡님은 좀  모자른듯 매번 실수하고 변명을 내놓는거마다 좀 이상함 자기가 실수한 팩트를 해명해야지,143,2020-08-06T08:36:42Z
7qpy-fz04Wc,양파 아니냐ㅋㄱㄲ 양팡은 무슨 까도 까도 계속 나오네ㅋㅋ,132,2020-08-05T10:01:52Z
7qpy-fz04Wc,유튜버들은 급식충구독자가많아야 살아남는듯<br><br>한혜연은 2~30대 구독자가 많으니깐 바로 날라가고<br><br>ㅅㄷㅇ ㅇㅍ은 잼민이들이 끝까지 실드치네<br><br>어린애들선동하는게 더악질이다,120,2020-08-05T09:03:08Z
7qpy-fz04Wc,진짜 양팡은 유튜브계정 영구정지 시켜야된다.<br>사건사고가 한두번이 아니잖어ㅡㅡ,117,2020-08-05T10:24:20Z
7qpy-fz04Wc,잼민이들아 쉴드는 칠순간이있고<br>아닌순간이있다 지금은아니고 저건 인정한거다,101,2020-08-05T08:10:27Z
7qpy-fz04Wc,어우 이 채널 템포가 빨라 좋네,81,2020-08-05T08:28:20Z
7qpy-fz04Wc,양ㅍ 팬들이 악성이 많아서 팬덤이 강해... ㅋㅋㅋ 법도 무서울게 없다는거지... 고의가 아니라도 법은 어기면 불법이라는 기본도 모른다는거... 광고주가 요청해서 그랬다고 하는게 차라리 낫지... 아 그럼 광고 계약 위반인가 ? 힘들구나...,77,2020-08-05T08:59:42Z
7qpy-fz04Wc,팡이 옛날엔 참 좋았는데 요즘들어 너무 별로다 돈독이 제대로 올랐네~~,71,2020-08-05T08:26:21Z
7qpy-fz04Wc,매일사건일으키는 양팡골빈거 모르는 호구들없지???ㅋㅋ,64,2020-08-05T08:28:55Z
7qpy-fz04Wc,양팡 비비큐 8만원 이거 공론화 해야됨 진짜 뻔뻔하기 그지없음ㅋㅋㅋㅋㅋㅋㅋ,57,2020-08-06T10:10:00Z
7qpy-fz04Wc,"<a href=""https://www.youtube.com/watch?v=7qpy-fz04Wc&amp;t=89"">1:29</a> ㅋㅋㅋㅋㅋㅋㅋㅋㅋㅋㅋㅋㅋㅋ<br>정배우님의 명쾌하고 간단한 정리 최고ㅋㅋㅋㅋㅋㅋㅋㅋㅋㅋㅋㅋ",56,2020-08-05T11:06:56Z
7qpy-fz04Wc,유튜브 잼민이들 계정 전부 잠궈둬야함. 초딩들 이용해서 돈벌이하는 양심리스 유튜버들 왜이리 많냐,56,2020-08-05T11:35:00Z
7qpy-fz04Wc,그짓말 하는것들 진짜 극혐입니다.,53,2020-08-05T08:11:24Z
7qpy-fz04Wc,양팡 빠2,52,2020-08-05T08:11:33Z
7qpy-fz04Wc,영상 삭제한거 역겨움,48,2020-08-05T08:39:22Z
7qpy-fz04Wc,송대익+ 한혜연이 쏘아올린 작은 공...,44,2020-08-05T18:37:53Z
7qpy-fz04Wc,정배우님 비비큐뿐만아니라 퓨마도광고인데도 유료광고배너 안달다가 하루만에 단거  영상보시고 업로드바랍니다,41,2020-08-05T08:31:35Z
7qpy-fz04Wc,양팡은 왜이리 사고가 많이터지누 ㅋㅋ,38,2020-08-05T08:18:09Z
7qpy-fz04Wc,양팡 밝아서 자주봤엇는데 이젠안녕...잘지내ㅠㅠㅠ,36,2020-08-05T08:09:06Z
7qpy-fz04Wc,지금 이상황에서 젤 신난사람의<br>텐션을 보고계십니다,36,2020-08-05T08:21:32Z
7qpy-fz04Wc,대깨문이 아니고 대깨팡 ㅋㅋ 대깨송도 있음 😂,36,2020-08-05T08:07:05Z
7qpy-fz04Wc,"양X 추후행보 예상<br>1. 이틀내로 검은화면에 흰색글씨 썸네일 박아서 사과영상올라옴<br>2. 즙좀 짜고 울먹거리는 목소리로 정말 죄송하다 죄송하다 반복<br>(정확한 사과내용은 전달안되는게 포인트)<br>3. 각종 커뮤니티 총공세 시작<br>4. 한 3주 정도 잠수<br>5. 슬슬 이슈 사그라들때쯤 복귀 각 잡음<br>6. 하지만 여전히 복귀를 달가워 하지않는 분위기<br>7. 애미뒤진 대깨팡 급식 잼민이 + 계집년들 몰려와서 쉴드시작<br>8. 니가족충, 사람하나 보내면 책임지실충 등판해서 감성팔이는 뽀나스<br>9. 언제 그랬냐는듯이 뻔뻔하게 유튜브 재개",34,2020-08-05T11:21:32Z
7qpy-fz04Wc,정배우님은 이정도면 양팡한테 선물하나 보내야 하는거 아닙니까 ?,30,2020-08-05T14:13:33Z
7qpy-fz04Wc,어차피 즙짜면 용서 될꺼임... 선례들이 있잖아 ㅋㅋㅋ,30,2020-08-05T08:22:54Z
7qpy-fz04Wc,"진짜.. 세상이 미쳐가네 그놈의 돈이 뭐라구.. 유튜브에서도 이렇게 난리일까,, 어차피 많이 버는 사람들이 더 벌라고 저렇게 하는게 너무 화나는데 슬픔 정직하게 돈 벌 생각 안하고 저렇게 해서 믿었던 사람들 뒤돌아서게 만들고 에휴에휴 돈에 미치면 답없네",28,2020-08-05T10:47:39Z
7qpy-fz04Wc,잘보고있습니다~~ 양팡 퓨마사건도 다뤄주시면 안될까요 이게 제일심각한데 퓨마기업이랑 가족전체 관련되어있는거같던데,27,2020-08-05T08:32:40Z
7qpy-fz04Wc,아니 거지인 나도 치킨 내 돈 주고 사먹는다 시부랄,25,2020-08-05T08:43:16Z
7qpy-fz04Wc,난 정배우가 좋당!,23,2020-08-05T08:08:17Z
7qpy-fz04Wc,크으 결론이 시원하네~ 아주 좋네요 ㅋㅋ,22,2020-08-05T08:11:56Z
7qpy-fz04Wc,퓨마도 뒷광고 얘기가 있던데 <br>그영상은 가족들도 같이 출연했는데 <br>다 몰랐을까? <br><br>난 아니라고 보는데 <br>가족이 다 사기꾼이지 뭐,19,2020-08-06T04:07:30Z
7qpy-fz04Wc,정배우님은 거짓으로 사람들 후드려 까지는 않아서 참 좋음.쉬고 오니 또 성수기가 도래했네요.ㅋㅋ,19,2020-08-05T08:58:45Z
7qpy-fz04Wc,ㅋㅋㅋㅋ 진짜 팬이랍시고 쉴드치는애들 왜케 역겹냐 ..  니들이 그렇게 사니까 국민이 개돼지인줄아는거야 국개들이 ㅋㅋ  양팡이 잘못이 없어서 정배우가 뭐라하는거야?  일단 뒷광고는 둘째치고 거짓말을 탑재하고 들어가는거잖아 ㅡㅡ;; 이걸 내입으로 이야기해줘야한다니 양팡팬수준 ... 양팡팬중에서 한혜연 욕 안한사람이 단 한사람도 없을까?  한명이라도 있다면 이건 내로남불 아니냐  항상 공익을 위해 애쓰는 정배우님 떙큐요,18,2020-08-05T08:13:07Z
7qpy-fz04Wc,이건ㄹㅇ 쉴드불가..ㅜㅜ,18,2020-08-05T08:23:19Z
7qpy-fz04Wc,논점 흐리기 최강자 .<br>일단 숨기기.<br>질질짜서 동정표받기.<br>진심없는 사과하기 <br>언제그랬냐는듯 해맑게 자신있게<br>지겹다,18,2020-08-06T04:31:36Z
7qpy-fz04Wc,&quot;She is dol daegari&quot;,17,2020-08-06T10:06:56Z
7qpy-fz04Wc,정배우 정리 깔끔하고 신속하네<br>8만원? 주고 먹었다 내돈내산  뒷광고 사기맞잖아<br>시청자들이 광고 아니냐고 물었음에도 아니라고 사기쳤고 큰 돈 받아놓고도<br>진짜 보는 애들이 불쌍해...,17,2020-08-05T09:13:05Z
7qpy-fz04Wc,양팡은 천성자체가  사기꾼 근성이 아닐까하는 생각이듬 집 구입때도 그렇고 근데 완전 범죄를 원했겠지만 머리가  나빠서 완전범죄는 못하고 피해만 두배로 받나봄ㅋㅋ ㅋ,17,2020-08-05T21:34:54Z
7qpy-fz04Wc,팡팡팡팡펑,15,2020-08-05T08:07:58Z
7qpy-fz04Wc,개역겹다 유튜브에 양팡 8만원 치고 눈 위로 치켜뜨면서 뻔뻔한 표정을 다들 봐봐 정 ㅈㄴ 떨어져 누구보다 좋아했는데 이젠 보기도 싫다 ㅋㅎ,15,2020-08-06T15:13:52Z
7qpy-fz04Wc,개인적으론 정배우란 사람이  어떤지몰라도 이렇게  청소하고 다니는 사람도 있어야한다고 생각함~ 그래야 환경정화가 돼지요.,14,2020-08-06T08:02:25Z
7qpy-fz04Wc,구독 취소는 했니? 안했으면 지금 당장해,13,2020-08-06T10:47:36Z
7qpy-fz04Wc,다른거 다 그렇다 쳐도 이때까지 봐온 논란과 비교가 안될정도임 다른 논란들은 나한테 피해가 없음 됐지 라는 마인드로 시청하고있었는데 왜 논란들이 계속 나오는지 이제서야 알게 됐음 누가 광고를 하면 잡아먹나? 돈을 더 못 받나? 악플때문에 힘들어하고 정신적으로 지쳤을때 양팡이 사람들의 이중성을 보게됐다 해놓고선 지금 사건은 내로남불 개오짐. 자신이 남들보다 더 튀고 빛나는 위치에 있으면 그만큼 책임감이 뒤따라야 하는거 아닌가? 거기다 부산시 홍보대사에 지위도 있을 뿐더러 이 기회로 너무 실망했음,13,2020-08-05T08:20:22Z
7qpy-fz04Wc,근데 다이소사건부터 부동산 등등 사건 이렇게 많이 터지는뎅 구독자 떡상하고  왜그러는거에요?,12,2020-08-05T10:07:03Z
7qpy-fz04Wc,"이번 사건의 최대 수혜자 : 정배우, 이슈왕ㅋㅋㅋㅋ",11,2020-08-06T09:56:24Z
xE_m39JmbB0,양팡은 뻔하다<br>또 질질짠다.<br>실수할때마다 세상에서 지가 제일<br>불쌍하고 억울한척 서럽게 잘우는거보면 연기자로 데뷔해도될정도.,658,2020-08-06T09:36:04Z
xE_m39JmbB0,푸마영상보면 가족들 연기하는거 진짜 개뻔뻔함 소름돋고 정상아닌거같음 돈에미쳐서,483,2020-08-06T11:12:06Z
xE_m39JmbB0,이런식의 연출된 광고는 유료광고 문구가 아니고 &quot;이 영상은 사전협의 후 연출된 광고입니다&quot; 이렇게 넣어야 함...<br>아니면 조작이라고 볼 수 밖에 없음.<br>이걸 누가 봐도 연출인데 모르면 그 사람이 머리가 나쁜거다라는 식의 반론은 <br>어떤 영상을 볼려면 머리가 평균이상 뛰어나서  정확학 사리분별이 가능한 사람만 봐다달라고 미리 사전고지하면 괜찮을 거 같음.,454,2020-08-06T09:57:31Z
xE_m39JmbB0,"개풀도 없던 집구석에 돈 좀 보이니 모든게 다 우스워 보이고 팬이자 사람이 하찮게 돈줄로 보이는거지<br>여기서만큼은 지만의 왕국 같은거라 착각하고,, 사과하면 뭐다? 잘못 인정하는것이기 때문에 안하고 못하는거지<br>잘 나갈때 그만큼 더 베풀 줄 알고 그 위치에서 개인의 이익을 위함보단 팬들에게 사랑과 즐거움을 많이 보여줘야 하는데 초심 잃고 주작에 거짓말에 가족은 뭔 망신이냐..",445,2020-08-06T09:56:55Z
xE_m39JmbB0,"돈에 눈이멀어 시청자 기만과 표시광고법 위반을 일삼는 불법 쓰레기유튜버, 연예인들 <br>정배우에게 싹 다 제보해주세요 (이메일로 증거포함 dydwogo@gmail.com)<br><br>100만 유튜버든, 300만, 400만이든 상관없습니다 <br>눈치안보고 안티생기든 말든 고소먹든 말든 노빠꾸로 조집니다<br><br>제보방법 : 가장 중요한 증거는 내돈내산영상 알고보니 광고(광고표시 없으면 더좋음) or 의료법 위반 or 더보기란, 고정댓글, 광고표시(유료광고포함)를 안했었는데<br>갑자기 사건터진후 광고표시로 바꾼 캡쳐사진 전,후 이렇게 보내주시면 증거 끝!<br><br>정배우 이메일로 많은 제보 기다립니다 dydwogo@<a href=""http://gmail.com/"">gmail.com</a><br><br>정배우 너는 왜 사고도 많이 쳤으면서 정의로운척 하냐라는 댓글이 3년째달리는데<br>저는 착한사람, 정의로운 사람이 아닙니다 사고도 많이 쳤고 ㅄ인거 저도 잘 압니다<br>원래 나쁜사람이 나쁜사람을 조지는겁니다 <br>착한사람은 마음약해서 싫은소리를 못하기때문에 저같은놈이 해야죠<br>착한척, 깨끗한척, 정의로운척 한적 없습니다<br><br>앞광고 하나만 하겠습니다 정배우 인스타 팔로우좀 부탁드려연 정배우 검색!<br><a href=""https://www.instagram.com/jungtube/"">https://www.instagram.com/jungtube/</a>",441,2020-08-06T09:33:36Z
xE_m39JmbB0,가족들도 연기한거잖아.. 소름끼쳐ㅋㅋㅋㅋㅋ,417,2020-08-06T10:18:54Z
xE_m39JmbB0,이번 사건은 ‘절대’ 쉴드 칠 수 없는 이유<br><br>1. 뒷광고 터지고 난 후 최초 본인은 아니라고 밝힘<br><br>2. 그런데 이전에 뒷광고 한 방송이 점차 밝혀짐<br>= 여기까진 기억력 상실 등등.. 그 분들 쉴드 가능<br><br>3. 몇몇 시청자가 캡처해서 증거 보여주기 시작<br><br>4. 그러자 바로 영상 비공개로 돌리기 시전<br>= 이 부분이 너무 영악함 그 자체<br><br>결국 증거 인멸 시도하고 아몰랑 하려다가 사과문<br><br><br>솔직히 다른 유튜버였다?!<br>이미 아파트 계약건 불이행으로 진작에 끝났음,343,2020-08-06T10:00:17Z
xE_m39JmbB0,뷰티유투버 제발 조사해주세여 쏟아져나올듯 ㅠ,290,2020-08-06T09:39:40Z
xE_m39JmbB0,뒷광고 게이트는 이제 시작임ㅋㅋ 앞으로 계속 나올거다 특히 대형 유튜버들 지금 벌벌 떨고 있을걸ㅋㅋㅋ,267,2020-08-06T09:39:14Z
xE_m39JmbB0,찔찔이 또 한건터졌네~<br>양팡생각(이또한 지나가리)<br>개수작부리지마  이번에는 빠이다,247,2020-08-06T09:53:01Z
xE_m39JmbB0,한두번은 실수라 하지만 계속 누적되면 인성인거죠??? 이제 재기불능상태일겁니다.<br>끝이라고 보네요... 쯔양은 갔는데 얘는 지금 말마따나 삭제하느라 정신이 없는걸까요?,236,2020-08-06T15:55:14Z
xE_m39JmbB0,오해 = 혼란 = 주작 = 거짓말 = 사기 = 범죄자,230,2020-08-06T09:30:35Z
xE_m39JmbB0,진짜 뷰티쪽은 어떨지 상상도 안감 ..,223,2020-08-06T10:34:49Z
xE_m39JmbB0,에효  저 집안은  왜그럴까?<br>자식이  저런모습 보이면 부모입장에서 썅욕 해서라도 머라하는게 맞는데 <br>부모나 자식이나  할말없네  휴,223,2020-08-06T11:01:03Z
xE_m39JmbB0,가족이 사기꾼 ㄸ ㄷ ㄷ,217,2020-08-06T10:05:32Z
xE_m39JmbB0,애초에 양팡 유튜브 커뮤니티에서 영상 올리자마자 유료광고 표시했다는 카톡 내용을 왜보여주는지 모르겠음. 어차피 퓨마영상 올릴때부터 유료광고를 표시했던건 사전에 미리 합의된 광고비를 받은것에대한 유료광고 표시가 아닌 시청자를 속이고 연출된 상황에서 갑작스럽게 매장직원의 협찬을 통한것에 대한 유료광고표시 아님? 미리 광고비 받아놓고 갑작스럽게 방문해서 제품만 받은 협찬인척 해놓고 &#39;유료광고표기&#39; 했다고 자랑하시는건임??,211,2020-08-06T09:52:51Z
xE_m39JmbB0,참피디가 사실상 유튜브 역사계에 업적한줄 생겼다. ㅋㅋㅋㅋㅋ게임유튜버 할거없이 전부다  사과 내용올리네 <br>문제가 5킬하다가 1데스한게 문제임. ㅋㅋㅋㅋㅋ<br>갠적으로 그에 마음은 이해가 자기는 정말 광고아니라고 하면서도 계속 광고 의혹 욕먹고 살았는데 다른 몇백만 유튜버들은 자기꺼라고 하면서 응원받고 얼마나 좆같겠냐 문제는 총대를 매고있으면 겨눠야 하는데 마지막에 반대로 잡고 쏴버렸네<br>근데 더보기 란 우리가 누르는거 보다 유료광고 표시 체크하는게 더 힘든가? ㄹㅇ 영상을 올려본적이 없어서 무슨 복잡한 과정이 있나?  <br>갠적으로 저 뒷광고 하신 분들도 유튜브 많이 봐서 알지 않나 댓글에 유튜버가 쓴글은 봐도 더보기란 누르는 사람이 있을거라는 생각은 전혀 안드는데.. 유튜브 시청을 9년정도 해왔는데 더보기로 영상 내용아는거보다 대부분 댓글에다가 상단고정으로 영상 내용을 적지 않나 싶은데.. 그냥 회피수단으로만보임. <br>가장 웃긴건 영상으로는 이 논란을 남기고 싶지 않았던 것인지 대부분 커뮤니티 해명으로 올리네 이정도 사건이면 직접 생방송 라이브라도 해서 사과를 올리거나 해명을 하는게 맞다고 보고 적어도 영상이라도 만들어서 기재하는게 맞다고 봄.이건 송대익도 하는건데<br>그냥 봐도 사과영상올리면 실시간 이슈영상으로 더 일이 커질것을 당연히 아시는 분들이니까 커뮤니티로 서로 소통하는 목적으로 영상이 아닌 커뮤니티로 올렸다는게 ㄹㅇ 개소리.. ㅋㅋㅋㅋㅋㅋㅋ그냥 시간지나면 잠잠해질때까지 기다리겠다 그거일텐데 유튜브를 몇년을 봤는데 딱 느껴지지 <br>그와중에 콘크리트층 시청자들 응원하면서 다른나라어로 번역한거 개웃김. ㅋㅋㅋㅋ그대들은 눈과 귀가 없으신가요?,189,2020-08-06T10:45:28Z
xE_m39JmbB0,하여간 사기꾼들 거짓말이 생활이야.,162,2020-08-06T09:54:39Z
xE_m39JmbB0,만약 강아지고거 주작이라면 쉴드러나 양팡이나 도긴개긴이다 그거 진짜 사람할짓못된다 아니길 바란다,155,2020-08-06T10:53:49Z
xE_m39JmbB0,정배우 그렇게 좋아하는 편은 아닌데 일 터지면 항상 꼬박 꼬박 챙겨보는 듯 ㅋㅋ ;;,146,2020-08-06T10:03:44Z
xE_m39JmbB0,그럼 가족들도 알고있었다는거임? 완전 사기꾼 집단이었네ㅋㅋ시청자들을 지한테 돈이나 주는 개돼지로 생각했구만 유튭 접어라 진짜,112,2020-08-06T09:47:54Z
xE_m39JmbB0,가족사기단,98,2020-08-06T10:00:22Z
xE_m39JmbB0,"진짜 양팡 ,,, 쯔양이아니라 양팡이 채널 삭제해야되는게 아닌가 싶다..ㅋㅋㅋㅋ",95,2020-08-06T09:38:33Z
xE_m39JmbB0,"정배우님 양팡 지하철 강아지 주작이랑 부산지방경찰청이랑 관련 있는것 같아요,,,, 지하철 강아지 주작영상 마지막 부분이 공익광고 의심같아서 매우 의심이 듭니다... 혹시 뒷광고비 받고 공익성 영상을 기제한것이 아닌지 의심이드네요.....오늘 부산에서 법적제재를 받지 않는한 계속 양팡을 부산광고모델로 쓴다고 한것과 양팡 아프리카에 가보면 부산지방경찰청이랑 뭘 많이 하더라구요 이거 꼭 밝혀주세요",87,2020-08-06T11:14:27Z
xE_m39JmbB0,양팡은 인방 역사상 최고의 비호감이네,83,2020-08-06T10:00:12Z
xE_m39JmbB0,가족이 단채로 ㅈ되봐야 정신차리지,81,2020-08-06T11:23:07Z
xE_m39JmbB0,걍 이참에 뒷광고 한사람들 자진해서 다 사과하고 끝내자 끝이 없을것같네,81,2020-08-06T10:00:11Z
xE_m39JmbB0,자기가 좋아하는 유튜버가 심한일을 저질러도 어떻게든 쉴드 커버 쳐주는게 잼민이들임 양팡은 구독자 2분의 1이 잼민이니깐 큰 타격 없음,78,2020-08-06T10:53:31Z
xE_m39JmbB0,근본없는 졸부들이 자본주의에 미치는 영향,75,2020-08-06T10:38:14Z
xE_m39JmbB0,진짜  소름이다 가족까지  완죤 팬들을 개호구 개돼지 취급  ㅎ어린것이 가족이 돈에 미치면 그런거야 절대 방송접게해야합니다  기만하고 짜증내고 호구로보고 기가찬다 그영상생각하면,74,2020-08-06T10:47:04Z
xE_m39JmbB0,돈밖에 모르는 철면피 양x   저런인성으로  참 ㅎㅎㅎㅎ,74,2020-08-06T09:34:26Z
xE_m39JmbB0,지하철보관함<br>타지도않던 지하철 탄다고 굳이 내려가더니<br>카메라는 정면응시모드하고<br>보관함근처까지 가더니만<br>아기개인지 큰개인지 소리듣고 아기개라면서   &lt;누가 버린지 1분만에&gt;  바로 찾았답니다<br>그 시끄러운 지하도에서 개소리가 희한하게 지한테만 들렸나보네<br>그것도 핸드폰으로 녹음해놓은 소리인가<br>사람들이 가까이 가니 아무소리 안남,71,2020-08-06T11:02:25Z
xE_m39JmbB0,사실 양파처럼 까도까도 계속 나와서 이름을 양팡으로 했다는게 정계의 학설,70,2020-08-06T10:13:20Z
xE_m39JmbB0,정작 유튜브 그만둬야 하는 애들은 안그만두고.. 이게 뭐냐 팡아~,70,2020-08-06T16:14:28Z
xE_m39JmbB0,"양팡님<br><br><br>채널<br><br><br><br><br><br>알람취소,구독취소함<br><br><br><br>🤯🤯🤯🤯🤯😱😱😱😱😱😱😤😤😤😤😤",68,2020-08-06T09:33:39Z
xE_m39JmbB0,양팡도 이참에 버티지말고 사고치지말고 쯔양처럼 깔끔하게 꺼져라,67,2020-08-06T15:44:22Z
xE_m39JmbB0,역겨워 ㄹㅇ 징징징 즙짜면 문열고 마미입장<br>야야~~ 우리 아한테 와그라노. 얘 잠도 못자고 밥도 못먹었다아이가 내가 잘못했다 그만해라 아잡겠다~<br>ㅋㅋㅋㅋㅋㅋ,67,2020-08-06T15:17:13Z
xE_m39JmbB0,식구가 ㄷㅏ 사기꾼 기꾼기꾼사기꾼,66,2020-08-06T09:58:37Z
xE_m39JmbB0,중국몽 꾸는 사람이 자본주의 돈맛은 놓치기 싫은가보네 이중성 보소,66,2020-08-06T12:27:53Z
xE_m39JmbB0,애는 분기마다 터지노ㅋㅋ<br>국룰<br>1.일단 아니라고 빽빽 우긴다<br>2.운다<br>3.자숙한다<br>4.한달 후 복귀,60,2020-08-06T09:52:49Z
xE_m39JmbB0,양팡같은경우엔 본인혼자방송이아닌 거의 가족컨텐츠가 주를 이루는데 자기가 논란거리계속만들면 가족들도 욕먹이는짓인데 생각이없는건가 한두번이여야지 양팡본인은 물론이고 가족들은 어떻게 고개들고 다니겠냐,56,2020-08-06T11:36:20Z
xE_m39JmbB0,사기꾼이 따로없구나~~~,56,2020-08-06T09:35:37Z
xE_m39JmbB0,양팡 얼마전 케이블방송에서 &#39;푸마영상은 리.얼이였다&#39;고 얘기함<br>STA TV,53,2020-08-06T09:48:42Z
xE_m39JmbB0,하얀트리도 해달라구요 ㅜ.ㅜ 이슈터지고 영상들 수정 싹다했음 난 피해자임 본도시락영상보고 극찬만하길래 사먹었는데 별로라 더보기란 보니 아래에 광고라고 잘보이지않게 내려야보이게 적어놓고 이슈터지니 더보기위에다가 잘보이게 광고넣고 영상에서도 유료광고표시넣음 본인도 댓글에 전체적으로 검토 수정했다고 실토함  ㅠ 이렇게 싹바꾸고 입싹닦는 유튜버들 너무많음 ㅠ,52,2020-08-06T09:57:53Z
xE_m39JmbB0,ㅋㅋㅋ 역시 이 영상 나왔네 ㅋㅋㅋ<br>내돈 내산 치킨 8만원도 배신감 느끼겠지만 <br>찐팬들은 퓨마 영상에 더 실망했을거임 ㅋㅋㅋ,51,2020-08-06T10:05:32Z
xE_m39JmbB0,아니 형님들 보통 부모님은 자식걱정되서 정직하게 방송하라하지않아?,47,2020-08-06T17:48:04Z
xE_m39JmbB0,진짜 우리 엄마가 나 어렸을 때부터 인성 좋은 사람이 끝까지 살아남는다고 아무리 잘나가도 인성이 안좋으면 다 소용 없다고 했는데 뼈저리게 느낀다 왜 엄마가 누누히 그런 말을 했었는지...,45,2020-08-06T09:47:51Z
xE_m39JmbB0,이정도면 완벽한 싸이언스 페밀리 ㅋㅋㅋ,44,2020-08-06T09:38:00Z
xE_m39JmbB0,이건다아는얘기고  댓글다삭제하고있는 ㅍㅁ 좀 해줘 죄다사과하고있는데 최악임,41,2020-08-06T09:41:28Z
xE_m39JmbB0,와 양팡이 아니라 양파네... 까도까도 나오네,40,2020-08-06T09:35:02Z
xE_m39JmbB0,정말 양파같은 유튜버야,38,2020-08-06T09:37:17Z
xE_m39JmbB0,양팡이 돈에 미쳐서그런듯,36,2020-08-06T15:05:51Z
xE_m39JmbB0,정배우님 <br>지하철 안타던 양팡이 그날 우연히 지하철을 타로 갔고 우연히 짐보관 칸에서 낑낑대는 강아지를 구출했습니다 그리고 우연히 방송 중 이였고 한 번에 강아지 위치 소리를 듣고 찾아냈습니다<br>이런 일이 어떻게 양팡한테만 일어날까요? 저번엔 은행에 갇힌 할머니를 구했거든요 다른건 몰라도 동물학대면 심각한 일 아닌가요? 양팡 강아지 주작이라고 검색하면 맨위에 일단 뜨는데 한번 확인해주세요!!<br>그렇게 주작이라고 몰아간다고 뭐라하던데 정작 그때 cctv확인 했으면 끝났을 일인데 cctv확인도 없었고 영상보면 지인과 짜고치면 충분히 가능하다는 생각이 듭니다,35,2020-08-06T10:30:43Z
xE_m39JmbB0,팡팡팡 터지는구나 ...,35,2020-08-06T09:30:39Z
xE_m39JmbB0,양팡 얘는 전에 사건 사고 많을때 부터 이미 인성 인증된거 아니었냐??  별로 놀랍지도 않다,35,2020-08-06T11:09:12Z
xE_m39JmbB0,정배우님 양팡 지하철유기견 사건도 한번 파보시죠 아무리 생각해도 우연이 너무 겹치는걸로봐선 주작스멜이 너무나네요,33,2020-08-06T18:26:50Z
xE_m39JmbB0,결론 ㅋㅋㅋㅋㅋ 터지네 중국몽 ㅋㅋㅅㅂ,33,2020-08-06T09:36:20Z
xE_m39JmbB0,ㅋㅋㅋ2020 왜이러냨ㅋㅋ 유튜버들 나락 가넼ㅋㅋㅋㅋ 전부 쉴드 치고 싶지만 지들이 잘못한걸 어케 차낰ㅋㅋㅋㅋ 이젠 유튜브 볼껏도 없겠구나;;; 모르것당.....,32,2020-08-06T10:40:05Z
xE_m39JmbB0,가족 전체 다 정말 구역질난다...,31,2020-08-06T11:17:37Z
xE_m39JmbB0,"보통 트러블메이커들은 잊을만하면 사건 터지는데<br>얘는 잊을 틈도없이 사건이 터지네 ㅋㅋㅋ",29,2020-08-07T08:07:37Z
xE_m39JmbB0,ㅋㅋㅋ양ㅍ 걸려도 정배우한테 걸렸으니 큰일났네ㅋㅋ한번 물면 놓지 않는 유튜버계 세퍼트 정배우...,29,2020-08-06T09:38:48Z
xE_m39JmbB0,양팡은 항상 이슈가 끊이질 않네 독도 사건에다가 부동산사건에다가 별별 사고를 쳐놓고 감성팔이해서 이미지 세탁하고 이번에는 이제 흐지부지 못할거다 ㅋㅋㅋ,29,2020-08-06T15:04:17Z
xE_m39JmbB0,양팡은 도대체 왜 저만큼떳는지 이해가안됨<br>재미도없고 별로던대,28,2020-08-07T06:14:39Z
xE_m39JmbB0,아니 잘못 했으면 ㅇㅈ하고 죄송합니다 하면 될걸 수습하려고 ㅈㄴ 애쓰네 ㅋㅋ,24,2020-08-06T09:39:35Z
xE_m39JmbB0,이미지세탁 어떻게 한건지 존나 궁금하네ㅋㅋㅋㅋㅋ,23,2020-08-06T09:46:55Z
xE_m39JmbB0,솔직히  지까지께 머라고 전화한통으로 400만원언치를 ㅎㅎ 진짜웃음밖에 안나오네요<br>양팡도 양팡이지만 그 가족들 진짜 개소름!!<br>에휴  진짜 왜저러고살까...<br>이참에 그 푸마 매장도 조져주시죠 정배우님<br>그사기친 푸마매장도 구독자들기만했으니 벌을받아야합니다,23,2020-08-06T10:20:42Z
xE_m39JmbB0,난 댓글을 많이 올리진 않지만 유튜브 보는 분들 지금 논란 유튜버들 욕하시는데 바쁘겠다...ㄷㄷ 도대체 몇명이누?<br><br><br><br><br><br><br>총몇명이누?,22,2020-08-06T09:39:28Z
xE_m39JmbB0,저거 영상 본적 있는데 그때는 분명히 유료광고라는 표시가 처음에는 없었음.  오죽하면 내가 그 영상을 보면서 &#39; 와 양팡이 진짜 유명하긴 한가 보다. 푸마 같은 국제적인 브랜드에서 거의 400만원 어치를 그냥 주네?&#39; 이러면서 놀랐던 기억이 강해서 아직도 잊지 못하고 있음 . 그런데 지금 보니깐 유료광고 표시가 되어 있네 ?  <br><br><br>그때 영상 보면서도 아무리 양팡이 유명하고 구독자 수가 많다고 해도 좋게 봐서 신발 한켤레 정도는 무료로 줄수 있다고는 쳐도 신발이랑 옷이랑 다 합해서 400만원 어치 가까이 되는걸 그냥 준다는건 다시 보면 말도 안되는 소리임.  설령 문재인 대통령이 와서 쇼핑을 해도  양말 한켤레도 줄수 있을까 말까인데(대통령님 언급해서 잡혀가려나 ㅠ)  유투버 한사람이 얼마나 대단하다고 그 많은걸 주는지 의심 해봤어야 함.<br><br><br>그런데 지금 보니 시청자 기만이네 어휴 이건 도저히 용서가 안되네,21,2020-08-06T12:00:37Z
xE_m39JmbB0,짜여진 각본이였네 소름끼쳥 ㅠㅡㅠ,21,2020-08-06T09:33:45Z
xE_m39JmbB0,가족 사기단! 양팡! 그만큼 벌었으면 이제 물러나라~! 쯔양 은퇴한거 보고 느껴지는게 없니??? 진짜 입만 열면 거짓말이네?? 양팡  시청자 기만도 적당히 해야지!!,21,2020-08-06T10:30:12Z
xE_m39JmbB0,정배우 일 진짜 잘한다,20,2020-08-06T10:00:15Z
xE_m39JmbB0,"우선 형 먹방계뿐만 아니라 게임계, 뷰티계, 브이로그계 등등 다 찾아야 함 먹방만 뒷광고가 있을 일이 없어",19,2020-08-06T11:41:59Z
xE_m39JmbB0,ㅋㅋㅋ 이쯤 되면 국룰이네 사건사고인물들은 죄다 아프리카티비에서 파생된 유튜버들 슈기 나름 벤쯔 송대익 양팡 ㅋㅋㅋㅋㅋ ㄹㅇ 대단하다,18,2020-08-07T03:23:43Z
xE_m39JmbB0,&quot;She is onion&quot;,18,2020-08-06T23:29:12Z
xE_m39JmbB0,너튜브 가족사기단.,15,2020-08-06T15:05:20Z
xE_m39JmbB0,양팡 부모가 진짜 몰랐을까??? ㅋㅋㅋ 다같이 손잡고 주작친거지 아니냐?? 우리 팡이 잘가라 병아리는 삐약 병아리는 삐약 삐삐삐약,14,2020-08-06T11:20:46Z
xE_m39JmbB0,근데 진짜 양팡은 뭐 맨날 사건이 끊이질 않는데도 왜 계속 활동하지...?,13,2020-08-06T11:44:06Z
xE_m39JmbB0,저쯤 되면 평소 생각이란걸 하고 사는지 궁금하다 ㅋㅋ,13,2020-08-06T09:30:51Z
xE_m39JmbB0,아니..이렇게나 논란이많은데..구독자가 왜많은지모르겠다,11,2020-08-06T16:16:17Z
