﻿Video_ID,comment_text,comment_likes,comment_date
NO8uVNLbOVU,가장무서운건 &#39;팬&#39;이었던 사람이 안티로 돌아가는것 아닐까..,5428,2020-08-09T10:31:40Z
NO8uVNLbOVU,와.....인생이 거짓말이네,2232,2020-08-09T15:36:29Z
NO8uVNLbOVU,"좀 이상한 애같음. <br>습관적으로 사과하고 또 사고치고,사과하고 또 사고치고<br>즙짜고 성질내고.. 여태 반복되었던 모습이다. 이젠 안보고 싶다",2130,2020-08-13T08:06:57Z
NO8uVNLbOVU,진짜 유아적이다. 혼나면 울고 고집세고 행동이랑 말하는것도. 사과영상은 그냥 선생님이 시켜서 눈치보면서 억지로 사과하는 초등학생같음,2063,2020-08-10T11:25:03Z
NO8uVNLbOVU,"머리에 든건 없는데 돈도 잘벌리고, 내편 들어주는 사람은 많고, 다들 오구오구 해주니까 세상이 지껀줄알고 내가 땡깡 피우면 다되는줄 알아서 저럼. 그게 몇번 반복되니 갈수록 더 심해지지<br><br><br>그리고 현실<br><br>양팡 : 저 양팡인데 ㅎㅎ<br>직원 : 그게 뭔데 십덕아",1365,2020-08-10T00:09:10Z
NO8uVNLbOVU,한 번 논란이 있었을때는 사람이 실수 할 수도 있지라고 생각했지만 두번세번 반복되니까 그냥 이친구는 원래 이런가보다 하고 떠나가는듯요,1223,2020-08-09T23:34:35Z
NO8uVNLbOVU,다이소랑 중국몽은 자세히 모를수도 있는데<br>왜 안믿어주냐면서 울거나 무시하고 차단하는 대처방법이 좀 이상한거같음..<br>비비큐는 사람하나 바보만드는 기만행위지..,724,2020-08-09T11:17:23Z
NO8uVNLbOVU,매니저가 충신이네..따끔하게 정신차렸음 좋았을텐데..치킨은 단순히 숙제냐 물어봤을 뿐인데 너무 못되게 굴었다...시청자 당황했을듯;;,709,2020-08-10T11:25:12Z
NO8uVNLbOVU,사과영상을 4번찍을 정도면 유튜브 접어야하는거 아닌가? 아니면 학습능력이 없는건가?,614,2020-08-09T13:40:10Z
NO8uVNLbOVU,일개직원이 본사에 직통전화를 때려서 즉석협찬을 주선하고<br>본사는 인지도만 보고 그걸또 바로 허가처리.....<br><br><br><br><br><br><br>상식적으로 말이 되냐? ;;,590,2020-08-09T23:22:20Z
NO8uVNLbOVU,정말정말 조심스럽지만<br>지하철 보관함 유기견 구조영상도<br>의심스러운 상황입니다..<br>풀영상 계속 돌려보고있어요,481,2020-08-09T10:52:49Z
NO8uVNLbOVU,아우 그 유튜버의 동생은 어떡하냐...<br>얼굴 다팔리고 진짜 대학생활어떡해?<br>언넝 빨리 개명해야쓰긋다...<br>판사님 저는 그누거도 지칭하지않았습니다,416,2020-08-11T00:45:41Z
NO8uVNLbOVU,처음부터 말이안된게 굳이 직원이 어떻게 본사에 연락에서 공짜로 받아와 사장도 못해내는걸 어떻게,405,2020-08-09T11:14:28Z
NO8uVNLbOVU,양팡은 학습능력이 없는건가 전에도 논란 많이 일으켰으면서 정신 못차렸나보네,404,2020-08-09T11:04:16Z
NO8uVNLbOVU,BBQ 말고도 치킨 플러스 영상도 광고인게 좀 놀랍다 그냥 편집자가 시켜준줄 알았는데 저게 광고였다니..,401,2020-08-10T01:58:40Z
NO8uVNLbOVU,"사과영상특<br>썸네일: 검정색<br>제목: 죄송합니다<br>스타일: 검은옷,하얀옷<br>얼굴: 아픈척<br>1개월~6개월후: 반성..많이했습니다..",398,2020-08-09T10:56:25Z
NO8uVNLbOVU,다이소때 쳐내진 시청자 닉네임 아직도 기억남 그분 충격받고 탈퇴했다던데,387,2020-08-09T10:38:20Z
NO8uVNLbOVU,양팡의 방송을 본 적은 없지만 유명한거는 알았지.. 근데 논란도 처음보고 이정도일줄은 몰랐네요. 이젠 유튜버도 공인이라는걸 인지하고 행동도 말도 조심해야한다는걸 새삼 느끼게 되네요.,376,2020-08-09T23:06:50Z
NO8uVNLbOVU,양팡  웃낀게 지는 일본가서   밀가루 떡칠하고<br>기모노입고 다님<br>일본 유튜버데꼬가서  방송했는데<br>기모노 입고  다리 아푸다고 앉을라하는데<br>기모노입고  다리 아푸다고 함부로 앉는거 아니라는데 자꾸 앉을라함<br>자기는 기모노 입고 밀가루 떡칠하고 일본인인척 소개하는듯한 방송하고 다이소  독도 타령하고 나자빠지는 지랄 함,372,2020-08-09T11:11:53Z
NO8uVNLbOVU,쓰레기 유튜버 거르는법: 검색창에 죄송합니다 쳐보기,329,2020-08-09T23:47:44Z
NO8uVNLbOVU,호구들이  만든 괴물들,322,2020-08-09T10:29:42Z
NO8uVNLbOVU,양팡이 방송에서 어린애처럼 행동하는건 어린애처럼이 아니라 그냥 본인인거임 양팡은 제발 잘못좀 인지해라,296,2020-08-10T06:46:27Z
NO8uVNLbOVU,"---- 지하철 보관함 강아지 사건 ---   <br>양팡이 지하철을 타려고 역에 가면서 우연히 물품보관함 속의 강아지를 발견(강아지 넣은 시간이 찍혔는데 겨우1분전)하고 구조했다고 하는 사건. 이 사건으로 양팡은 구독자가 하루 아침에 20만명으로 폭발함. 각종 언론에 선행으로 도배되고 방송인터뷰까지 함.  그러나 그 강아지는 유기견 보호소에서 죽었음.<br><br>강아지를 보관함에 넣은지 겨우1분전에 누군가 넣었다는건데, 그걸 CCTV 확인을 안한다고?  <br>애초에 개를 버린건지 무슨 일인지 개주인 찾아서 물어보는게 정상임. 그런데 주인을 찾으려는 어떠한 노력도 안하고 언급 자체를 안함.  <br>그 개는 동물보호소에서 죽음.  그 과정에서 양팡은 입양 흥보영상등을 제작하지도 않음.   어느 보호소에 있는지 상태가 어떤지 누가 물어봐도 대답 안하고 숨김<br>그리고 개가 죽고 나니까 죽었다고 문자 받았다며 문자를 공개함.<br><br>다시 말하면 양팡은 어느 동물보호소에 있는지 알고 있었고, 연락처까지 알고 있었다는 것임. <br>실제로 입양하겠다는 구독자가 많았음에도 모른척함",293,2020-08-17T14:43:42Z
NO8uVNLbOVU,양팡 항상 문제 일으키고 죄송하다고하고 금방 복귀했음. 이번에도 여느때와 같이 자숙한답시고 놀다가 복귀할듯.,283,2020-08-09T11:18:27Z
NO8uVNLbOVU,정리영상만 봤을땐 ㄹㅇ 나쁜련이네<br><br>자기 팬들 총 3번 배신 때리고<br><br>구라만 6번넘게 친거아님? ㅋㅋㅋ,281,2020-08-09T11:15:38Z
NO8uVNLbOVU,뭐 안봐도 작살났죠 잘못했으면서 잘못한거처럼 몰아낸다고 억울하다며 피해의식 가지고서 울기만 하는데 어디가 성장이라는건지 제자리였어요 그냥 ㅎ <br><br>돈만 밝히는데에 성장한듯 해요 광고 아니라고  시청자에게 짜증내며 무시하라해<br><br> 잘못된거라면 참고라도 해서 확인을 해보든가 잘 모르면서 맞다고 짜증내며 무시하라해 중국몽에 대해서도 잘 모르면서 이야기해주는데 그거도 무시해 ㅎㅎ <br><br> 구라치고 잘 모르고 맘대로 하고 이야기해줘도 무시하고 자기 멋대로 잘못헸으면서 잘못 안해 사람들이 날 괴롭히기만해 <br><br>이래서 누가 남겠습니까 쭉 실수 실수겠지  그런가보다 그럴 수도 있지 하며 남아서 좋게좋게 생각함 제가 한심해보입니다ㅎ<br><br> 이제와서 다 돌이켜보면 남을 이유가 없어요<br><br> 이번꺼 포함해서 구독자 시청자 뭐 애정있게 본다더니 다 거짓말같고 지금 방송 유튭도 돈을 위해서지만 진짜 돈 뿐인거 같이 느끼게끔 그런 행동 보여주시듯 터뜨리고 방송에 나와서까지 우연인듯양 이야기해서 진짜 대박이다 이랬는데 역시 구라였고 ㅋㅋㅋ<br><br>+ 저도 모르게 베댓이 되고서 좋아요 226개라니 잘 쓴 글도 아닌거 같은데 감사합니다,243,2020-08-09T11:12:50Z
NO8uVNLbOVU,뉴스에 이런 걸 다뤄야 돼는데 쯔양님을 다뤄버리네 메인으로,216,2020-08-09T10:51:29Z
NO8uVNLbOVU,그냥 정치개념도 없고... 사리분별을 잘 못하는갑네..  유명해질수록 말을 조심히 해야한다,215,2020-08-09T11:03:07Z
NO8uVNLbOVU,"어차피 몇 달 뒤에 반성한다고 다시 돌아오거나, <br>다른 사람에게 유튜브를 팔고 다른 사업을 시작하겠죠.",199,2020-08-09T11:13:47Z
NO8uVNLbOVU,이래서 배우고 공부하고 머리속에 상식같은 기본지식은 어거지라도 넣어야되지않나싶음. 못배운티낸다의 정석이아닌가싶다,167,2020-08-11T01:04:01Z
NO8uVNLbOVU,뒷광고 유투버들은  찍으면서<br>팬들이 좋아해주고 그런걸 볼때마다<br>얼마나 팬이 하찮게 보였을까??<br>돈통들 잘 낚이내 ??!! 라고 생각 했을듯.,134,2020-08-09T11:11:27Z
NO8uVNLbOVU,확실한건 사건사고논란이 계속 나온다는건 그사람자체를 의심해봐야한다는거다 구독자들 손절좀 해라 에지간한 사고박힌 사람이면 구독취소했겠지만 잼민이들 취소좀 해라,128,2020-08-09T11:11:12Z
NO8uVNLbOVU,쟤는 이번 한번이 처음이 아니라 몇번째 사건이냐? 그니까 더이상 참다참다 떠나는거지 정도껏 해야지 한두번까지는 그래 실수할수도 있지지만 쟤는 지금 4~5번째 사고터진건데 안떠나면 그게 흑우를 넘어선 그냥 호구수준 아님? 진지하게 아직도 쟤 빨아주는인간들은 아이큐가 붕어인가?,121,2020-08-09T22:56:00Z
NO8uVNLbOVU,사람은 고쳐쓰는게 아니며 인성이 작살난 것들은 거르는게 답이다<br>참고로 나는 모르는 유튜버다,118,2020-08-09T15:43:42Z
NO8uVNLbOVU,Tv프로에서도 구라를 친거네 ㅋㅋㅋㅋ 그냥 들어가고 다신 나오지 말길..,101,2020-08-09T11:09:54Z
NO8uVNLbOVU,참고로 채널 조회수 보시면 아시겠지만 양팡은 영상을 삭제한게 아닌 비공개로 돌린 겁니다(현재는 삭제됨),93,2020-08-12T12:49:54Z
NO8uVNLbOVU,웃키키씨 솔직히 좀 충격받은 사건이 있습니다<br><br><br><br>샌박 초대 ceo도티가 지금 뒷광고 논란에 휩싸였다네요...조사부탁드립니다..<br>+ㅘ 좋아요 80개,91,2020-08-09T10:51:16Z
NO8uVNLbOVU,솔직히  다른  유튜버들은  다용서 해도 양팡은  더이상  아니다 등돌린다  구역질나  3아웃제에서 4아웃 해버렸으니  조금더 생각하고 신중히  행동하고  자기행동에 빠르게 반성하는  태도를  보이면  될것을  시청자에게 꾸지람을  주고  최악이다,91,2020-08-09T10:22:43Z
NO8uVNLbOVU,이제 그만큼해서 많이벌고<br>일반사람들 보지도못하는돈<br>만졌으면 이제 여기서<br>그만해라...<br>이러고도 방송욕심있으면 흠<br>이건아니라고본다.<br>엉뚱한사람 그만두게하지말고....,91,2020-08-09T11:11:28Z
NO8uVNLbOVU,부업이 과수원인가 봅니다. 사과재배가 취미인듯.<br><br>부동산 거래건도 미심쩍은게 많았죠. 이중거래하고 계약금 배액배상논란까지,88,2020-08-09T11:48:30Z
NO8uVNLbOVU,뭐야 이번엔 양팡이야?<br>이야 유명인들 다 사건을 치는 구나,83,2020-08-09T12:37:56Z
NO8uVNLbOVU,손흥민 선수가 가도<br>공짜로 줄일 없을텐데<br>생각이 많이 짧은 아이네요,74,2020-08-09T10:40:16Z
NO8uVNLbOVU,난 양팡 터지고 보겸 터지고 그냥 다 터져서 가뜩이나 싫었던 아프리카가<br>더 싫어짐 그리고 이상한 광고 찍는 얘들도 대부분 아프리카임;,63,2020-10-02T08:18:27Z
NO8uVNLbOVU,유튜버가 기본적으로 시청자한테 고마워하는 마음이 있으면 이러면 안됨<br>요즘 논란들 때문에 다 정떨어진다.....,62,2020-08-10T08:21:35Z
NO8uVNLbOVU,양팡은 한두개가 아닐껄? 평소 말투나 인성보면 죄의식 없이 거짓말을 숨쉬듯이 쉽게 함,62,2020-08-09T10:17:47Z
NO8uVNLbOVU,근데 양팡 200만 유투버 된 이유가 뭐임? 진심 궁금함 유명해진 계기가 있을거 같은데대깨팡님들 좀 알려주셈 개궁금,57,2020-08-09T10:47:58Z
NO8uVNLbOVU,별잘못없는 쯔양도  은퇴하는데사과영상끝?이건아닌거같은데...,57,2020-08-09T11:08:12Z
NO8uVNLbOVU,"&quot;펫숍에서 사지 말고, 동물보호소에서 입양하세요&quot;   이렇게 글쓰고 그날 바로 <br>펫숍에서 파양견 사가지고 데려옴.  펫숍에서 팔았다가 다시 돌아온 품종견 비숑 펫숍에서  사왔으면서..",56,2020-08-17T14:40:00Z
NO8uVNLbOVU,락커룸 강아지 백퍼 주작일것같다,52,2020-08-09T10:04:07Z
NO8uVNLbOVU,하나에 너무빠지는 사람들은 뭐가됐든 거기에너무빠져있으니 사리분별이안되는거지 그냥 상식적으로생각해서 일개대리점 직원따위가 본사랑 광고협의하고 물건을공짜로준다고?,51,2020-08-10T08:19:04Z
NO8uVNLbOVU,"양팡 이제는 못 믿겠네 특히나 사건이 잘 터져서 이제는 양팡에 대한 신용이 없음 또 의심스러운 영상나오면 주작이구나 싶지..에휴 그 젊은 나이에 아프리카,유튜브로 남들이 버는 돈보다 더 많이 벌었으면 그 직업에 대한 책임감을 가져야지 구라를 치고 앉아있네",50,2020-08-09T11:26:04Z
NO8uVNLbOVU,인생은 그렇게 살면 안되오리다.. <br>언젠간 지옥에서 천벌을 받을텐데 <br>양팡님!! 오로지 팬은 아니지만 <br>사기는 그만 합시다..,49,2020-08-09T12:30:26Z
NO8uVNLbOVU,"어느샌가 말실수를 방지하기 위해 사과문을 보고 읽는 사람들이 생김<br>사실 다 개소리같음ㅇㅇ 진심으로 반성하고 뉘우치면 반성문 정도는 달달 외워야 되는거 아님? 외우려고 노력한 정성도 안 보여, 모니터 밖 사과문을 줄줄 읽어대는데 무슨 진정성이 느껴져",48,2020-08-09T11:43:44Z
NO8uVNLbOVU,와 놀랍다 이 정도면 거의 악질 아닌가요;;;<br>나이가 아직 어리셔서 행동에 대한 심각성을 모르셨던 건가;;;,44,2020-08-09T11:22:36Z
NO8uVNLbOVU,"<a href=""https://www.youtube.com/watch?v=NO8uVNLbOVU&amp;t=280"">4:40</a> 돈에 미쳐야만 할수 있는 라이브연기 ㅎㄷㄷ...",43,2020-08-09T17:25:20Z
NO8uVNLbOVU,ㅋㅎㅋㅎㅋㅎㅋㅎㅋㅎㅋㅎ &#39;죄송합니다&#39; 유튜브에 치면 최근영상들 ㅈㄴ게 많음 ㅋㅋㅋ,42,2020-08-09T11:03:05Z
NO8uVNLbOVU,사건이 엄청일어나네요 이번주만해도 영상이 4개네요.. 수고하십니다😘,41,2020-08-09T10:04:40Z
NO8uVNLbOVU,양팡 애는 이중인격자라고 볼수있죠... <br>최근 사과 영상만 봐도 대체 사과 영상인지 그냥 넘어가자는 영상인지... <br>살짝 웃는 표정(입꼬리가 올라감)도 잠깐 보였고... <br>대본 읽듯이 눈은 모니터를 향해 말하는거보면 진정성있는 사과 영상이 아니라는거죠.....<br><br>쯔양님과 양파 두 사람 비교가 되는...<br><br>그만큼 실망을 줬으면 쯔양님처럼 은퇴하는게 낫다고 봐요....<br><br>쯔양님이 제일 불쌍합니다.ㅠ<br>(쯔양님이 다시 복귀했으면 하는 바램),40,2020-08-09T10:30:06Z
NO8uVNLbOVU,그 이후로 남포동에 퓨마 매장 장사 안됨(코로나가 아니라)<br>남포동에 출퇴근 하는 사람인데 점심 저녁 사이 퇴근 할때마다 보는데 희한하게 그가게만 사람이 없음<br><br><br><br><br>야레야레,39,2020-08-09T20:09:34Z
NO8uVNLbOVU,"인성이 부족한 사람이 분에 넘치는 인기와, 돈맛을 알면 문제가 발생합니다.",39,2020-08-09T10:14:16Z
NO8uVNLbOVU,유명인이 대중에게 보여주는 이미지는 철저하게 계산된 것입니다. 알지도 못하는 누군가를 숭배하고 우상화하는 것은 어리석은 짓입니다.,38,2020-08-09T12:46:41Z
NO8uVNLbOVU,양팡씨 요즘도 중국몽 꿈꾸고 계시죠?ㅋㅋㅋㅋㅋㅋㅋㅋㅋ 그래서 이런짓 하시는거죠?? 저번에 중국몽을 꿈꾼다면서요,37,2020-08-10T11:16:33Z
NO8uVNLbOVU,ㅋㅋㅋㅋ인방 아니었으면 사람 취급 못 받았을 인간들일텐데ㅋㅋ인방이 여럿 살리네,34,2020-08-09T10:55:16Z
NO8uVNLbOVU,이분 너무 깔끔하고 정보조사도 꼼꼼히 하셔서 영상보기 넘 좋음...ㅜ,32,2021-02-24T02:48:27Z
NO8uVNLbOVU,양팡이라...초반에 재미로 대학교 기숙사에서 방송을 했었던것 같은데 맞나? 내기억이 맞다면 그때는 참 순수해 보였는데...<br> 왜 이렇게 됐음? 걍 이정도면 밑 바닥 갈때까지 간거 아닌가?ㅉㅉㅉ,32,2020-08-09T11:12:12Z
NO8uVNLbOVU,뭐야 1일 1사건ㅋㅋㅋㅋㅋㅁㅊ 형 힘들겠다,32,2020-08-09T10:02:33Z
NO8uVNLbOVU,뮌하우젠 증후군인가......<br>뭔지모르는사람들을위해 쉽게말해 <br>(안아픈데 아프다고 관심얻는병)<br>사과하고 사고치고 반복하는거보면 맞는거같음,31,2020-10-08T07:45:39Z
NO8uVNLbOVU,"<a href=""https://www.youtube.com/watch?v=NO8uVNLbOVU&amp;t=285"">4:45</a><br>진짜 저기서 그말한 펜은 얼마나 뻘쭘했을까 ...",30,2020-08-09T13:51:55Z
NO8uVNLbOVU,사건이 많이터져서 이분은 기분좋을듯,30,2020-08-09T11:11:06Z
NO8uVNLbOVU,"양팡보다 별로인건 니들처럼 여기와서 욕적는사람들ㅋㅋ 진짜 이유튜버는 아니지만 이슈유튜버들이 설리욕할때 쪼로록 달려와 같이 욕하더니 이제 문제생기고 아니 하나같이 모른척하더만<br>안타까워서 말하는데 제발 악플,쓸때없는 댓달지말아라.욕먹은 유튜버가 작정하고 고소하면 니네들 빼도박도 못하게 다 처벌받음. 저 유튜버가 잘못했다고 니들처럼 아무일도없는 제3자가 욕까지 할필요는없음. 그냥 단지 구취만 누르고 조용히 사라지면됨.",28,2020-08-11T03:09:36Z
NO8uVNLbOVU,웃키키님 일이 많아져 바빠지셨군요<br>(없어야 좋은 거지만 웃프다 ㅠㅠ),28,2020-08-09T10:29:17Z
NO8uVNLbOVU,다이소도 그렇고 중국몽도 그렇고 사리분별못하니까 아마 자기가 뒷광고 한게 그리 잘못된건지 조차 모르고 일단 사과부터 했을거다 ㅋㅋ,27,2020-08-10T07:46:26Z
NO8uVNLbOVU,담은 도티 뒷광고 논란 부탁합니다,27,2020-08-09T10:07:27Z
NO8uVNLbOVU,자신이 한 일은 전혀 생각하지 않고 남이 자신에게 뭐라고 하는 것에만 꽂혀서 섭섭해하는 것<br>예전에 정준하가 욕먹을 때 하던 패턴이네요.,26,2020-08-09T11:34:21Z
NO8uVNLbOVU,사람 고쳐쓰는거 아닙니다. 어차피 이렇게 까도 구독자수 조회수는 유지할겁니다,26,2020-08-09T10:17:32Z
NO8uVNLbOVU,구독자 팬은 아닙니다.<br>하지만 팩트는 팩트로 애기해야하죠.<br>8월9일 20시를 기해 정배우 내용을 보시고<br>컨텐츠의 문제가 있어 보이신다면 신고를 바랍니다.(선동이 아닌 자의적 판단 요함)<br>악의적인 행동 테러가 아닌 진정한 민주주의  시민의식의 결과물을 보여 주어야 한다는 현 노란딱지 대첩이라 명함,24,2020-08-09T11:13:51Z
NO8uVNLbOVU,팬이였던 사람들이 안티가되면 정말 무섭습니다. 가까웠던만큼 그에대해 잘알거든요.....ㄷㄷ,23,2020-09-09T15:04:41Z
NO8uVNLbOVU,이중성 오진다 ㅋㅋㅋㅋㅋㅋ 무서운 사람이었네. 앞에서는 사람좋게 행동하면서 뒤로는 시청자들 개 돼지 취급하고 어떻게 속일까 계획 짯던거 아니냐 ㅋㅋ 무서운 여자네 사과영상을 몇 번 씩이나 했는데도 ㅋㅋ 양치기 소년도 3번째는 안 믿어주는데 사과영상만 3번째.. 누가 믿어주겠냐,23,2020-08-09T11:30:34Z
NO8uVNLbOVU,사건터지기전부터 봤는데  약간정신적으로 문제가.......,23,2020-08-11T23:44:17Z
NO8uVNLbOVU,나는 저 푸마가 제일 소름임...,22,2020-10-08T01:23:50Z
NO8uVNLbOVU,올해 유튜브 너무 사건이 많네요 ㅠㅠ,22,2020-08-09T10:02:39Z
NO8uVNLbOVU,"아니ㅋㅋ 당연히 사과를 4번이나 많이하고ㅋㅋ 또 사과해서 반복할까봐, 용서를 안하는거지ㅋㅋ 유튜버가 거짓말을 왜함;; 2020년 왜이러노ㅋ",21,2020-08-09T10:14:25Z
NO8uVNLbOVU,친구가 양팡을 정말좋아햇엇죠. <br>양팡이 맛있대 먹어보자. ㅎ 그친구 배신감들겟넽<br>암튼저는 같이 먹어봤는데 맛없드라구요 ㅎㅎ,18,2020-08-09T17:28:26Z
NO8uVNLbOVU,양팡??? 제가 1인방송을 거의 안보는 편이라 잘모르지만[유튜버도 극소수만 봄]  사태가 매우 심각하게 보이네요,16,2020-08-10T08:48:58Z
NO8uVNLbOVU,"사람은 (돈)욕심에 끝이 없고, 같은 실수만 반복한다.<br>+사람은 쉽게 변하지 않는다.",16,2020-08-09T11:14:27Z
NO8uVNLbOVU,이젠 더이상 옹호 못해주겠음... ㄹㅇ.. 그냥 잘가라..,13,2020-08-10T01:22:39Z
NO8uVNLbOVU,"애초에 뒷광고 이전에도 위태위태했던 양팡인데 , 그냥 전 국민을 속였네 ㅋㅎㅋ. 참피디 폭로아녔으면 저사람 계속 봤을거라 생각하니까 ㄹㅇ 역겹네",13,2020-08-09T11:15:15Z
NO8uVNLbOVU,"도티, 샌박논란이 의외로 뜨고있지 않은데 부탁드립니다",13,2020-08-09T11:13:24Z
NO8uVNLbOVU,진짜 다른사람들은 놀란거에서 그쳤었음 근데 양팡은 진짜 배신감 듬 이 사람 보면서 화목한 가정이 부럽다고 느끼면서 저 가족이 되고 싶다고 생각했는데 네가 유튜브만 봐서 여러 사건의 대해 잘 몰랐구나 싶고.....진짜 ㅈ 같음 만나면 욕 얻을 수도 있을것 갔아,12,2020-10-08T12:05:29Z
NO8uVNLbOVU,그 몇몇 먹방유튜버들은 소름돋을 지경이긴함 영상설명란에 내가 먹고싶어서 가져와봤어요가 아니라<br>신메뉴 나와서 가져와봤어요 라는거임,12,2020-08-09T10:48:20Z
NO8uVNLbOVU,요즘 유튜브 논란 많아서 혼란스럽지만 웃키키형 영상 많이 올라오는 건 너무 좋당 ㅎㅎ<br>형 오늘도 잘 정리해줘서 넘 고맙고 사랑해 ❤,12,2020-08-09T11:12:53Z
NO8uVNLbOVU,샌드박스 적자와 경영부실에 관해 영상 제작 부탁드립니다.<br><br>또한 샌드박스는 신용등급 최하위가 맞는지 이것도 같이 제작 부탁드립니다.,12,2020-08-10T00:29:24Z
NO8uVNLbOVU,샌드박스 논란도 전부 정리하죠 이번에 보니까 샌드박스가 전체적으로 문제인거 같은데 표면으로 봤을때는 방송이나 여러 곳에서 제대로 돌아가는 회산줄 알았는데 퇴사자나 지금 사태 보면 문제가 많은거 같은데,12,2020-08-09T10:15:13Z
NO8uVNLbOVU,지하철 강아지 유기 영상도 지금 주작아니냐고 댓글창 난리났던데ㄷㄷ...,12,2020-08-09T10:17:33Z
NO8uVNLbOVU,한번의 실수는 말그대로 실수지만<br>같은 실수를 반복하면 그건 그 사람의 됌됌이다,11,2020-08-18T00:36:17Z
NO8uVNLbOVU,푸마는 역대급이였지 ㅋㅋㅋ,11,2021-01-31T11:59:01Z
NO8uVNLbOVU,양팡도 양팡인데 가족들도 별로임 양팡으로 돈 벌고 인스타 팔로워 빨아먹고 금지인가 그 사람은 공구까지 준비하던데 ㅋㅋㅋㅋ인기 유명세로 빨아먹을 건 다 빨아먹고 양팡이 총대매서 사과 ㅋㅋㅋ총대 맨다는 말도 웃기긴 하지만 어쨋든 양팡이랑 가족 존나 별로,11,2020-08-09T10:19:26Z
NO8uVNLbOVU,&quot;2020 legeno&quot;,11,2020-08-09T11:11:02Z
ci1LGtryFWs,한국인이 좋아하는 말스피드<br><br><br><br><br><br><br><br>+좋아요1천개 감사합니다ㅋㅋㅋㅋ,1043,2020-08-23T11:57:43Z
ci1LGtryFWs,나 진짜 ㅈㄴ 진지하게 생각하고 있는건데 <br>양팡이데려온 강아지(비숑: 소금이) 컨텐츠 뽑으려고 갖고왔을까 아님 진짜 제대로 키우려고 데리고왔을까?,497,2020-08-25T06:24:05Z
ci1LGtryFWs,아니 갑자기 광고를 해버린다구..??,385,2020-08-23T11:43:59Z
ci1LGtryFWs,돈이 좋긴 좋구나<br>사회생활 고생 안해보고 돈맛을 알아버려서<br>절대 안접는다<br>부럽네ㅋ<br>평생 쓸돈 벌어나서,337,2020-08-25T08:48:46Z
ci1LGtryFWs,60억은 벌었겠네? 저 인간이랑 같은 아파트에 사는데 만나면 좀 뭐라하고 싶다. ㄹㅇ 팬이라 같은 아파트로 왔을때 ㅈㄴ 좋았는데 지금은 ㅋㅋ .. 다시 가야동으로 돌아가세요.~,285,2020-08-23T12:37:43Z
ci1LGtryFWs,진짜 믿을 사람 없다는게 이거구나..,271,2020-08-23T11:43:37Z
ci1LGtryFWs,"강아지 구조 주작문의하면 환멸 난다고 공지글까지 썼으면서 절대 CCTV는 공개 안함.   강아지 어디있는지도 절대 말 안함.    <br>이게 말이됨?   <br>KBS사건이나 부동산 사건때 전화통화 몰래 녹음하고, 상대방 허락도 안받고 유튜브에 올리던 양팡뇬인데 CCTV확인을 안한다고 ?",250,2020-08-23T20:10:24Z
ci1LGtryFWs,형  자연스럽게 광고하네,191,2020-08-23T11:45:12Z
ci1LGtryFWs,이정도면 숙제하려고 양팡 뒷광고 논란영상 만든거 아니냐 ㅋㅎㅋㅎㅋㅎㅋㅎ,178,2020-08-23T11:58:42Z
ci1LGtryFWs,"이런 컨텐츠에 게임 광고를 넣어버리는 당신은,.....",165,2020-08-28T05:47:35Z
ci1LGtryFWs,그래양팡은.이제 건물을사고.일안하고 돈이 매월들어오겠지,159,2020-08-23T12:21:32Z
ci1LGtryFWs,중간에 갑자기 광고를...??,127,2020-08-23T11:45:57Z
ci1LGtryFWs,"명성을 쌓는 데는 20년이란 세월이 걸리며, 명성을 무너뜨리는 데는 채 5분도 걸리지 않는다. 그걸 명심한다면, 당신의 행동이 달라질 것이다. <del>워렌 버핏</del>",94,2020-08-23T11:44:46Z
ci1LGtryFWs,두유노님 솔직히 이거 양팡님 재산은 빌드업이고 광고를 찍으려고 한거죠?앞으로도 이렇게 해주세요 돈 버셔야죠,86,2020-08-23T11:55:05Z
ci1LGtryFWs,"무료로 레이드를 다운로드 하세요! :✅ Android: <a href=""https://clik.cc/pYtdj"">https://clik.cc/pYtdj</a> :✅: IOS: <a href=""https://clik.cc/lWRXU"">https://clik.cc/lWRXU</a> :✅ PC: <a href=""https://clik.cc/RkWYp"">https://clik.cc/RkWYp</a> 그리고 특별 보너스를 받아가세요! 💥 다음 30 일 동안 만 사용 가능합니다!",70,2020-08-23T11:56:03Z
ci1LGtryFWs,이게 왜 유료광고 포함이징?<br><br><br>아 ㅋㅋㅋㅋㅋ 숙제가 있었구나,63,2020-08-27T05:12:48Z
ci1LGtryFWs,"<a href=""https://www.youtube.com/watch?v=ci1LGtryFWs&amp;t=86"">1:26</a> 광고시작<br><br><a href=""https://www.youtube.com/watch?v=ci1LGtryFWs&amp;t=169"">2:49</a> 광고 끝",60,2020-08-27T09:15:05Z
ci1LGtryFWs,아니 갑자기 광고를... ㅋㅋ,57,2020-08-23T11:54:22Z
ci1LGtryFWs,와 저 게임 재밌겠다 저 게임 깔아야지 <br><br><br><br><br><br>형 이렇게 하는거지,54,2020-08-23T12:23:39Z
ci1LGtryFWs,ㅋㅋㅋㅋㅋㅋㅋㅋㅋㅋ 갑자기 뭔 게임광고를 진행해서 ㅈㄴ웃겼네,41,2020-08-23T12:15:19Z
ci1LGtryFWs,재력과 재산을 알려주는 채널에서 rpg게임을 광곸ㅋㅋㅋ,40,2020-08-26T23:14:05Z
ci1LGtryFWs,이야 이렇게 많이 벌면서 왜 뒷광고를 저리 뻔뻔하게 했을까.... 다시는 복귀하지말고 니네가족들이랑 그 돈쓰면서 조용히 살아라. 돌아오면 ㄹㅇ 역대급 패드립 단체로 날라올듯,35,2020-08-27T04:11:00Z
ci1LGtryFWs,아따 말 속도 쉬원하노 구독 때려박겠슴미다,33,2020-08-23T12:52:54Z
ci1LGtryFWs,이런 센스쟁이 앞광고두유 ~~~너어ㅋㅋㅋㅋ,28,2020-08-23T11:47:01Z
ci1LGtryFWs,"<a href=""https://www.youtube.com/watch?v=ci1LGtryFWs&amp;t=84"">1:24</a> ㅈㄴ 자연스러웠다.<br>거부감없는 앞광고 인정합니다.",27,2020-08-23T12:33:09Z
ci1LGtryFWs,그래 ㅅㅂ 이게 숙제지ㅋㅋㅋㅋㅋㄱㅋㅋ,26,2020-08-23T11:55:31Z
ci1LGtryFWs,와 진짜 돈 엄청 벌었네ㄷㄷ 그냥 방송 전부다 접고 펑펑 쓰고살아도 되겠는데? 복귀 해서 욕먹지말고 그냥 평생 놀고먹자 양팡아,25,2020-08-23T15:13:45Z
ci1LGtryFWs,뜬금 광고 개웃기네진짜 ㅋㅋ,23,2020-08-23T12:08:15Z
ci1LGtryFWs,주는거없이 밉상임 맨날 사건사고 ㅋㅋ 출세했네 20평대에서 70평대까지가고 이제 더이살 안나오길 바란다,22,2020-08-23T15:51:06Z
ci1LGtryFWs,광고 ㅈㄴ 자연스럽네 ㅋㅋ,19,2020-08-24T08:10:55Z
ci1LGtryFWs,와 앞광고를 이렇게도 할수있넼ㅋㅋㅋㅋ새롭다,18,2020-08-23T12:08:43Z
ci1LGtryFWs,아니형ㅋㅋ 겁나 자연스럽게 숙제?ㅋㅋ,17,2020-08-23T11:53:02Z
ci1LGtryFWs,양팡은 벌만큼 벌었겠지... 두요노님은 더 벌어야해요 광고 끝까지 봅니다💕,12,2020-08-23T12:07:25Z
ci1LGtryFWs,참PD가 방송에서 술먹으면서 술이 취한상태로 쯔양의 헛소문을 퍼트려서 쯔양인생이 망가져버렸습니다. 쯔양은 봉사활동을 하면서 먹방을 하는 심성이 착한 유튜버인데 참PD 때문에 인생이 지옥으로 변했습니다. 참PD가 술먹방하면서 쯔양의 헛소문을 퍼트리는 영상은 지웠네요. 유튜버 참PD를 조사해주세요.,12,2020-10-09T02:53:06Z
ci1LGtryFWs,ㅋㅋㅋㅋㅋㅋㅋㅋㅋㅋ스바 이건 너무 자연스럽게 앞광고이네 ㅋㅋㅋㅋㅋㅋㅋㅋㅋ,11,2020-08-23T12:14:51Z
ci1LGtryFWs,아니....형ㅋㅎㅋㅎㅋㅎㅋㅎ,11,2020-08-23T11:45:03Z
6RYO3yWwQmg,거짓말할때 태연한것봐 ㅋㅋㅋㅁㅊ,778,2020-08-27T21:51:27Z
6RYO3yWwQmg,집안교육을 어떻게 받아야하는지 표본,478,2020-08-31T23:53:49Z
6RYO3yWwQmg,"그래서 가정교육이 중요하고,집안이 중요한거다",257,2020-09-29T08:18:52Z
6RYO3yWwQmg,진짜 소름돋는다. 이걸 가볍게 넘어가는 팬들도 소름돋고,209,2021-02-12T11:10:41Z
6RYO3yWwQmg,"사람들이 잘 모르는 사실<br>BBQ 영상 지울때  &#39;치킨플러스&#39; 영상도 같이 지움.  <br>편집자 백삼이란 놈하고 같이 적금을 깨네 어쩌네 주작한 치킨플러스 영상은 언급도 안함.   양팡은 안걸리면 끝까지 사과 안할뇬임<br><a href=""https://www.youtube.com/watch?v=evhVDa7Y-V0&amp;t=2"">https://www.youtube.com/watch?v=evhVDa7Y-V0&amp;t=2s</a>",195,2020-09-08T04:33:15Z
6RYO3yWwQmg,&quot; 내 돈 8 만 원 주 고 먹 는 데 &quot;,181,2021-02-03T10:16:30Z
6RYO3yWwQmg,얘는 진짜 갱생불가,104,2020-09-30T07:06:32Z
6RYO3yWwQmg,ㄹㅇ가족사기단이네 부산의 수치다,74,2020-10-09T03:18:18Z
6RYO3yWwQmg,아주입만열면 그짓말이 자동으로나와,67,2020-09-29T07:25:59Z
6RYO3yWwQmg,이건 언제봐도 소름이다 ㅋㅋㅋㅋㅋㅋㅋㅋㅋㅋㅋㅋㅋㅋ,63,2022-01-19T04:19:37Z
6RYO3yWwQmg,생각없이 한 거짓말의 댓가가 이리 클 줄 그 당시엔 몰랐겠지,55,2020-09-03T23:36:45Z
6RYO3yWwQmg,"양팡 영상 댓글에 &#39;치킨&#39; , 8만원, 팔마넌 같은 단어는 금칙어로 지정해서 자동으로 숨김처림돼서 다른사람들한텐 안보입니다 <br>숨기기에만 급급하고 진정 반성을 하고있는태도가 아님",52,2021-02-07T17:53:57Z
6RYO3yWwQmg,ㅈㄴ 천박해보인다,51,2020-10-09T07:49:48Z
6RYO3yWwQmg,닭뜯는 표정 킹받네<br>진짜<br>하,36,2021-12-18T14:42:25Z
6RYO3yWwQmg,역대급 명대사 보러 주기적으로 온다,32,2021-07-10T12:23:49Z
6RYO3yWwQmg,거짓말하는데 왤케 자연스럽노..,27,2020-10-20T14:23:19Z
6RYO3yWwQmg,확실히 양팡 영상 댓글에 지 기분나빠보이는댓글 다지우나보다 이영상 댓글처럼 나와야되는데  쉴드댓글만 보이더라 양팡에는,26,2021-02-05T04:18:06Z
6RYO3yWwQmg,와진짜 소름돋네....아무렇지도 않게 거짓말했던거야?,23,2021-02-08T16:22:08Z
6RYO3yWwQmg,아 진짜 존나역겹다..,22,2020-10-11T02:03:06Z
6RYO3yWwQmg,ㅋㅋ,22,2020-08-21T03:01:55Z
6RYO3yWwQmg,아휴 연기개오지네,21,2020-09-28T11:52:16Z
6RYO3yWwQmg,진짜 생긴거부터 밉상ㅋㅋ,20,2021-02-03T03:46:39Z
6RYO3yWwQmg,아직도 빨아주는거보면 신기하긴함 ㅋㅋㅋ,17,2024-01-14T15:26:01Z
6RYO3yWwQmg,얘가족이 더싫다,17,2020-10-18T08:45:18Z
6RYO3yWwQmg,ㅋㅋㅋㅋㅋㅋ가족사기단,15,2023-10-08T03:38:33Z
6RYO3yWwQmg,ㅋㅋㅋㅋㅋ 치킨은 왜 저따위로 먹는거지?이빨에 뼈가 끼엇나,14,2020-10-21T08:08:58Z
6RYO3yWwQmg,우웩,14,2020-09-24T09:47:36Z
6RYO3yWwQmg,뒷광고 이후로 보기 싫어짐,13,2023-07-08T15:00:53Z
6RYO3yWwQmg,거짓말할때 눈깔뒤집어지는것봐 진짜 이정도면 소시오패스다..,13,2021-10-14T10:32:31Z
6RYO3yWwQmg,존나 역겹다 ㅎㅎ,12,2020-09-30T17:21:12Z
6RYO3yWwQmg,이영상이 널리 퍼졌으면 좋겠다..<br>소시오패스인가..<br>노양심 적반하장이네..,11,2021-02-01T16:31:09Z
g4zWja9yw9g,양팡♡송대익 존버합니다,299,2020-09-09T06:18:40Z
g4zWja9yw9g,돈이 쭉쭉 들어오네ㅋㅋㅋㅋ,107,2020-09-14T02:38:15Z
g4zWja9yw9g,중간중간올라오는 열혈들 채팅이 킬포 ㅋㅋㅋ,73,2020-09-10T11:58:03Z
g4zWja9yw9g,돈 없어서 벤틀리 팔았다면서 영민이이랑 애플워치는 샀노 ㅋ 그것도 에르메스 에디션으로,43,2020-09-13T07:09:38Z
g4zWja9yw9g,마우스로 애들 다 강퇴하는중인거 같은데ㅋㅋ,31,2020-09-15T02:22:22Z
g4zWja9yw9g,머익이 브베형 뒤를 따라가는거샤?,29,2020-09-08T09:50:32Z
g4zWja9yw9g,욕먹으면서 돈버네 ㅋㅋㅋㅋㅋㅋ,27,2020-09-15T08:05:41Z
g4zWja9yw9g,얘도 이제 신태일 테크트리 타는거임ㅋㅋㅋㅋ 잘가라 ㅋㅋㅋ,23,2020-09-11T14:36:29Z
g4zWja9yw9g,제 2의 브베에용,22,2020-09-12T02:15:33Z
g4zWja9yw9g,그와중에 최소별풍 10개설정해놓은거봐 에휴 사람쉽게안변해 ㅌㅋㅋㅋ,20,2020-09-19T07:23:06Z
g4zWja9yw9g,욕풍달달하겠노,16,2020-09-11T19:09:40Z
g4zWja9yw9g,송대익 방송 보지 말고 이거 보자,11,2020-09-19T12:29:56Z
g4zWja9yw9g,아 대익아ㅋㅋㅋㅋ속다보여ㅋㅋㅋㅋ돈 계속 들어오니까 행복해서 웃는꼬라지봐라ㅋㅋㅋㅋ걍 대놓고 웃어라,11,2020-09-16T11:33:35Z
g4zWja9yw9g,ㅋㅋㅋㅋㅋㅋ처웃네,11,2020-09-08T23:59:11Z
mBBEPrnIozg,양팡이 최악인 줄 알았는데 보겸은 회생불가라는걸 알았다.,140,2020-08-11T00:38:17Z
mBBEPrnIozg,뼈를 때려 버리는 시원한 영상,121,2020-08-10T10:05:30Z
mBBEPrnIozg,"저도 논점흐린다고 했는데, 대댓 악플이 22개 달렸어요ㅠ<br>이제 그들도 자기가 호구인 줄 알았겠죠..",57,2020-08-10T13:12:02Z
mBBEPrnIozg,욱긴건 보겸의  저런 말 장난식 논점흐리기 해명이 먹혔다라는것 ㅋ.치요남 점주들 폭로전까지..,46,2020-08-10T18:30:38Z
mBBEPrnIozg,내가 보겸 처음 해명글에 논점 교묘히 흐린다고 댓글 쓰니깐 잼미들 빼애엑 거리던 거 아직도 존나 웃기네 ㅋㅋㅋ 편집중이라자나 이러면서 ㅋㅋ,38,2020-08-10T09:50:09Z
mBBEPrnIozg,그르네..말한번 똑부러지게 잘하네.<br>보겸 사과하면서 독을 뿜드라그.,30,2020-08-10T11:20:47Z
mBBEPrnIozg,지가 신천지인지 알면 신천지겠냐고 ㅋㅋㅋ 남녀노소불문하고 ㅋㅋㅋㅋㅋㅋ  특히 어린애들 상대로 그동안 잘 이용해먹었지 뭐 ㅋㅋ 아~~주 맘에 드는 영상이다 👍 👍 👍<br>진심 ㄹㅇ 사이다,20,2020-08-10T10:07:14Z
mBBEPrnIozg,보슐랭 가이드도 전부다 밝혀야합니다. 그 비싼음식들 본인이 사먹었을거라고 생각이 안듭니다. 전혀 말이안됩니다. 그음식들도 사먹을만큼  치요남치킨은 돈받고 먹었다는건 말이안되죠ㅋㅋ,17,2020-08-12T21:41:22Z
mBBEPrnIozg,"가조쿠 가조쿠 하면서   뒷통수 제대로 친거죠<br>참   사람이라는게 높은곳 올라가니   <br>사람 중요한줄 모르고  살살 거짓말이나 하고 <br>이래서  높은곳 올라가면 사람 인성이 제대로 보이는 거죠 ,,,,,",11,2020-08-13T09:02:03Z
aTvedvL1NCE,진짜..... 무섭다 이 가족자체가,83,2021-02-13T02:41:53Z
aTvedvL1NCE,연기 소름 끼치게 잘하네요ㅎ,71,2021-02-07T13:33:12Z
aTvedvL1NCE,와...괴짜가족도 한수접고 가것다,71,2021-02-02T14:03:32Z
aTvedvL1NCE,일가족이 사기꾼이네,70,2021-07-25T09:45:46Z
aTvedvL1NCE,웃음소리 진짜 기괴,64,2020-10-24T14:27:51Z
aTvedvL1NCE,존나 기괴한 단편영화같네,49,2021-12-30T15:06:17Z
aTvedvL1NCE,돈이 머라고.. 벌레들 보는것같다,48,2021-02-10T18:30:22Z
aTvedvL1NCE,와 나는여태까지 그냥 실수로 한줄 알았는데 시발 이영상보고 토나올거 같아...와 사람들이 그렇게 까지 욕하던 이유가 여기있네,43,2022-03-04T09:42:59Z
aTvedvL1NCE,ㅋㅋ진짜 돈에미칫나,39,2021-02-11T03:40:47Z
aTvedvL1NCE,참 진짜소름이다 소름,38,2021-08-08T05:52:00Z
aTvedvL1NCE,양팡이 방송하는건 땀흘려 일하신분들의 모독이다 잘못이 한가지면 실수로 관용해주지만 이애는 두자리가 넘는다 몸파는 애들처럼 다시 돌아와서 이렇게 방송하면서 착한척으로 돈버는건 내가 막는다 너의 인성은 변함없고 악마는 디테일에 있잖아,33,2021-02-03T16:25:19Z
aTvedvL1NCE,가족 사기단 ??,30,2021-09-24T01:58:43Z
aTvedvL1NCE,싸이코같에 ;; ㄷㄷ 사기치면서 다들 웃고즐기는거봐;,29,2021-12-02T00:30:14Z
aTvedvL1NCE,양팡 방송에서 그만보고싶다.,28,2022-01-01T04:31:26Z
aTvedvL1NCE,기생충영화 실화?,25,2021-12-18T22:06:18Z
aTvedvL1NCE,토나오네,22,2021-02-08T15:53:58Z
aTvedvL1NCE,ㅋ가족사기단,19,2021-12-03T12:18:54Z
aTvedvL1NCE,ㅎㅎ찐이다,18,2021-03-29T15:47:55Z
aTvedvL1NCE,사기단 ㅋ,15,2021-10-22T09:37:40Z
aTvedvL1NCE,돈벌레들,15,2021-08-26T14:19:44Z
aTvedvL1NCE,무슨 지가 연예인도 아니고ㅋㅋㅋ가족들이 다 왜저럼ㅋㅋㅋ,13,2022-11-29T01:48:54Z
aTvedvL1NCE,존나 역겹네 ㅋ,13,2021-11-22T15:28:40Z
ZGL2siJaLZg,전교꼴찌가 수능 쪽집게 문제 알려주는격인데 이거 ㅋㅋㅋㅋㅋㅋㅋㅋㅋ,245,2020-08-13T10:11:59Z
ZGL2siJaLZg,도찐개찐이 무슨 댓글을 저리달어 ㅋㅋ 개욱기네,178,2020-08-13T08:07:34Z
ZGL2siJaLZg,근데 왜본인은 반복할까..,131,2020-08-13T00:55:37Z
ZGL2siJaLZg,자기 앞가림도 못하는게 쯔쯔,81,2020-08-14T02:16:35Z
ZGL2siJaLZg,케이도 똑같은데 복수한건가ㅋㅋㅋㅋ,38,2020-08-14T07:19:03Z
ZGL2siJaLZg,똑같은 애들끼리 머함? ㅋㅋㅋㅋㅋㅋ,36,2020-08-15T08:09:08Z
ZGL2siJaLZg,나락가는 버스 타려고 뛰어가는 케이씨.,33,2020-08-18T16:18:28Z
ZGL2siJaLZg,내가 알기로는 케이 사고터지고난담에 합방하자고 했을때 양팡이 케이한태 했던말 고대로 돌려준걸로아는데~~한마디로 매긴거,19,2020-08-22T16:16:34Z
ZGL2siJaLZg,케이 ㅈㄴ 웃기네 ㄹㅇ 누가 누굴 위로해 ㅋㅋㅋㅋㅋㅋㅋ,14,2020-08-20T06:58:32Z
ZGL2siJaLZg,케이야... 가만히 있으면 반이라도 간다 ..,12,2020-08-19T15:58:24Z
pj-Iiv3xISs,2020. 9. 15. 진워렌버핏 사건 &#39;등&#39;과 관련하여 구속 수감되었다.<br>인생이 한심하다.,108,2020-09-16T13:35:38Z
pj-Iiv3xISs,이 세 끼 영창에 있으니까 댓글창이 클린해졌구나. 1인방송국에 사장에 기자에 편집국장에 관리자에 혼자 다 해처먹고 부자되세효 ^^,59,2020-10-17T12:33:30Z
pj-Iiv3xISs,제발 징역 몇년 살길 간절히 기원함.,58,2020-09-18T14:22:15Z
pj-Iiv3xISs,유신님 궁금해서 여쭈어봅니다. 뉴커는 유신님 1인 기업이 아니라고 하셨는데 새로운 뉴스기사나 컨텐츠가 전혀 업로드 되지 않고있네요. 혹시 다른 직원분들은 당분간 근무를 안하시는건가요? 다른 분들께서는 혹시 아시는지요?,55,2020-09-29T14:53:45Z
pj-Iiv3xISs,아래 어떤 님도 말씀해주셨는데 댓글관리 못하니까 사람들이 유신을 얼마나 개쓰레기로 보는지 적나라해짐. 그리고 다른 영상 댓글처럼 유신 빠는 댓글이 안보임. 즉 본인이 죄다 조작한건데 지금은 빵에 있어서 조작질불가능 ㅋㅋㅋ,48,2020-09-26T12:32:58Z
pj-Iiv3xISs,안보고 싶은데 계속 보여서 찾아다니면서 싫어요 다는중. 조회수 올려 주고 나야말로 찐팬인듯,45,2020-09-15T10:56:24Z
pj-Iiv3xISs,구속 한번 야무지네 ㅋㅋㅌㅋㅋㅋㅋㅋㅋㅋㅋ,45,2020-09-26T04:05:20Z
pj-Iiv3xISs,과연 빵에서 나온후 자기는 구속된적이 없다고 할까? 아니면 구속이나 범죄자를 금지어로 걸어버리고 다 칼질할까? ㅋㅋ,43,2020-09-26T12:34:13Z
pj-Iiv3xISs,방구석 법조인.ㅋㅋㅋㅋㅋㅋㅋㅋ,42,2020-10-06T11:15:27Z
pj-Iiv3xISs,유신 추석인데 차례나 지냈는지 모르겠다 ㅋㅋㅋ 구치소 내에서 고소드립 치다가 줘패맞는거 아닌지 몰겠네 50처먹고 ㅋㅋㅋㅋㅋ,41,2020-10-02T12:46:36Z
pj-Iiv3xISs,그곳에선 추석에 송편이 나왔나요?ㅎ,40,2020-10-05T14:11:12Z
pj-Iiv3xISs,에휴 법이용해서 사람 괴롭히더니 결국 법으로 골로 가셨네 ㅂㅂ2,39,2020-10-20T09:30:00Z
pj-Iiv3xISs,추석인데 자식 세끼 영창에서 썩고 있는걸 보고 있는 그 어머니는 어떤 심정인지 관심 1도 없음,37,2020-10-17T12:32:00Z
pj-Iiv3xISs,이 세 끼 진짜 살고 있나본데? ㅋㅋㅋ<br>보석은 꿈같은 얘기겠지?<br>이 세 끼 나온다음에 무전유죄 무새 예상해봄 ㅋㅋㅋㅋ,37,2020-11-12T11:21:29Z
pj-Iiv3xISs,구속 ㅅㅅ,36,2020-09-18T12:51:16Z
pj-Iiv3xISs,구속축하축하 빔빔,32,2020-09-25T16:38:07Z
pj-Iiv3xISs,유영기를  잠재적살인만으로는 구속안되겠지  방송하면서 다른사람들까지 피해를 입혔으니 그 죄까지 하나하나 적립되니 수감까지되지  클린유신이라면서 기자같지않으면서 기자같은행동하면서 자기는 떳떳하다면서 남들한테  비판을하되 비난을하지말라고 하면서 남들이 비판하면 댓글이나 차단시키고 피하기만하고,31,2020-09-22T07:40:09Z
pj-Iiv3xISs,아니..뉴커 고객센타 왜 답장이 없조? 분명 담당자가 있다고 하셨는데 설마 코로나사태로 인하여 제정이 어려움이 있어 해고된 상태인가요?<br>유신쇼팬 단톡방에도 유신님은 안중에도 없고 정치이야기만 하고..,30,2020-10-01T17:22:07Z
pj-Iiv3xISs,캬.. 드디어 가버렸네 역시 인과응보가 있긴있구나 다 업이다. 꼴 좋네,30,2020-09-26T18:39:56Z
pj-Iiv3xISs,"<a href=""https://www.youtube.com/watch?v=pj-Iiv3xISs&amp;t=5433"">1:30:33</a> ㅋㅋㅋ 자기 층간소음때문에 내려온 사람한테 법적조치 취한데  자기가 조심할생각은 안하고 ㅋㅋㅋㅋ  사고방식이 참 대단해<br>글고 목소리는 위로 가니깐 당연히 윗층이 시끄럽지 <br>그리고 사람귀로듣는거랑 녹음이랑 같냐<br>이런소리를 진짜 당당하게 하는거 넘 웃긴다<br>모르긴몰라도 <a href=""https://www.youtube.com/watch?v=pj-Iiv3xISs&amp;t=2400"">40:00</a> 정도 소리크기면 윗집은 부부싸움하는정도 크기의 목소리를 맨날 들었을것",26,2020-09-28T01:59:34Z
pj-Iiv3xISs,부천의 수치다 ㅡㅡ,25,2020-10-16T10:57:11Z
pj-Iiv3xISs,살인자...,24,2020-11-12T13:13:49Z
pj-Iiv3xISs,아니 난 정말 이해가안가는게 저사람이 경찰도 아니고 그렇다고 피해자도와주는단체에 속한사람도 아닌데 왜 성추행이나 성희롱당했으면 경찰에 바로 신고하면되지 왜 저딴 사람한테 제보를 할까? 저 사람한테한다고 범인이 빨리 검거되는것도아니구 무엇보다 경찰에 신고하는게 먼저아닐까?<br>솔직히 같은여자로서 이해가 안간다 경찰이 사건처리 다해주고 진행이 빨리 될텐데<br>왜 저사람한테 굳이 제보를 하는이유는 도대체 뭘까??<br>그리고 저 유신이란 사람은 그렇게 할일이없나?<br>남들 도와준다고하면 다른사람들이 대단하다 이러면서  후원금어떻게 받아볼려고 <br>별 염병떠는사람처럼밖에는 안보이는데 그리고 무슨 남들이 자기한테 쓴소리하면 받아들이고 반성하고 그래야되는데 뭐라하면 댓글차단 아님 소송한다고 그러고 항상 저사람이 하는얘기 비판을하되 비난하지말라면서 그래서 누가 좋게 비판하면 개소리하지말라 소송하겠다 차단한다 그딴소리나하고 이번에는  버핏사건도 그렇고 뭔가다른죄도 포함됐으니 수감까지 갔겠지 <br>남에게 던진 칼같은 부메랑은 언젠가 자기한테 다시 돌아온다라는걸 느꼈으면 여러분들 제발 피해입었으면 이상한데다 제보할 생각말고 바로 경찰에신고하세요,23,2020-09-25T16:44:58Z
pj-Iiv3xISs,영영 나오지마세요 제발~,22,2021-01-09T04:52:36Z
pj-Iiv3xISs,유신아 남깔시간에 니부터 정신차려라,22,2020-09-27T08:28:54Z
pj-Iiv3xISs,"이름 : 유신<br>나이 : 40대 후반<br>직업 : 범죄자<br>경력 : 콩밥<br>특기 : 없음<br>재산 : 전세 몇천만원 끝 ㅋㅋㅋ<br>경험 : 없음, 아다임<br>자칭 BJ이지만 구독자와 조회수는 ㅈ망 ㅋ",21,2021-02-02T16:02:54Z
pj-Iiv3xISs,여기 댓글 심각하다 특히 누구라고 말안하겠는데 찔리면 또 쉴드치러 댓글 달겠지 ㅋㅋㅌㅋㅋㅋㅌㅋㅋ무슨 사이비 종교같이 세뇌돼서 저따구로 쉴드 치는거보면 한심하다 그 bj에 그 팬ㅋㅋㅋㅋㅌㅌㅋㅋㅋㅋㅋㅋㅋㅋㅋㅋ,20,2020-10-09T01:40:52Z
pj-Iiv3xISs,멀리 안나갑니다,20,2020-09-25T23:31:52Z
pj-Iiv3xISs,유신이 구속이 되니 4시간동안 자기변명 영상들이 완전 코메디,20,2020-11-07T18:36:23Z
pj-Iiv3xISs,이사람이 신태일한테 말싸움 진사람 인가요?,20,2020-09-25T16:53:41Z
pj-Iiv3xISs,그니깐 적을왤케만듬 안타깝다 언젠가는 크게당할줄 알았다,20,2020-11-08T17:58:25Z
pj-Iiv3xISs,이새킈 들어간지 두달 다돼가는데<br>아직도 못나온거보면 집유로도 못나온거?<br>구치소 경험자님들 댓글 남겨주세요<br>보통 두달안에는 재판 받고 나오지 않나요?,19,2020-11-05T11:43:52Z
pj-Iiv3xISs,우리 영기 벌써 5개월이구나<br>시간 참 빨리간다<br>그 안에서는 시간이 멈췄겠지 ㅋㅋㅋ,19,2021-02-04T12:33:32Z
pj-Iiv3xISs,ㅋㅋㅋㅋㅋㅋ이인간 얼굴이제 안봐도되서 좋다,18,2020-10-11T17:34:56Z
pj-Iiv3xISs,댓글 왜 막노 이기야 ㅋㅋㅋ,18,2020-09-18T04:24:49Z
pj-Iiv3xISs,축하합니다,17,2020-09-26T04:25:25Z
pj-Iiv3xISs,깜빵에 난방 잘 되나요?,16,2020-10-29T11:39:29Z
pj-Iiv3xISs,이야 진짜 이 세끼는 어떻게 댓글이 한결같냐. 이것도 능력이라면 능력이다,16,2020-12-13T17:33:28Z
pj-Iiv3xISs,깜빵 따듯해요?,15,2020-11-26T11:10:50Z
pj-Iiv3xISs,이색기 면회한번 가고 싶네<br>예전에 누구였더라. 타 bj가 유신에게 빡쳐서 집까지 찾아가니까 “나는 어머님도 사전 약속을 하지 않으면 만나주지 않는다”라고는 바지에 오줌 지리던때가 엊그제 같은데 ㅋㅋㅋ 면회도 쉽지 않겠구나 ㅋㅋㅋ,14,2021-04-18T03:12:28Z
pj-Iiv3xISs,부천에 있는 오피스텔에 살다가 2020년 9월 15일에 부천 원미경찰서 유치장에 구속 수감되었다가 그 후 모 구치소로 이감된 상태이다.<br>나무위키 펌,14,2021-02-04T12:30:58Z
pj-Iiv3xISs,나이가 몇인데 사람을 괴롭혀서 죽여... 진짜 인간 쓰레기네,14,2020-09-22T10:33:50Z
pj-Iiv3xISs,징역 갔다오면  끝나는게 아님 <br>민사가 기다리고잇음,14,2021-06-19T04:36:39Z
pj-Iiv3xISs,감옥에 수감됐다는 소식듣고 왔어 ㅎㅎㅎㅎ 드디어 법의 심판을 받았군 ㅋㄱㅋ ㄲ,14,2021-02-09T16:01:16Z
pj-Iiv3xISs,법으로 흥한자 법으로 망하리라,14,2020-10-08T12:47:03Z
pj-Iiv3xISs,ㅋㅋㅋㅋㅋㅋㅋ쓰레기의최후 업보^^,14,2021-03-06T23:29:46Z
pj-Iiv3xISs,자기는 잘못없다라고 부득부득 우기다가<br>인실jot 철퇴맞음<br>개꿀 ^^,13,2021-03-15T06:21:51Z
pj-Iiv3xISs,점점 뒤로,13,2020-09-15T19:10:44Z
pj-Iiv3xISs,민사 형사 합의금이 만만치않을텐디  힘내세요ㅜㅜ  요즘 너무  기분이좋아요,13,2020-11-16T20:22:30Z
pj-Iiv3xISs,응원합니다 죽을 마음이야 누구나 다 갖고 준비를 할때도 있죠 진정 버핏을 아꼈다면 유신님과의 싸움을 말렸어야죠 옆에서 더 부추기고 동생이란 작자는 형한테 쌍욕하고 무시하고 그리고 돌맹이는 꺼져 다신 오지마라고 소리지르고 버핏을 죽게 만든건 유신님보다는 죽기전 며칠동안에 주변인들에 의해 마음에 상처를 많이 받아 결심을 굳힌거라 봅니다 꼭 이기세요 본인들이 더 부추겨놓고 후원빋아가며 버핏 위해 싸운다는가 역겨워요,13,2020-09-09T00:08:17Z
pj-Iiv3xISs,왜? 뭐? 발악하면 뭐 달라져??<br>사법부와 지상파도 인정한 범죄자 <br>죄수 유영기. 🦍🔗,12,2021-08-09T12:55:03Z
pj-Iiv3xISs,구속 ㅊㅋㄷㅅ,12,2020-11-09T12:30:56Z
pj-Iiv3xISs,어그로 끌로 왔다가 댓글에 나온 근황을 보고 웃고 간다 ㅋㅋㅋㅋㅋㅋㅋㅋㅋㅋㅋㅋㅋㅋㅋㅋㅋ 자업자득이다 ㅋㅋㅋㅋㅋㅋㅋㅋㅋㅋㅋㅋㅋㅋㅋㅋㅋㅋㅋ,12,2020-11-19T15:01:35Z
pj-Iiv3xISs,낼모레 50,12,2020-11-01T12:30:26Z
pj-Iiv3xISs,"나 감빵선배 윤일병 때려잡은 이찬희다.<br>영기야, 나랑 감빵에서 10년 같이 놀자 ㅋㅋㅋ",12,2020-11-05T01:12:13Z
pj-Iiv3xISs,드디어 구속된네 그럴줄알았다 인과응보다<br>징역에서도 방 사람들 고소하시는건아니죠 거긴 사회가 아니라 또박 살거같아요 그렇게 남들 괴롭히더니 아이구 나오면 방송좀하지마시고 유신님도 편히좀사세요,12,2021-04-01T13:53:46Z
pj-Iiv3xISs,김밥천국 사건? 아시는분? ㅋ,11,2020-09-28T20:20:21Z
pj-Iiv3xISs,ㅋㅋㅋㅋㅋㅋㅋㅋㅋㅋㅋㅋㅋㅋㅋㅋㅋㅋ^ㅡ^,11,2021-03-11T14:23:31Z
E9Mg-QFG7Sg,구속되신거 축하하러 왔습니다. 남 자살로 몰고 본인은 아무걱정 없이 사는 모습이 보기싫었는데 잘 되었네요😄,89,2020-09-17T08:43:10Z
E9Mg-QFG7Sg,이세기 아직도 못나왔나 ㅋㅋㅋㅋㅋㅋㅋㅋㅋㅋㅋㅋㅋㅋㅋ,20,2020-09-25T02:48:33Z
E9Mg-QFG7Sg,"<a href=""https://www.youtube.com/watch?v=E9Mg-QFG7Sg&amp;t=8562"">2:22:42</a> 정신병있는분에게 전화옴 ㅋ",15,2020-09-07T22:48:01Z
E9Mg-QFG7Sg,"구속 후에도 유신이 운영하는 사이트인 뉴커 게시판에다가 대리인을 통해 팬들에게 전하는 공지글을 올리고 있다. <br>공지글 모두 선처를 부탁하는 탄원서를 보내달라며 탄원서 보낼 연락처와, 후원을 해달라며 후원 계좌번호를 올리는 내용의 글들이었다(...) <br>이를 두고 여러 사람들은 이젠 하다하다 옥중 구걸까지 하냐며 어이없다는 반응을 보였다.",14,2021-02-08T20:30:03Z
E9Mg-QFG7Sg,무슨 애청자 가 이런전화를 한다냐<br>ㅋㅋ,14,2020-09-08T02:24:27Z
E9Mg-QFG7Sg,"<a href=""https://www.youtube.com/watch?v=E9Mg-QFG7Sg&amp;t=1288"">21:28</a> 싸움에 공평이 어딧어 시합도 아니고 싸움이란거 자체가 잘못된거지 얘는 그냥 마음이 병든 어른 같음 우기기 대마왕",12,2020-09-29T14:45:21Z
E9Mg-QFG7Sg,😁,11,2020-09-07T20:45:55Z
AB_C8DHDdLw,첨에 짜고친 사람이 넣는 걸 신호로 서로 본거네?ㅋㅋㅋㅋㅋㅋㅋㅋㅋㅋㅋㅋㅋㅋㅋㅋㅋ,39,2020-08-22T02:05:08Z
AB_C8DHDdLw,이거 진짜 해명 해야함 ㅋㅋㅋ,31,2020-08-22T13:27:39Z
AB_C8DHDdLw,인간인가..,25,2020-08-22T02:39:24Z
AB_C8DHDdLw,"---- 지하철 보관함 강아지 사건 ---   <br>강아지를 보관함에 넣은 시간 겨우1분전.  <br>양팡이 표 끊을때 누군가 넣었다는건데, 혹시 양팡 너는 못봤냐? <br>그걸 CCTV 확인을 안했다고?  <br>애초에 개를 버린건지 무슨 일인지 개주인 찾아서 물어보는게 정상임. <br>그런데 바로 동물보호소로 보내버린다고?   <br>주인을 찾으려는 어떠한 노력도 안하고?   <br>그리고 그 개는 동물보호소에서 몇개월 후에 쓸쓸하게 죽음.  <br>그 과정에서 양팡은 입양 흥보영상등을 제작하지도 않음.   <br>애초에 관심도 없었던 것임.  <br>광고비 다 빨아먹으면서 개를 죽인것임. 나쁜년.<br>기사보니까 증거로 강아지보호소법인측과 카톡내용 공개하셨는데. <br>그 캡쳐 내용에서 본인에게 강아지키우고 싶어하는 분들이 수두룩하게 연락 왔다고 하셨는데 <br>보호소측에서는 입양 문의 안왔다고 함.<br>본인이 강아지는 구해놓은 영웅처럼 유투브에는 영상올려놓고 실제로는 키우고싶다고 연락온사람들 무시한것임. <br>양팡은 어느 보호소에 그 강아지가 갔는지  절대 공개 안하고, 정보도 감췄음. 왜냐하면 그 강아지 사연을 아는 사람이나 동물단체에서 원래 주인을 찾기 위해서 CCTV 확인할까봐 두려웠던 것임. <br>그래서 키우겠다고 하는 사람 연락한 사람들 다 무시함. 혼자 유기견 보호소의 개를 보고, 죽고 나니까 연락을함. <br>그리고 그 보호측과의 메세지 주고 받은걸 캡쳐해서 공개함.",24,2020-08-29T13:37:14Z
AB_C8DHDdLw,"강아지 소금이 데려오면서 &quot;펫숍에서 사지말고 유기견센터에서 입양하세요&quot;<br>이렇게 적어놓고서는 정작 자기는 파양된 비숑 펫숍에서 사온거 맞음<br>그러고서는 펫숍에서 분양한거 아니냐는 사람에게 <br>“세상에 왜 비비 꼬이고 &#39;그 수준&#39;인 인간들이 많냐”뻔뻔하게 욕함",19,2020-08-29T13:41:06Z
