﻿Video_ID,comment_text,comment_likes,comment_date
DZzop32L700,ㄹㅇ 띵곡인데 아무도 안들어서 속상....,54.0,2018-08-05T22:29:37Z
DZzop32L700,Been awhile since the last time Giriboy took off his glasses for camera. love him either way ♡♡,31.0,2014-12-20T00:44:44Z
DZzop32L700,Am i the only one who cant keep her eyes off the dancers?,24.0,2015-01-12T20:34:13Z
DZzop32L700,"This song it&#39;s awesome!!!! Love the voices and the rap parts.. The video have a really nice concept, the only problem is that it looks really similar to the MV of AlunaGeorge - Your drums, your love but it&#39;s a really good song!",14.0,2014-12-19T06:36:19Z
DZzop32L700,"So unfortunate that the masses of international kpop fans aren&#39;t paying attention to good songs like this.  Instead they just stick to their usual snsd, 4minute, girls day, etc.",13.0,2015-02-05T21:39:42Z
Kp_AxtXABqs,조양호 회장은  대한항공에서 퇴출해야합니다.,83.0,2015-11-13T20:52:50Z
Kp_AxtXABqs,정신과치료가필요한인물임,65.0,2015-09-23T18:01:59Z
Kp_AxtXABqs,"오십을 바라보는 딸이 마치 미성년자가 저지른 죄인양.<br>부가 사죄하는 나라는 세계에서 대함민국이 최초~참 웃기는 작자들이다...누가 뭐래도~꼴갑에 꼴갑질...에라~잇...,,땅콩 대신에ㅡ엿이나 묵어라~!!",47.0,2015-04-20T23:53:34Z
Kp_AxtXABqs,진짜 뭘 잘못했는지 모르고 엉뚱한 말만하네 직접 피해 입은 직원과 그외 모든 직원들에게 사과를 해야지,37.0,2016-04-05T21:18:36Z
Kp_AxtXABqs,조현아 평소 행동보면 인하대 사건은 일어나고도 남을일이다.,30.0,2016-10-15T16:14:40Z
Kp_AxtXABqs,갑질은 계속될것이다..!!<br>배운게 갑질인데 갑질을 참을 수 있을까?<br>어디가나 갑질하며 잘~~~~살꺼야 아마.,27.0,2015-09-11T05:50:54Z
Kp_AxtXABqs,돈이 곧 계급된 사회.,25.0,2017-12-21T10:33:56Z
Kp_AxtXABqs,대한이라는  간판하고  태극마크..버리면  용서해 줄겁니다,20.0,2016-01-13T13:21:12Z
Kp_AxtXABqs,언제까지 재산의 정도가 권력의 위치를 결정짓는가.. ,19.0,2015-01-10T16:30:24Z
Kp_AxtXABqs,해외동포 들이 이용할수 있는 항공기가 대한항공 하나뿐인가요 ? 다른 항공기도 많이 있읍니다. 더럽고 아니꼬운 조씨일가들,18.0,2016-01-04T01:17:15Z
Kp_AxtXABqs,재벌집은 자식교육않시키나봐,17.0,2016-06-20T05:10:08Z
Kp_AxtXABqs,정신과치료가필요한인물임,16.0,2015-09-23T18:01:44Z
Kp_AxtXABqs,재벌집 교육은 드라마로 하나?? ㅋㅋㅋㅋㅋ,14.0,2015-01-15T15:28:35Z
Kp_AxtXABqs,평생 변하지 않을 사람<br>나이가 아깝다<br>나이가 먹을수로<br>더 느끼고 배웟을것을<br>정말 나이값을 못하는구만,11.0,2018-04-08T21:43:16Z
Zpw88qc3Rm0,고시원보다 훤하네,100.0,2015-02-02T09:41:48Z
Zpw88qc3Rm0,저게 감옥이냐..놀러 간거나 다름 없군..펜션이네,90.0,2015-01-25T17:16:46Z
Zpw88qc3Rm0,호텔인데...살만하것어...,41.0,2015-01-21T04:25:10Z
Zpw88qc3Rm0,에휴<br>호텔이냐 교도소냐,41.0,2015-12-18T10:26:32Z
Zpw88qc3Rm0,우리집 보다 좋다 정리도 잘되어 있네,35.0,2015-01-25T05:32:13Z
Zpw88qc3Rm0,무릎을 꿀어야 두명의 성인들의  부모들  가슴은 얼마나 아팠을지 한번 쯤 생각 해 보시지... 오직 재력만 믿고 자식들 바르게 가르치지 못한 자신을 되돌아 보기를...,27.0,2015-02-02T18:41:20Z
Zpw88qc3Rm0,ㅋㅋ 꼴에 지자식은 귀하다고 쯧쯧...<br>돈있고 권력가진 것으로  인생 성공한줄 알지?<br>조영감 당신은 인생 실패자요,17.0,2018-04-24T03:09:49Z
Zpw88qc3Rm0,"저러다 간수한테도 &quot;저 X 나가라고 해&quot; 이러는 거 아냐? 호텔처럼 대접받고 사는 분위긴 거 같은데. 저 아버지 한테는 애물딴지 정신나간 딸일까, 아니면 뭔 짓을 해도 감싸주기만 하고 싶은 딸일까. 후자라면 오늘 딸을 감옥에 넣은 사람은 아버지 장본인일 듯.",16.0,2016-01-16T10:54:52Z
Zpw88qc3Rm0,얼탱이가없네 진짜<br>　<br>우리가 낸 세금이 왜 어휴 속터지네,15.0,2015-01-31T05:48:11Z
Zpw88qc3Rm0,하하하하하하하 하하하하하하하 하하하하하하하 하하하하하하하 하하하하하하하 하하하하하하하 하하하하하하하  저게 교도소염 에라 호텔만들어네,14.0,2017-04-10T10:28:19Z
7M2tUOxm1mc,사무장님 용기있는 인터뷰에 감사드립니다.<br>앞으로 돈보다 정의가 우선되는 사회가 될수있는 밑거름이될거 같아여<br> 하시는일들 건승하시길 기원하겠습니다,15.0,2014-12-12T16:10:52Z
Ocz9gn809wE,"어러서부터 보고 배운 게 저런 행태로 나타난 것이다.<br>원래 저런 사람이 아닌데 한순간 저렇게 행동할 수는 없는 것이다.<br>이것은 대한민국 기득권층과 재벌, 대기업의 단면을 잘 보여 주는 일화이다.<br>",13.0,2014-12-10T04:29:12Z
Ocz9gn809wE,돈많으면뭐해 인성이저런데..... 역시 돈이좋은게아니구나,13.0,2014-12-15T15:03:58Z
0rU-RxZ-YdI,이제는 이것도 묻혀서 어떻게 해결이 났는지도 모르겠네요,88.0,2016-01-30T00:51:25Z
0rU-RxZ-YdI,대한항공은 대한민국의 대표 항공사로써 나라를 대표하고 있으나 높으신 분들은 항공기에 탄 손님들을 개천민으로 보고 있었으니 수년이 지난 지금도 잊혀지지 않을것입니다.,71.0,2018-03-02T06:43:54Z
0rU-RxZ-YdI,참~~~~불쌍한인간하나또보네<br>저리살고싶나ᆢ사람죽이는돈의위력을또본다<br>처벌은반드시받아야한다..애비가도데체어떤사람인가,67.0,2014-12-13T23:14:33Z
0rU-RxZ-YdI,제벌이지만 인격적으로 훈련되지 못하고 분노조절 감정조절을 못하는 사람입니다,42.0,2017-12-28T03:54:25Z
0rU-RxZ-YdI,"한국인은 어디를가도 시끄럽고 교양없고 상대방입장도 생각하지않는것은 분명한사실이다,백년후에는 좋아지리라믿는다.",24.0,2014-12-18T08:36:24Z
0rU-RxZ-YdI,대한항공 이미지가 하락해서 너무 안타깝다,20.0,2017-07-19T02:52:58Z
0rU-RxZ-YdI,참고인을 이렇게 취재하는게말이되냐.......본인도 원하는것같지않은데,15.0,2023-07-17T06:16:06Z
0rU-RxZ-YdI,원래 일등석은 최상의서비스를 기본으로 하는데...땅콩을 까달라해도 까줘야 하는거 아닌가 ???<br>승무원의 의도적인 반발은 아닌가 ?? 일등석은 어느항공사든 그야말로 서비스가 장난아미던데???,12.0,2018-02-06T20:48:30Z
bRJuq1SI6rc,진짜 회사명에서 Korean를 빼길 존나 나라 망신,33.0,2016-07-03T18:37:37Z
bRJuq1SI6rc,재벌3세  봐주기 없다면서?    결국 무죄확정 됬는데...국민이 관심을 갖고있을땐  국민들 눈치본다고 생쇼를 하더니   이제 국민들한테서 잊혀질만하니  결국 무죄네~  손바닥으로 하늘을 가려라~  참 답없는 나라다,27.0,2017-12-22T05:02:44Z
bRJuq1SI6rc,한심한 인간들..,16.0,2015-02-01T11:10:44Z
bRJuq1SI6rc,근데 이런애들 우리나라 대기업 오너 넘쳐 나는데 걔들은 이거보고 웃겠지 지들도 똑같다는거 모르고...한심한 나라,14.0,2015-01-10T02:58:49Z
bRJuq1SI6rc,대한항공을 타는것보다는 중국항공을 타겠다. 대한항공자체를 공중분해 시키는 것이 어떨까요?,11.0,2016-08-19T07:08:08Z
