Office,Date,Link,Identity
경향신문,2014.12.08,https://n.news.naver.com/mnews/article/032/0002551244?sid=101,n0002551244
경향신문,2014.12.08,https://n.news.naver.com/mnews/article/032/0002551354?sid=101,n0002551354
경향신문,2014.12.08,https://n.news.naver.com/mnews/article/032/0002551402?sid=101,n0002551402
경향신문,2014.12.08,https://n.news.naver.com/mnews/article/032/0002551028?sid=101,n0002551028
경향신문,2014.12.08,https://n.news.naver.com/mnews/article/032/0002551375?sid=101,n0002551375
경향신문,2014.12.08,https://n.news.naver.com/mnews/article/032/0002551045?sid=101,n0002551045
경향신문,2014.12.08,https://n.news.naver.com/mnews/article/032/0002551059?sid=101,n0002551059
경향신문,2014.12.08,https://n.news.naver.com/mnews/article/032/0002551282?sid=101,n0002551282
경향신문,2014.12.08,https://n.news.naver.com/mnews/article/032/0002551210?sid=101,n0002551210
경향신문,2014.12.08,https://n.news.naver.com/mnews/article/032/0002551233?sid=102,n0002551233
경향신문,2014.12.09,https://n.news.naver.com/mnews/article/032/0002551759?sid=101,n0002551759
경향신문,2014.12.09,https://n.news.naver.com/mnews/article/032/0002551577?sid=101,n0002551577
경향신문,2014.12.09,https://n.news.naver.com/mnews/article/032/0002551507?sid=101,n0002551507
경향신문,2014.12.09,https://n.news.naver.com/mnews/article/032/0002551567?sid=102,n0002551567
경향신문,2014.12.09,https://n.news.naver.com/mnews/article/032/0002551760?sid=101,n0002551760
경향신문,2014.12.09,https://n.news.naver.com/mnews/article/032/0002551622?sid=103,n0002551622
경향신문,2014.12.09,https://n.news.naver.com/mnews/article/032/0002551510?sid=100,n0002551510
경향신문,2014.12.09,https://n.news.naver.com/mnews/article/032/0002551606?sid=100,n0002551606
경향신문,2014.12.09,https://n.news.naver.com/mnews/article/032/0002551672?sid=101,n0002551672
경향신문,2014.12.09,https://n.news.naver.com/mnews/article/032/0002551659,ncle/032/00
경향신문,2014.12.10,https://n.news.naver.com/mnews/article/032/0002552248?sid=101,n0002552248
경향신문,2014.12.10,https://n.news.naver.com/mnews/article/032/0002552081?sid=101,n0002552081
경향신문,2014.12.10,https://n.news.naver.com/mnews/article/032/0002552063?sid=102,n0002552063
경향신문,2014.12.10,https://n.news.naver.com/mnews/article/032/0002552126?sid=101,n0002552126
경향신문,2014.12.10,https://n.news.naver.com/mnews/article/032/0002552069?sid=101,n0002552069
경향신문,2014.12.10,https://n.news.naver.com/mnews/article/032/0002551941?sid=101,n0002551941
경향신문,2014.12.10,https://n.news.naver.com/mnews/article/032/0002552040?sid=101,n0002552040
경향신문,2014.12.10,https://n.news.naver.com/mnews/article/032/0002551986?sid=102,n0002551986
경향신문,2014.12.10,https://n.news.naver.com/mnews/article/032/0002552123?sid=101,n0002552123
경향신문,2014.12.10,https://n.news.naver.com/mnews/article/032/0002552025?sid=101,n0002552025
경향신문,2014.12.11,https://n.news.naver.com/mnews/article/032/0002552573?sid=101,n0002552573
경향신문,2014.12.11,https://n.news.naver.com/mnews/article/032/0002552324?sid=102,n0002552324
경향신문,2014.12.11,https://n.news.naver.com/mnews/article/032/0002552351?sid=101,n0002552351
경향신문,2014.12.11,https://n.news.naver.com/mnews/article/032/0002552459?sid=101,n0002552459
경향신문,2014.12.11,https://n.news.naver.com/mnews/article/032/0002552606?sid=101,n0002552606
경향신문,2014.12.11,https://n.news.naver.com/mnews/article/032/0002552373?sid=101,n0002552373
경향신문,2014.12.11,https://n.news.naver.com/mnews/article/032/0002552557?sid=101,n0002552557
경향신문,2014.12.11,https://n.news.naver.com/mnews/article/032/0002552634?sid=101,n0002552634
경향신문,2014.12.11,https://n.news.naver.com/mnews/article/032/0002552333?sid=101,n0002552333
경향신문,2014.12.11,https://n.news.naver.com/mnews/article/032/0002552553?sid=101,n0002552553
경향신문,2014.12.12,https://n.news.naver.com/mnews/article/032/0002553005?sid=101,n0002553005
경향신문,2014.12.12,https://n.news.naver.com/mnews/article/032/0002552850?sid=101,n0002552850
경향신문,2014.12.12,https://n.news.naver.com/mnews/article/032/0002552807?sid=101,n0002552807
경향신문,2014.12.12,https://n.news.naver.com/mnews/article/032/0002552702?sid=102,n0002552702
경향신문,2014.12.12,https://n.news.naver.com/mnews/article/032/0002552890?sid=101,n0002552890
경향신문,2014.12.12,https://n.news.naver.com/mnews/article/032/0002552790?sid=101,n0002552790
경향신문,2014.12.12,https://n.news.naver.com/mnews/article/032/0002552845?sid=101,n0002552845
경향신문,2014.12.12,https://n.news.naver.com/mnews/article/032/0002553001?sid=101,n0002553001
경향신문,2014.12.12,https://n.news.naver.com/mnews/article/032/0002552796?sid=101,n0002552796
경향신문,2014.12.12,https://n.news.naver.com/mnews/article/032/0002552710?sid=101,n0002552710
경향신문,2014.12.13,https://n.news.naver.com/mnews/article/032/0002553012?sid=101,n0002553012
경향신문,2014.12.13,https://n.news.naver.com/mnews/article/032/0002553014?sid=101,n0002553014
경향신문,2014.12.13,https://n.news.naver.com/mnews/article/032/0002553057?sid=102,n0002553057
경향신문,2014.12.13,https://n.news.naver.com/mnews/article/032/0002553009?sid=101,n0002553009
경향신문,2014.12.14,https://n.news.naver.com/mnews/article/032/0002553187?sid=101,n0002553187
경향신문,2014.12.14,https://n.news.naver.com/mnews/article/032/0002553118?sid=102,n0002553118
경향신문,2014.12.14,https://n.news.naver.com/mnews/article/032/0002553093?sid=101,n0002553093
경향신문,2014.12.14,https://n.news.naver.com/mnews/article/032/0002553087?sid=101,n0002553087
경향신문,2014.12.14,https://n.news.naver.com/mnews/article/032/0002553193?sid=102,n0002553193
경향신문,2014.12.14,https://n.news.naver.com/mnews/article/032/0002553190?sid=101,n0002553190
경향신문,2014.12.14,https://n.news.naver.com/mnews/article/032/0002553088?sid=101,n0002553088
경향신문,2014.12.14,https://n.news.naver.com/mnews/article/032/0002553302?sid=104,n0002553302
경향신문,2014.12.14,https://n.news.naver.com/mnews/article/032/0002553206?sid=101,n0002553206
경향신문,2014.12.14,https://n.news.naver.com/mnews/article/032/0002553151?sid=101,n0002553151
경향신문,2014.12.15,https://n.news.naver.com/mnews/article/032/0002553579?sid=102,n0002553579
경향신문,2014.12.15,https://n.news.naver.com/mnews/article/032/0002553576?sid=101,n0002553576
경향신문,2014.12.15,https://n.news.naver.com/mnews/article/032/0002553407?sid=101,n0002553407
경향신문,2014.12.15,https://n.news.naver.com/mnews/article/032/0002553346?sid=101,n0002553346
경향신문,2014.12.15,https://n.news.naver.com/mnews/article/032/0002553629?sid=102,n0002553629
경향신문,2014.12.15,https://n.news.naver.com/mnews/article/032/0002553340?sid=101,n0002553340
경향신문,2014.12.15,https://n.news.naver.com/mnews/article/032/0002553389?sid=102,n0002553389
경향신문,2014.12.15,https://n.news.naver.com/mnews/article/032/0002553329?sid=101,n0002553329
경향신문,2014.12.15,https://n.news.naver.com/mnews/article/032/0002553431?sid=101,n0002553431
경향신문,2014.12.15,https://n.news.naver.com/mnews/article/032/0002553689?sid=110,n0002553689
경향신문,2014.12.16,https://n.news.naver.com/mnews/article/032/0002554146?sid=101,n0002554146
경향신문,2014.12.16,https://n.news.naver.com/mnews/article/032/0002554012?sid=101,n0002554012
경향신문,2014.12.16,https://n.news.naver.com/mnews/article/032/0002553857?sid=101,n0002553857
경향신문,2014.12.16,https://n.news.naver.com/mnews/article/032/0002553837?sid=101,n0002553837
경향신문,2014.12.16,https://n.news.naver.com/mnews/article/032/0002553868?sid=100,n0002553868
경향신문,2014.12.16,https://n.news.naver.com/mnews/article/032/0002553810?sid=102,n0002553810
경향신문,2014.12.16,https://n.news.naver.com/mnews/article/032/0002554147?sid=101,n0002554147
경향신문,2014.12.16,https://n.news.naver.com/mnews/article/032/0002553883?sid=101,n0002553883
경향신문,2014.12.16,https://n.news.naver.com/mnews/article/032/0002553802?sid=101,n0002553802
경향신문,2014.12.16,https://n.news.naver.com/mnews/article/032/0002553951?sid=101,n0002553951
경향신문,2014.12.17,https://n.news.naver.com/mnews/article/032/0002554180?sid=102,n0002554180
경향신문,2014.12.17,https://n.news.naver.com/mnews/article/032/0002554490?sid=102,n0002554490
경향신문,2014.12.17,https://n.news.naver.com/mnews/article/032/0002554491?sid=101,n0002554491
경향신문,2014.12.17,https://n.news.naver.com/mnews/article/032/0002554220?sid=101,n0002554220
경향신문,2014.12.17,https://n.news.naver.com/mnews/article/032/0002554323?sid=102,n0002554323
경향신문,2014.12.17,https://n.news.naver.com/mnews/article/032/0002554256?sid=101,n0002554256
경향신문,2014.12.17,https://n.news.naver.com/mnews/article/032/0002554275?sid=102,n0002554275
경향신문,2014.12.17,https://n.news.naver.com/mnews/article/032/0002554279?sid=102,n0002554279
경향신문,2014.12.17,https://n.news.naver.com/mnews/article/032/0002554362?sid=101,n0002554362
경향신문,2014.12.17,https://n.news.naver.com/mnews/article/032/0002554196?sid=101,n0002554196
경향신문,2014.12.18,https://n.news.naver.com/mnews/article/032/0002554672?sid=101,n0002554672
경향신문,2014.12.18,https://n.news.naver.com/mnews/article/032/0002554617?sid=102,n0002554617
경향신문,2014.12.18,https://n.news.naver.com/mnews/article/032/0002554513?sid=101,n0002554513
경향신문,2014.12.18,https://n.news.naver.com/mnews/article/032/0002554528?sid=102,n0002554528
경향신문,2014.12.18,https://n.news.naver.com/mnews/article/032/0002554514?sid=101,n0002554514
경향신문,2014.12.18,https://n.news.naver.com/mnews/article/032/0002554671?sid=100,n0002554671
경향신문,2014.12.18,https://n.news.naver.com/mnews/article/032/0002554570?sid=102,n0002554570
경향신문,2014.12.18,https://n.news.naver.com/mnews/article/032/0002554605?sid=102,n0002554605
경향신문,2014.12.18,https://n.news.naver.com/mnews/article/032/0002554694?sid=101,n0002554694
경향신문,2014.12.18,https://n.news.naver.com/mnews/article/032/0002554637?sid=101,n0002554637
경향신문,2014.12.19,https://n.news.naver.com/mnews/article/032/0002554945?sid=101,n0002554945
경향신문,2014.12.19,https://n.news.naver.com/mnews/article/032/0002555112?sid=101,n0002555112
경향신문,2014.12.19,https://n.news.naver.com/mnews/article/032/0002554946?sid=101,n0002554946
경향신문,2014.12.19,https://n.news.naver.com/mnews/article/032/0002554950?sid=101,n0002554950
국민일보,2014.11.09,https://n.news.naver.com/mnews/article/005/0000703800?sid=102,n0000703800
국민일보,2014.12.08,https://n.news.naver.com/mnews/article/005/0000713294?sid=101,n0000713294
국민일보,2014.12.08,https://n.news.naver.com/mnews/article/005/0000713368?sid=100,n0000713368
국민일보,2014.12.08,https://n.news.naver.com/mnews/article/005/0000713176?sid=101,n0000713176
국민일보,2014.12.08,https://n.news.naver.com/mnews/article/005/0000713447?sid=102,n0000713447
국민일보,2014.12.08,https://n.news.naver.com/mnews/article/005/0000713207?sid=101,n0000713207
국민일보,2014.12.08,https://n.news.naver.com/mnews/article/005/0000713306?sid=101,n0000713306
국민일보,2014.12.08,https://n.news.naver.com/mnews/article/005/0000713446?sid=101,n0000713446
국민일보,2014.12.08,https://n.news.naver.com/mnews/article/005/0000713372?sid=102,n0000713372
국민일보,2014.12.09,https://n.news.naver.com/mnews/article/005/0000713743?sid=102,n0000713743
국민일보,2014.12.09,https://n.news.naver.com/mnews/article/005/0000713601?sid=101,n0000713601
국민일보,2014.12.09,https://n.news.naver.com/mnews/article/005/0000713862?sid=101,n0000713862
국민일보,2014.12.09,https://n.news.naver.com/mnews/article/005/0000713814?sid=101,n0000713814
국민일보,2014.12.09,https://n.news.naver.com/mnews/article/005/0000713574?sid=101,n0000713574
국민일보,2014.12.09,https://n.news.naver.com/mnews/article/005/0000713657?sid=100,n0000713657
국민일보,2014.12.09,https://n.news.naver.com/mnews/article/005/0000713618?sid=101,n0000713618
국민일보,2014.12.09,https://n.news.naver.com/mnews/article/005/0000713457?sid=102,n0000713457
국민일보,2014.12.09,https://n.news.naver.com/mnews/article/005/0000713456?sid=102,n0000713456
국민일보,2014.12.09,https://n.news.naver.com/mnews/article/005/0000713769?sid=102,n0000713769
국민일보,2014.12.10,https://n.news.naver.com/mnews/article/005/0000714209?sid=102,n0000714209
국민일보,2014.12.10,https://n.news.naver.com/mnews/article/005/0000714027?sid=102,n0000714027
국민일보,2014.12.10,https://n.news.naver.com/mnews/article/005/0000714093?sid=102,n0000714093
국민일보,2014.12.10,https://n.news.naver.com/mnews/article/005/0000714170?sid=101,n0000714170
국민일보,2014.12.10,https://n.news.naver.com/mnews/article/005/0000714044?sid=102,n0000714044
국민일보,2014.12.10,https://n.news.naver.com/mnews/article/005/0000714212?sid=101,n0000714212
국민일보,2014.12.10,https://n.news.naver.com/mnews/article/005/0000714215?sid=101,n0000714215
국민일보,2014.12.10,https://n.news.naver.com/mnews/article/005/0000714007?sid=102,n0000714007
국민일보,2014.12.10,https://n.news.naver.com/mnews/article/005/0000714204?sid=102,n0000714204
국민일보,2014.12.10,https://n.news.naver.com/mnews/article/005/0000714051?sid=100,n0000714051
국민일보,2014.12.11,https://n.news.naver.com/mnews/article/005/0000714735?sid=102,n0000714735
국민일보,2014.12.11,https://n.news.naver.com/mnews/article/005/0000714648?sid=101,n0000714648
국민일보,2014.12.11,https://n.news.naver.com/mnews/article/005/0000714787?sid=102,n0000714787
국민일보,2014.12.11,https://n.news.naver.com/mnews/article/005/0000714789?sid=102,n0000714789
국민일보,2014.12.11,https://n.news.naver.com/mnews/article/005/0000714744?sid=101,n0000714744
국민일보,2014.12.11,https://n.news.naver.com/mnews/article/005/0000714647?sid=101,n0000714647
국민일보,2014.12.11,https://n.news.naver.com/mnews/article/005/0000714443?sid=101,n0000714443
국민일보,2014.12.11,https://n.news.naver.com/mnews/article/005/0000714320?sid=104,n0000714320
국민일보,2014.12.11,https://n.news.naver.com/mnews/article/005/0000714352?sid=101,n0000714352
국민일보,2014.12.11,https://n.news.naver.com/mnews/article/005/0000714726?sid=101,n0000714726
국민일보,2014.12.12,https://n.news.naver.com/mnews/article/005/0000714962?sid=102,n0000714962
국민일보,2014.12.12,https://n.news.naver.com/mnews/article/005/0000715046?sid=101,n0000715046
국민일보,2014.12.12,https://n.news.naver.com/mnews/article/005/0000715019?sid=101,n0000715019
국민일보,2014.12.12,https://n.news.naver.com/mnews/article/005/0000715010?sid=101,n0000715010
국민일보,2014.12.12,https://n.news.naver.com/mnews/article/005/0000715076?sid=101,n0000715076
국민일보,2014.12.12,https://n.news.naver.com/mnews/article/005/0000714912?sid=101,n0000714912
국민일보,2014.12.12,https://n.news.naver.com/mnews/article/005/0000715060?sid=101,n0000715060
국민일보,2014.12.12,https://n.news.naver.com/mnews/article/005/0000715083?sid=101,n0000715083
국민일보,2014.12.12,https://n.news.naver.com/mnews/article/005/0000715074?sid=101,n0000715074
국민일보,2014.12.12,https://n.news.naver.com/mnews/article/005/0000714826?sid=110,n0000714826
국민일보,2014.12.13,https://n.news.naver.com/mnews/article/005/0000715281?sid=101,n0000715281
국민일보,2014.12.13,https://n.news.naver.com/mnews/article/005/0000715150?sid=101,n0000715150
국민일보,2014.12.13,https://n.news.naver.com/mnews/article/005/0000715274?sid=101,n0000715274
국민일보,2014.12.13,https://n.news.naver.com/mnews/article/005/0000715236?sid=101,n0000715236
국민일보,2014.12.13,https://n.news.naver.com/mnews/article/005/0000715277?sid=101,n0000715277
국민일보,2014.12.13,https://n.news.naver.com/mnews/article/005/0000715220?sid=102,n0000715220
국민일보,2014.12.13,https://n.news.naver.com/mnews/article/005/0000715158?sid=102,n0000715158
국민일보,2014.12.13,https://n.news.naver.com/mnews/article/005/0000715242?sid=101,n0000715242
국민일보,2014.12.13,https://n.news.naver.com/mnews/article/005/0000715222?sid=101,n0000715222
국민일보,2014.12.14,https://n.news.naver.com/mnews/article/005/0000715340?sid=102,n0000715340
국민일보,2014.12.14,https://n.news.naver.com/mnews/article/005/0000715442?sid=101,n0000715442
국민일보,2014.12.14,https://n.news.naver.com/mnews/article/005/0000715415?sid=101,n0000715415
국민일보,2014.12.14,https://n.news.naver.com/mnews/article/005/0000715423?sid=101,n0000715423
국민일보,2014.12.14,https://n.news.naver.com/mnews/article/005/0000715337?sid=102,n0000715337
국민일보,2014.12.14,https://n.news.naver.com/mnews/article/005/0000715451?sid=101,n0000715451
국민일보,2014.12.14,https://n.news.naver.com/mnews/article/005/0000715443?sid=102,n0000715443
국민일보,2014.12.14,https://n.news.naver.com/mnews/article/005/0000715354?sid=101,n0000715354
국민일보,2014.12.15,https://n.news.naver.com/mnews/article/005/0000715592?sid=101,n0000715592
국민일보,2014.12.15,https://n.news.naver.com/mnews/article/005/0000715713?sid=101,n0000715713
국민일보,2014.12.15,https://n.news.naver.com/mnews/article/005/0000715742?sid=102,n0000715742
국민일보,2014.12.15,https://n.news.naver.com/mnews/article/005/0000715870?sid=101,n0000715870
국민일보,2014.12.15,https://n.news.naver.com/mnews/article/005/0000715745?sid=102,n0000715745
국민일보,2014.12.15,https://n.news.naver.com/mnews/article/005/0000715610?sid=101,n0000715610
국민일보,2014.12.15,https://n.news.naver.com/mnews/article/005/0000715873?sid=101,n0000715873
국민일보,2014.12.15,https://n.news.naver.com/mnews/article/005/0000715648?sid=101,n0000715648
국민일보,2014.12.15,https://n.news.naver.com/mnews/article/005/0000715758?sid=102,n0000715758
국민일보,2014.12.15,https://n.news.naver.com/mnews/article/005/0000715566?sid=110,n0000715566
국민일보,2014.12.16,https://n.news.naver.com/mnews/article/005/0000716179?sid=101,n0000716179
국민일보,2014.12.16,https://n.news.naver.com/mnews/article/005/0000716136?sid=102,n0000716136
국민일보,2014.12.16,https://n.news.naver.com/mnews/article/005/0000716175?sid=101,n0000716175
국민일보,2014.12.16,https://n.news.naver.com/mnews/article/005/0000716219?sid=102,n0000716219
국민일보,2014.12.16,https://n.news.naver.com/mnews/article/005/0000716252?sid=100,n0000716252
국민일보,2014.12.16,https://n.news.naver.com/mnews/article/005/0000716112?sid=102,n0000716112
국민일보,2014.12.16,https://n.news.naver.com/mnews/article/005/0000716361?sid=102,n0000716361
국민일보,2014.12.16,https://n.news.naver.com/mnews/article/005/0000716203?sid=102,n0000716203
국민일보,2014.12.16,https://n.news.naver.com/mnews/article/005/0000716213?sid=102,n0000716213
국민일보,2014.12.16,https://n.news.naver.com/mnews/article/005/0000716085?sid=102,n0000716085
국민일보,2014.12.17,https://n.news.naver.com/mnews/article/005/0000716838?sid=102,n0000716838
국민일보,2014.12.17,https://n.news.naver.com/mnews/article/005/0000716822?sid=101,n0000716822
국민일보,2014.12.17,https://n.news.naver.com/mnews/article/005/0000716671?sid=101,n0000716671
국민일보,2014.12.17,https://n.news.naver.com/mnews/article/005/0000716632?sid=102,n0000716632
국민일보,2014.12.17,https://n.news.naver.com/mnews/article/005/0000716450?sid=100,n0000716450
국민일보,2014.12.17,https://n.news.naver.com/mnews/article/005/0000716628?sid=102,n0000716628
국민일보,2014.12.17,https://n.news.naver.com/mnews/article/005/0000716609?sid=102,n0000716609
국민일보,2014.12.17,https://n.news.naver.com/mnews/article/005/0000716503?sid=102,n0000716503
국민일보,2014.12.17,https://n.news.naver.com/mnews/article/005/0000716568?sid=101,n0000716568
국민일보,2014.12.17,https://n.news.naver.com/mnews/article/005/0000716501?sid=101,n0000716501
국민일보,2014.12.18,https://n.news.naver.com/mnews/article/005/0000717207?sid=101,n0000717207
국민일보,2014.12.18,https://n.news.naver.com/mnews/article/005/0000717118?sid=101,n0000717118
국민일보,2014.12.18,https://n.news.naver.com/mnews/article/005/0000717041?sid=102,n0000717041
국민일보,2014.12.18,https://n.news.naver.com/mnews/article/005/0000717074?sid=102,n0000717074
국민일보,2014.12.18,https://n.news.naver.com/mnews/article/005/0000716977?sid=102,n0000716977
국민일보,2014.12.18,https://n.news.naver.com/mnews/article/005/0000717140?sid=101,n0000717140
국민일보,2014.12.18,https://n.news.naver.com/mnews/article/005/0000716982?sid=102,n0000716982
국민일보,2014.12.18,https://n.news.naver.com/mnews/article/005/0000717028?sid=102,n0000717028
국민일보,2014.12.18,https://n.news.naver.com/mnews/article/005/0000717022?sid=102,n0000717022
국민일보,2014.12.18,https://n.news.naver.com/mnews/article/005/0000717268?sid=100,n0000717268
국민일보,2014.12.19,https://n.news.naver.com/mnews/article/005/0000717352?sid=102,n0000717352
국민일보,2014.12.19,https://n.news.naver.com/mnews/article/005/0000717442?sid=101,n0000717442
,2014.11.07,https://m.entertain.naver.com/article/020/0002683980,m0002683980
동아일보,2014.12.08,https://n.news.naver.com/mnews/article/020/0002705109?sid=102,n0002705109
동아일보,2014.12.08,https://n.news.naver.com/mnews/article/020/0002705404,ncle/020/00
동아일보,2014.12.08,https://n.news.naver.com/mnews/article/020/0002705257?sid=102,n0002705257
동아일보,2014.12.08,https://n.news.naver.com/mnews/article/020/0002705387,ncle/020/00
동아일보,2014.12.08,https://n.news.naver.com/mnews/article/020/0002705106?sid=102,n0002705106
동아일보,2014.12.08,https://n.news.naver.com/mnews/article/020/0002705155,ncle/020/00
동아일보,2014.12.08,https://n.news.naver.com/mnews/article/020/0002705073?sid=102,n0002705073
동아일보,2014.12.08,https://n.news.naver.com/mnews/article/020/0002705149?sid=102,n0002705149
동아일보,2014.12.08,https://n.news.naver.com/mnews/article/020/0002705146,ncle/020/00
동아일보,2014.12.08,https://n.news.naver.com/mnews/article/020/0002705229,ncle/020/00
동아일보,2014.12.09,https://n.news.naver.com/mnews/article/020/0002706067,ncle/020/00
동아일보,2014.12.09,https://n.news.naver.com/mnews/article/020/0002706048?sid=102,n0002706048
동아일보,2014.12.09,https://n.news.naver.com/mnews/article/020/0002706085,ncle/020/00
동아일보,2014.12.09,https://n.news.naver.com/mnews/article/020/0002706091,ncle/020/00
동아일보,2014.12.09,https://n.news.naver.com/mnews/article/020/0002705714?sid=102,n0002705714
동아일보,2014.12.09,https://n.news.naver.com/mnews/article/020/0002705855?sid=102,n0002705855
동아일보,2014.12.09,https://n.news.naver.com/mnews/article/020/0002705880?sid=101,n0002705880
동아일보,2014.12.09,https://n.news.naver.com/mnews/article/020/0002706056?sid=101,n0002706056
동아일보,2014.12.09,https://n.news.naver.com/mnews/article/020/0002705943?sid=102,n0002705943
동아일보,2014.12.09,https://n.news.naver.com/mnews/article/020/0002705783?sid=101,n0002705783
동아일보,2014.12.10,https://n.news.naver.com/mnews/article/020/0002706639?sid=101,n0002706639
동아일보,2014.12.10,https://n.news.naver.com/mnews/article/020/0002706738?sid=102,n0002706738
동아일보,2014.12.10,https://n.news.naver.com/mnews/article/020/0002706377?sid=102,n0002706377
동아일보,2014.12.10,https://n.news.naver.com/mnews/article/020/0002706653?sid=101,n0002706653
동아일보,2014.12.10,https://n.news.naver.com/mnews/article/020/0002706470?sid=100,n0002706470
동아일보,2014.12.10,https://n.news.naver.com/mnews/article/020/0002706621?sid=102,n0002706621
동아일보,2014.12.10,https://n.news.naver.com/mnews/article/020/0002706794,ncle/020/00
동아일보,2014.12.10,https://n.news.naver.com/mnews/article/020/0002706445?sid=102,n0002706445
동아일보,2014.12.10,https://n.news.naver.com/mnews/article/020/0002706735?sid=101,n0002706735
동아일보,2014.12.10,https://n.news.naver.com/mnews/article/020/0002706172?sid=101,n0002706172
동아일보,2014.12.11,https://n.news.naver.com/mnews/article/020/0002707030?sid=102,n0002707030
동아일보,2014.12.11,https://n.news.naver.com/mnews/article/020/0002707347?sid=102,n0002707347
동아일보,2014.12.11,https://n.news.naver.com/mnews/article/020/0002707256?sid=102,n0002707256
동아일보,2014.12.11,https://n.news.naver.com/mnews/article/020/0002707218?sid=101,n0002707218
동아일보,2014.12.11,https://n.news.naver.com/mnews/article/020/0002707414?sid=102,n0002707414
동아일보,2014.12.11,https://n.news.naver.com/mnews/article/020/0002707027?sid=102,n0002707027
동아일보,2014.12.11,https://n.news.naver.com/mnews/article/020/0002707598,ncle/020/00
동아일보,2014.12.11,https://n.news.naver.com/mnews/article/020/0002707006?sid=102,n0002707006
동아일보,2014.12.11,https://n.news.naver.com/mnews/article/020/0002707057?sid=102,n0002707057
동아일보,2014.12.11,https://n.news.naver.com/mnews/article/020/0002707426?sid=102,n0002707426
동아일보,2014.12.12,https://n.news.naver.com/mnews/article/020/0002708301,ncle/020/00
동아일보,2014.12.12,https://n.news.naver.com/mnews/article/020/0002708195?sid=101,n0002708195
동아일보,2014.12.12,https://n.news.naver.com/mnews/article/020/0002708279?sid=101,n0002708279
동아일보,2014.12.12,https://n.news.naver.com/mnews/article/020/0002708100?sid=102,n0002708100
동아일보,2014.12.12,https://n.news.naver.com/mnews/article/020/0002707922?sid=102,n0002707922
동아일보,2014.12.12,https://n.news.naver.com/mnews/article/020/0002708288?sid=101,n0002708288
동아일보,2014.12.12,https://n.news.naver.com/mnews/article/020/0002708297?sid=102,n0002708297
동아일보,2014.12.12,https://n.news.naver.com/mnews/article/020/0002708152?sid=101,n0002708152
동아일보,2014.12.12,https://n.news.naver.com/mnews/article/020/0002707811?sid=102,n0002707811
동아일보,2014.12.12,https://n.news.naver.com/mnews/article/020/0002708198,ncle/020/00
,2014.12.13,https://m.entertain.naver.com/article/020/0002708518,m0002708518
동아일보,2014.12.13,https://n.news.naver.com/mnews/article/020/0002708410?sid=101,n0002708410
동아일보,2014.12.13,https://n.news.naver.com/mnews/article/020/0002708520?sid=102,n0002708520
동아일보,2014.12.13,https://n.news.naver.com/mnews/article/020/0002708404?sid=102,n0002708404
동아일보,2014.12.13,https://n.news.naver.com/mnews/article/020/0002708394?sid=110,n0002708394
동아일보,2014.12.13,https://n.news.naver.com/mnews/article/020/0002708462?sid=103,n0002708462
동아일보,2014.12.13,https://n.news.naver.com/mnews/article/020/0002708486?sid=102,n0002708486
동아일보,2014.12.13,https://n.news.naver.com/mnews/article/020/0002708507?sid=102,n0002708507
동아일보,2014.12.13,https://n.news.naver.com/mnews/article/020/0002708493?sid=102,n0002708493
동아일보,2014.12.13,https://n.news.naver.com/mnews/article/020/0002708499?sid=102,n0002708499
동아일보,2014.12.14,https://n.news.naver.com/mnews/article/020/0002708651?sid=102,n0002708651
동아일보,2014.12.14,https://n.news.naver.com/mnews/article/020/0002708663?sid=102,n0002708663
동아일보,2014.12.14,https://n.news.naver.com/mnews/article/020/0002708643?sid=102,n0002708643
동아일보,2014.12.14,https://n.news.naver.com/mnews/article/020/0002708639?sid=102,n0002708639
동아일보,2014.12.14,https://n.news.naver.com/mnews/article/020/0002708655?sid=102,n0002708655
동아일보,2014.12.14,https://n.news.naver.com/mnews/article/020/0002708635?sid=102,n0002708635
동아일보,2014.12.14,https://n.news.naver.com/mnews/article/020/0002708628?sid=102,n0002708628
동아일보,2014.12.14,https://n.news.naver.com/mnews/article/020/0002708611?sid=102,n0002708611
동아일보,2014.12.14,https://n.news.naver.com/mnews/article/020/0002708612?sid=102,n0002708612
동아일보,2014.12.14,https://n.news.naver.com/mnews/article/020/0002708619?sid=102,n0002708619
동아일보,2014.12.15,https://n.news.naver.com/mnews/article/020/0002708957?sid=102,n0002708957
동아일보,2014.12.15,https://n.news.naver.com/mnews/article/020/0002709336?sid=102,n0002709336
동아일보,2014.12.15,https://n.news.naver.com/mnews/article/020/0002709268?sid=102,n0002709268
동아일보,2014.12.15,https://n.news.naver.com/mnews/article/020/0002709451?sid=102,n0002709451
동아일보,2014.12.15,https://n.news.naver.com/mnews/article/020/0002709272?sid=102,n0002709272
동아일보,2014.12.15,https://n.news.naver.com/mnews/article/020/0002709158?sid=102,n0002709158
동아일보,2014.12.15,https://n.news.naver.com/mnews/article/020/0002708814?sid=102,n0002708814
동아일보,2014.12.15,https://n.news.naver.com/mnews/article/020/0002708722?sid=101,n0002708722
동아일보,2014.12.15,https://n.news.naver.com/mnews/article/020/0002709286?sid=101,n0002709286
동아일보,2014.12.15,https://n.news.naver.com/mnews/article/020/0002708721?sid=102,n0002708721
동아일보,2014.12.16,https://n.news.naver.com/mnews/article/020/0002710057?sid=102,n0002710057
동아일보,2014.12.16,https://n.news.naver.com/mnews/article/020/0002710085?sid=102,n0002710085
동아일보,2014.12.16,https://n.news.naver.com/mnews/article/020/0002709686,ncle/020/00
동아일보,2014.12.16,https://n.news.naver.com/mnews/article/020/0002710045?sid=101,n0002710045
동아일보,2014.12.16,https://n.news.naver.com/mnews/article/020/0002709887?sid=102,n0002709887
동아일보,2014.12.16,https://n.news.naver.com/mnews/article/020/0002709818?sid=102,n0002709818
동아일보,2014.12.16,https://n.news.naver.com/mnews/article/020/0002709575?sid=102,n0002709575
동아일보,2014.12.16,https://n.news.naver.com/mnews/article/020/0002709637?sid=101,n0002709637
동아일보,2014.12.16,https://n.news.naver.com/mnews/article/020/0002709492?sid=101,n0002709492
동아일보,2014.12.16,https://n.news.naver.com/mnews/article/020/0002709625?sid=101,n0002709625
동아일보,2014.12.17,https://n.news.naver.com/mnews/article/020/0002710831?sid=102,n0002710831
동아일보,2014.12.17,https://n.news.naver.com/mnews/article/020/0002710763?sid=102,n0002710763
동아일보,2014.12.17,https://n.news.naver.com/mnews/article/020/0002710885?sid=102,n0002710885
동아일보,2014.12.17,https://n.news.naver.com/mnews/article/020/0002710934?sid=102,n0002710934
동아일보,2014.12.17,https://n.news.naver.com/mnews/article/020/0002710483?sid=102,n0002710483
동아일보,2014.12.17,https://n.news.naver.com/mnews/article/020/0002710795?sid=102,n0002710795
동아일보,2014.12.17,https://n.news.naver.com/mnews/article/020/0002710832?sid=102,n0002710832
동아일보,2014.12.17,https://n.news.naver.com/mnews/article/020/0002710857?sid=102,n0002710857
동아일보,2014.12.17,https://n.news.naver.com/mnews/article/020/0002710342?sid=102,n0002710342
동아일보,2014.12.17,https://n.news.naver.com/mnews/article/020/0002710302?sid=110,n0002710302
동아일보,2014.12.18,https://n.news.naver.com/mnews/article/020/0002711290,ncle/020/00
동아일보,2014.12.18,https://n.news.naver.com/mnews/article/020/0002711578?sid=102,n0002711578
동아일보,2014.12.18,https://n.news.naver.com/mnews/article/020/0002711336?sid=102,n0002711336
동아일보,2014.12.18,https://n.news.naver.com/mnews/article/020/0002711672?sid=102,n0002711672
동아일보,2014.12.18,https://n.news.naver.com/mnews/article/020/0002711234?sid=102,n0002711234
동아일보,2014.12.18,https://n.news.naver.com/mnews/article/020/0002711282?sid=102,n0002711282
동아일보,2014.12.18,https://n.news.naver.com/mnews/article/020/0002711082?sid=102,n0002711082
동아일보,2014.12.18,https://n.news.naver.com/mnews/article/020/0002711467?sid=102,n0002711467
동아일보,2014.12.18,https://n.news.naver.com/mnews/article/020/0002711100?sid=101,n0002711100
동아일보,2014.12.18,https://n.news.naver.com/mnews/article/020/0002711094?sid=102,n0002711094
동아일보,2014.12.19,https://n.news.naver.com/mnews/article/020/0002712194?sid=102,n0002712194
동아일보,2014.12.19,https://n.news.naver.com/mnews/article/020/0002712180?sid=101,n0002712180
동아일보,2014.12.19,https://n.news.naver.com/mnews/article/020/0002712100?sid=101,n0002712100
동아일보,2014.12.19,https://n.news.naver.com/mnews/article/020/0002711987?sid=102,n0002711987
동아일보,2014.12.19,https://n.news.naver.com/mnews/article/020/0002711811?sid=102,n0002711811
동아일보,2014.12.19,https://n.news.naver.com/mnews/article/020/0002711813?sid=101,n0002711813
동아일보,2014.12.19,https://n.news.naver.com/mnews/article/020/0002711858?sid=102,n0002711858
동아일보,2014.12.19,https://n.news.naver.com/mnews/article/020/0002711833?sid=100,n0002711833
,2014.12.19,https://m.entertain.naver.com/article/020/0002711797,m0002711797
동아일보,2014.12.19,https://n.news.naver.com/mnews/article/020/0002711806?sid=110,n0002711806
문화일보,2014.11.13,https://n.news.naver.com/mnews/article/021/0002218129?sid=101,n0002218129
문화일보,2014.12.09,https://n.news.naver.com/mnews/article/021/0002221121?sid=100,n0002221121
문화일보,2014.12.09,https://n.news.naver.com/mnews/article/021/0002221030?sid=110,n0002221030
문화일보,2014.12.10,https://n.news.naver.com/mnews/article/021/0002221146?sid=101,n0002221146
문화일보,2014.12.11,https://n.news.naver.com/mnews/article/021/0002221434?sid=101,n0002221434
문화일보,2014.12.11,https://n.news.naver.com/mnews/article/021/0002221309?sid=101,n0002221309
문화일보,2014.12.12,https://n.news.naver.com/mnews/article/021/0002221492?sid=110,n0002221492
문화일보,2014.12.12,https://n.news.naver.com/mnews/article/021/0002221466?sid=101,n0002221466
문화일보,2014.12.12,https://n.news.naver.com/mnews/article/021/0002221509?sid=101,n0002221509
문화일보,2014.12.12,https://n.news.naver.com/mnews/article/021/0002221484?sid=101,n0002221484
문화일보,2014.12.12,https://n.news.naver.com/mnews/article/021/0002221476?sid=101,n0002221476
문화일보,2014.12.12,https://n.news.naver.com/mnews/article/021/0002221508?sid=101,n0002221508
문화일보,2014.12.15,https://n.news.naver.com/mnews/article/021/0002221659?sid=101,n0002221659
문화일보,2014.12.15,https://n.news.naver.com/mnews/article/021/0002221656?sid=101,n0002221656
문화일보,2014.12.15,https://n.news.naver.com/mnews/article/021/0002221625?sid=101,n0002221625
문화일보,2014.12.15,https://n.news.naver.com/mnews/article/021/0002221658?sid=101,n0002221658
문화일보,2014.12.15,https://n.news.naver.com/mnews/article/021/0002221649?sid=110,n0002221649
문화일보,2014.12.16,https://n.news.naver.com/mnews/article/021/0002221779?sid=101,n0002221779
문화일보,2014.12.16,https://n.news.naver.com/mnews/article/021/0002221763?sid=101,n0002221763
문화일보,2014.12.16,https://n.news.naver.com/mnews/article/021/0002221778?sid=101,n0002221778
문화일보,2014.12.16,https://n.news.naver.com/mnews/article/021/0002221775?sid=101,n0002221775
문화일보,2014.12.16,https://n.news.naver.com/mnews/article/021/0002221777?sid=101,n0002221777
문화일보,2014.12.16,https://n.news.naver.com/mnews/article/021/0002221806?sid=100,n0002221806
문화일보,2014.12.17,https://n.news.naver.com/mnews/article/021/0002221958?sid=101,n0002221958
문화일보,2014.12.17,https://n.news.naver.com/mnews/article/021/0002222105?sid=104,n0002222105
문화일보,2014.12.17,https://n.news.naver.com/mnews/article/021/0002222032?sid=101,n0002222032
문화일보,2014.12.17,https://n.news.naver.com/mnews/article/021/0002222033?sid=101,n0002222033
문화일보,2014.12.17,https://n.news.naver.com/mnews/article/021/0002221979?sid=110,n0002221979
문화일보,2014.12.17,https://n.news.naver.com/mnews/article/021/0002222025?sid=101,n0002222025
문화일보,2014.12.17,https://n.news.naver.com/mnews/article/021/0002222031?sid=101,n0002222031
문화일보,2014.12.18,https://n.news.naver.com/mnews/article/021/0002222144?sid=101,n0002222144
문화일보,2014.12.18,https://n.news.naver.com/mnews/article/021/0002222136?sid=101,n0002222136
문화일보,2014.12.18,https://n.news.naver.com/mnews/article/021/0002222133?sid=101,n0002222133
문화일보,2014.12.18,https://n.news.naver.com/mnews/article/021/0002222142?sid=101,n0002222142
문화일보,2014.12.18,https://n.news.naver.com/mnews/article/021/0002222170?sid=110,n0002222170
문화일보,2014.12.19,https://n.news.naver.com/mnews/article/021/0002222358?sid=101,n0002222358
문화일보,2014.12.19,https://n.news.naver.com/mnews/article/021/0002222397?sid=102,n0002222397
문화일보,2014.12.19,https://n.news.naver.com/mnews/article/021/0002222378?sid=102,n0002222378
문화일보,2014.12.19,https://n.news.naver.com/mnews/article/021/0002222300?sid=103,n0002222300
문화일보,2014.12.19,https://n.news.naver.com/mnews/article/021/0002222357?sid=101,n0002222357
문화일보,2014.12.19,https://n.news.naver.com/mnews/article/021/0002222303?sid=100,n0002222303
서울신문,2014.11.15,https://n.news.naver.com/mnews/article/081/0002485358?sid=102,n0002485358
서울신문,2014.12.08,https://n.news.naver.com/mnews/article/081/0002494388?sid=101,n0002494388
서울신문,2014.12.08,https://n.news.naver.com/mnews/article/081/0002494315?sid=102,n0002494315
서울신문,2014.12.08,https://n.news.naver.com/mnews/article/081/0002494264?sid=101,n0002494264
서울신문,2014.12.08,https://n.news.naver.com/mnews/article/081/0002494459?sid=102,n0002494459
서울신문,2014.12.08,https://n.news.naver.com/mnews/article/081/0002494421?sid=102,n0002494421
서울신문,2014.12.08,https://n.news.naver.com/mnews/article/081/0002494526?sid=102,n0002494526
서울신문,2014.12.08,https://n.news.naver.com/mnews/article/081/0002494485?sid=102,n0002494485
서울신문,2014.12.08,https://n.news.naver.com/mnews/article/081/0002494568?sid=102,n0002494568
서울신문,2014.12.08,https://n.news.naver.com/mnews/article/081/0002494278?sid=101,n0002494278
서울신문,2014.12.08,https://n.news.naver.com/mnews/article/081/0002494289?sid=101,n0002494289
서울신문,2014.12.09,https://n.news.naver.com/mnews/article/081/0002495032?sid=101,n0002495032
서울신문,2014.12.09,https://n.news.naver.com/mnews/article/081/0002495025?sid=101,n0002495025
서울신문,2014.12.09,https://n.news.naver.com/mnews/article/081/0002494600?sid=101,n0002494600
서울신문,2014.12.09,https://n.news.naver.com/mnews/article/081/0002494583?sid=102,n0002494583
서울신문,2014.12.09,https://n.news.naver.com/mnews/article/081/0002495014?sid=101,n0002495014
서울신문,2014.12.09,https://n.news.naver.com/mnews/article/081/0002494903?sid=004,n0002494903
서울신문,2014.12.09,https://n.news.naver.com/mnews/article/081/0002495013?sid=101,n0002495013
서울신문,2014.12.09,https://n.news.naver.com/mnews/article/081/0002495030?sid=101,n0002495030
서울신문,2014.12.09,https://n.news.naver.com/mnews/article/081/0002495042?sid=101,n0002495042
서울신문,2014.12.09,https://n.news.naver.com/mnews/article/081/0002494855?sid=102,n0002494855
서울신문,2014.12.10,https://n.news.naver.com/mnews/article/081/0002495464?sid=101,n0002495464
서울신문,2014.12.10,https://n.news.naver.com/mnews/article/081/0002495302?sid=102,n0002495302
서울신문,2014.12.10,https://n.news.naver.com/mnews/article/081/0002495358?sid=101,n0002495358
서울신문,2014.12.10,https://n.news.naver.com/mnews/article/081/0002495520?sid=101,n0002495520
서울신문,2014.12.10,https://n.news.naver.com/mnews/article/081/0002495510?sid=101,n0002495510
서울신문,2014.12.10,https://n.news.naver.com/mnews/article/081/0002495565?sid=102,n0002495565
서울신문,2014.12.10,https://n.news.naver.com/mnews/article/081/0002495389?sid=101,n0002495389
서울신문,2014.12.10,https://n.news.naver.com/mnews/article/081/0002495241?sid=101,n0002495241
서울신문,2014.12.10,https://n.news.naver.com/mnews/article/081/0002495118?sid=101,n0002495118
서울신문,2014.12.10,https://n.news.naver.com/mnews/article/081/0002495218?sid=101,n0002495218
서울신문,2014.12.11,https://n.news.naver.com/mnews/article/081/0002495846?sid=102,n0002495846
서울신문,2014.12.11,https://n.news.naver.com/mnews/article/081/0002495800?sid=101,n0002495800
서울신문,2014.12.11,https://n.news.naver.com/mnews/article/081/0002495818?sid=102,n0002495818
서울신문,2014.12.11,https://n.news.naver.com/mnews/article/081/0002495959?sid=101,n0002495959
서울신문,2014.12.11,https://n.news.naver.com/mnews/article/081/0002495721?sid=102,n0002495721
서울신문,2014.12.11,https://n.news.naver.com/mnews/article/081/0002495971?sid=101,n0002495971
서울신문,2014.12.11,https://n.news.naver.com/mnews/article/081/0002495731?sid=101,n0002495731
서울신문,2014.12.11,https://n.news.naver.com/mnews/article/081/0002496025?sid=102,n0002496025
서울신문,2014.12.11,https://n.news.naver.com/mnews/article/081/0002495708?sid=004,n0002495708
서울신문,2014.12.11,https://n.news.naver.com/mnews/article/081/0002495947?sid=101,n0002495947
서울신문,2014.12.12,https://n.news.naver.com/mnews/article/081/0002496429?sid=101,n0002496429
서울신문,2014.12.12,https://n.news.naver.com/mnews/article/081/0002496354?sid=101,n0002496354
서울신문,2014.12.12,https://n.news.naver.com/mnews/article/081/0002496324?sid=101,n0002496324
서울신문,2014.12.12,https://n.news.naver.com/mnews/article/081/0002496420?sid=101,n0002496420
서울신문,2014.12.12,https://n.news.naver.com/mnews/article/081/0002496165?sid=101,n0002496165
서울신문,2014.12.12,https://n.news.naver.com/mnews/article/081/0002496090?sid=102,n0002496090
서울신문,2014.12.12,https://n.news.naver.com/mnews/article/081/0002496436?sid=101,n0002496436
서울신문,2014.12.12,https://n.news.naver.com/mnews/article/081/0002496385?sid=101,n0002496385
서울신문,2014.12.12,https://n.news.naver.com/mnews/article/081/0002496075?sid=101,n0002496075
서울신문,2014.12.12,https://n.news.naver.com/mnews/article/081/0002496049?sid=110,n0002496049
서울신문,2014.12.13,https://n.news.naver.com/mnews/article/081/0002496567?sid=102,n0002496567
서울신문,2014.12.13,https://n.news.naver.com/mnews/article/081/0002496639?sid=102,n0002496639
서울신문,2014.12.13,https://n.news.naver.com/mnews/article/081/0002496584?sid=101,n0002496584
서울신문,2014.12.13,https://n.news.naver.com/mnews/article/081/0002496474?sid=101,n0002496474
서울신문,2014.12.13,https://n.news.naver.com/mnews/article/081/0002496601,ncle/081/00
서울신문,2014.12.13,https://n.news.naver.com/mnews/article/081/0002496590?sid=102,n0002496590
서울신문,2014.12.13,https://n.news.naver.com/mnews/article/081/0002496571?sid=104,n0002496571
서울신문,2014.12.13,https://n.news.naver.com/mnews/article/081/0002496569?sid=102,n0002496569
서울신문,2014.12.13,https://n.news.naver.com/mnews/article/081/0002496543?sid=102,n0002496543
서울신문,2014.12.13,https://n.news.naver.com/mnews/article/081/0002496468?sid=110,n0002496468
서울신문,2014.12.14,https://n.news.naver.com/mnews/article/081/0002496697?sid=102,n0002496697
서울신문,2014.12.14,https://n.news.naver.com/mnews/article/081/0002496703?sid=102,n0002496703
서울신문,2014.12.14,https://n.news.naver.com/mnews/article/081/0002496725?sid=102,n0002496725
서울신문,2014.12.14,https://n.news.naver.com/mnews/article/081/0002496747?sid=102,n0002496747
서울신문,2014.12.14,https://n.news.naver.com/mnews/article/081/0002496716?sid=102,n0002496716
서울신문,2014.12.14,https://n.news.naver.com/mnews/article/081/0002496683?sid=102,n0002496683
서울신문,2014.12.14,https://n.news.naver.com/mnews/article/081/0002496681?sid=102,n0002496681
서울신문,2014.12.14,https://n.news.naver.com/mnews/article/081/0002496689?sid=102,n0002496689
서울신문,2014.12.15,https://n.news.naver.com/mnews/article/081/0002497292?sid=102,n0002497292
서울신문,2014.12.15,https://n.news.naver.com/mnews/article/081/0002497229?sid=101,n0002497229
서울신문,2014.12.15,https://n.news.naver.com/mnews/article/081/0002496957?sid=102,n0002496957
서울신문,2014.12.15,https://n.news.naver.com/mnews/article/081/0002496896?sid=101,n0002496896
서울신문,2014.12.15,https://n.news.naver.com/mnews/article/081/0002497311?sid=102,n0002497311
서울신문,2014.12.15,https://n.news.naver.com/mnews/article/081/0002497117?sid=102,n0002497117
서울신문,2014.12.15,https://n.news.naver.com/mnews/article/081/0002497179?sid=102,n0002497179
서울신문,2014.12.15,https://n.news.naver.com/mnews/article/081/0002496804?sid=101,n0002496804
서울신문,2014.12.15,https://n.news.naver.com/mnews/article/081/0002497187?sid=102,n0002497187
서울신문,2014.12.15,https://n.news.naver.com/mnews/article/081/0002497234?sid=104,n0002497234
서울신문,2014.12.16,https://n.news.naver.com/mnews/article/081/0002497704?sid=101,n0002497704
서울신문,2014.12.16,https://n.news.naver.com/mnews/article/081/0002497548?sid=102,n0002497548
서울신문,2014.12.16,https://n.news.naver.com/mnews/article/081/0002497638?sid=101,n0002497638
서울신문,2014.12.16,https://n.news.naver.com/mnews/article/081/0002497577?sid=101,n0002497577
서울신문,2014.12.16,https://n.news.naver.com/mnews/article/081/0002497602?sid=102,n0002497602
서울신문,2014.12.16,https://n.news.naver.com/mnews/article/081/0002497499?sid=101,n0002497499
서울신문,2014.12.16,https://n.news.naver.com/mnews/article/081/0002497666?sid=101,n0002497666
서울신문,2014.12.16,https://n.news.naver.com/mnews/article/081/0002497349?sid=102,n0002497349
서울신문,2014.12.16,https://n.news.naver.com/mnews/article/081/0002497358?sid=101,n0002497358
서울신문,2014.12.16,https://n.news.naver.com/mnews/article/081/0002497354?sid=110,n0002497354
서울신문,2014.12.17,https://n.news.naver.com/mnews/article/081/0002498343?sid=101,n0002498343
서울신문,2014.12.17,https://n.news.naver.com/mnews/article/081/0002498164?sid=101,n0002498164
서울신문,2014.12.17,https://n.news.naver.com/mnews/article/081/0002498347?sid=101,n0002498347
서울신문,2014.12.17,https://n.news.naver.com/mnews/article/081/0002498028?sid=101,n0002498028
서울신문,2014.12.17,https://n.news.naver.com/mnews/article/081/0002498094?sid=101,n0002498094
서울신문,2014.12.17,https://n.news.naver.com/mnews/article/081/0002498203?sid=101,n0002498203
서울신문,2014.12.17,https://n.news.naver.com/mnews/article/081/0002497999?sid=100,n0002497999
서울신문,2014.12.17,https://n.news.naver.com/mnews/article/081/0002498159?sid=102,n0002498159
서울신문,2014.12.17,https://n.news.naver.com/mnews/article/081/0002498146?sid=102,n0002498146
서울신문,2014.12.17,https://n.news.naver.com/mnews/article/081/0002497989?sid=102,n0002497989
서울신문,2014.12.18,https://n.news.naver.com/mnews/article/081/0002498727?sid=101,n0002498727
서울신문,2014.12.18,https://n.news.naver.com/mnews/article/081/0002498649?sid=101,n0002498649
서울신문,2014.12.18,https://n.news.naver.com/mnews/article/081/0002498589?sid=102,n0002498589
서울신문,2014.12.18,https://n.news.naver.com/mnews/article/081/0002498741?sid=101,n0002498741
서울신문,2014.12.18,https://n.news.naver.com/mnews/article/081/0002498531?sid=102,n0002498531
서울신문,2014.12.18,https://n.news.naver.com/mnews/article/081/0002498502?sid=101,n0002498502
서울신문,2014.12.18,https://n.news.naver.com/mnews/article/081/0002498435?sid=110,n0002498435
서울신문,2014.12.18,https://n.news.naver.com/mnews/article/081/0002498398?sid=101,n0002498398
서울신문,2014.12.18,https://n.news.naver.com/mnews/article/081/0002498437?sid=101,n0002498437
서울신문,2014.12.18,https://n.news.naver.com/mnews/article/081/0002498443?sid=101,n0002498443
서울신문,2014.12.19,https://n.news.naver.com/mnews/article/081/0002499248?sid=101,n0002499248
서울신문,2014.12.19,https://n.news.naver.com/mnews/article/081/0002499094?sid=102,n0002499094
서울신문,2014.12.19,https://n.news.naver.com/mnews/article/081/0002498905?sid=102,n0002498905
서울신문,2014.12.19,https://n.news.naver.com/mnews/article/081/0002499314?sid=102,n0002499314
서울신문,2014.12.19,https://n.news.naver.com/mnews/article/081/0002498909?sid=102,n0002498909
서울신문,2014.12.19,https://n.news.naver.com/mnews/article/081/0002498962?sid=101,n0002498962
,2014.12.19,https://m.entertain.naver.com/article/081/0002499057,m0002499057
서울신문,2014.12.19,https://n.news.naver.com/mnews/article/081/0002498939?sid=110,n0002498939
서울신문,2014.12.19,https://n.news.naver.com/mnews/article/081/0002499011?sid=100,n0002499011
서울신문,2014.12.19,https://n.news.naver.com/mnews/article/081/0002499002?sid=110,n0002499002
세계일보,2014.11.09,https://n.news.naver.com/mnews/article/022/0002735696?sid=101,n0002735696
세계일보,2014.12.01,https://n.news.naver.com/mnews/article/022/0002747781?sid=103,n0002747781
세계일보,2014.12.08,https://n.news.naver.com/mnews/article/022/0002751611?sid=101,n0002751611
세계일보,2014.12.08,https://n.news.naver.com/mnews/article/022/0002751176?sid=101,n0002751176
세계일보,2014.12.08,https://n.news.naver.com/mnews/article/022/0002751625?sid=102,n0002751625
세계일보,2014.12.08,https://n.news.naver.com/mnews/article/022/0002751454?sid=101,n0002751454
세계일보,2014.12.08,https://n.news.naver.com/mnews/article/022/0002751404?sid=101,n0002751404
세계일보,2014.12.08,https://n.news.naver.com/mnews/article/022/0002751285?sid=101,n0002751285
세계일보,2014.12.08,https://n.news.naver.com/mnews/article/022/0002751345?sid=101,n0002751345
세계일보,2014.12.08,https://n.news.naver.com/mnews/article/022/0002751279?sid=101,n0002751279
세계일보,2014.12.08,https://n.news.naver.com/mnews/article/022/0002751306?sid=101,n0002751306
,2014.12.08,https://m.entertain.naver.com/article/022/0002751429,m0002751429
세계일보,2014.12.09,https://n.news.naver.com/mnews/article/022/0002752330?sid=101,n0002752330
세계일보,2014.12.09,https://n.news.naver.com/mnews/article/022/0002752361?sid=102,n0002752361
세계일보,2014.12.09,https://n.news.naver.com/mnews/article/022/0002751747?sid=102,n0002751747
세계일보,2014.12.09,https://n.news.naver.com/mnews/article/022/0002751919?sid=102,n0002751919
세계일보,2014.12.09,https://n.news.naver.com/mnews/article/022/0002752302?sid=102,n0002752302
세계일보,2014.12.09,https://n.news.naver.com/mnews/article/022/0002751980?sid=102,n0002751980
세계일보,2014.12.09,https://n.news.naver.com/mnews/article/022/0002752365?sid=102,n0002752365
세계일보,2014.12.09,https://n.news.naver.com/mnews/article/022/0002751838,ncle/022/00
세계일보,2014.12.09,https://n.news.naver.com/mnews/article/022/0002752035?sid=102,n0002752035
세계일보,2014.12.09,https://n.news.naver.com/mnews/article/022/0002751825?sid=102,n0002751825
세계일보,2014.12.10,https://n.news.naver.com/mnews/article/022/0002752588?sid=102,n0002752588
세계일보,2014.12.10,https://n.news.naver.com/mnews/article/022/0002752764?sid=102,n0002752764
세계일보,2014.12.10,https://n.news.naver.com/mnews/article/022/0002752467?sid=102,n0002752467
세계일보,2014.12.10,https://n.news.naver.com/mnews/article/022/0002752803?sid=102,n0002752803
세계일보,2014.12.10,https://n.news.naver.com/mnews/article/022/0002752747?sid=102,n0002752747
세계일보,2014.12.10,https://n.news.naver.com/mnews/article/022/0002752830?sid=101,n0002752830
세계일보,2014.12.10,https://n.news.naver.com/mnews/article/022/0002752508?sid=102,n0002752508
세계일보,2014.12.10,https://n.news.naver.com/mnews/article/022/0002752554?sid=102,n0002752554
세계일보,2014.12.10,https://n.news.naver.com/mnews/article/022/0002752521?sid=102,n0002752521
세계일보,2014.12.10,https://n.news.naver.com/mnews/article/022/0002752889?sid=101,n0002752889
세계일보,2014.12.11,https://n.news.naver.com/mnews/article/022/0002753181?sid=102,n0002753181
세계일보,2014.12.11,https://n.news.naver.com/mnews/article/022/0002753206?sid=102,n0002753206
세계일보,2014.12.11,https://n.news.naver.com/mnews/article/022/0002753392?sid=101,n0002753392
세계일보,2014.12.11,https://n.news.naver.com/mnews/article/022/0002753103?sid=102,n0002753103
세계일보,2014.12.11,https://n.news.naver.com/mnews/article/022/0002753317?sid=101,n0002753317
세계일보,2014.12.11,https://n.news.naver.com/mnews/article/022/0002753530?sid=101,n0002753530
세계일보,2014.12.11,https://n.news.naver.com/mnews/article/022/0002753074?sid=101,n0002753074
세계일보,2014.12.11,https://n.news.naver.com/mnews/article/022/0002753257?sid=102,n0002753257
세계일보,2014.12.11,https://n.news.naver.com/mnews/article/022/0002753428?sid=101,n0002753428
세계일보,2014.12.11,https://n.news.naver.com/mnews/article/022/0002753436?sid=102,n0002753436
세계일보,2014.12.12,https://n.news.naver.com/mnews/article/022/0002754222?sid=102,n0002754222
세계일보,2014.12.12,https://n.news.naver.com/mnews/article/022/0002754185?sid=101,n0002754185
세계일보,2014.12.12,https://n.news.naver.com/mnews/article/022/0002754000?sid=101,n0002754000
세계일보,2014.12.12,https://n.news.naver.com/mnews/article/022/0002753736?sid=101,n0002753736
세계일보,2014.12.12,https://n.news.naver.com/mnews/article/022/0002753981?sid=101,n0002753981
세계일보,2014.12.12,https://n.news.naver.com/mnews/article/022/0002753903?sid=102,n0002753903
세계일보,2014.12.12,https://n.news.naver.com/mnews/article/022/0002753728?sid=101,n0002753728
세계일보,2014.12.12,https://n.news.naver.com/mnews/article/022/0002753938?sid=102,n0002753938
세계일보,2014.12.12,https://n.news.naver.com/mnews/article/022/0002753711?sid=102,n0002753711
세계일보,2014.12.12,https://n.news.naver.com/mnews/article/022/0002753781,ncle/022/00
세계일보,2014.12.13,https://n.news.naver.com/mnews/article/022/0002754304?sid=102,n0002754304
세계일보,2014.12.13,https://n.news.naver.com/mnews/article/022/0002754240?sid=102,n0002754240
세계일보,2014.12.13,https://n.news.naver.com/mnews/article/022/0002754320?sid=102,n0002754320
세계일보,2014.12.13,https://n.news.naver.com/mnews/article/022/0002754309?sid=102,n0002754309
세계일보,2014.12.13,https://n.news.naver.com/mnews/article/022/0002754303?sid=102,n0002754303
세계일보,2014.12.13,https://n.news.naver.com/mnews/article/022/0002754255?sid=102,n0002754255
세계일보,2014.12.13,https://n.news.naver.com/mnews/article/022/0002754392?sid=102,n0002754392
세계일보,2014.12.13,https://n.news.naver.com/mnews/article/022/0002754298?sid=102,n0002754298
세계일보,2014.12.13,https://n.news.naver.com/mnews/article/022/0002754317?sid=102,n0002754317
세계일보,2014.12.13,https://n.news.naver.com/mnews/article/022/0002754258?sid=102,n0002754258
세계일보,2014.12.14,https://n.news.naver.com/mnews/article/022/0002754508?sid=102,n0002754508
세계일보,2014.12.14,https://n.news.naver.com/mnews/article/022/0002754610?sid=102,n0002754610
세계일보,2014.12.14,https://n.news.naver.com/mnews/article/022/0002754589?sid=101,n0002754589
세계일보,2014.12.14,https://n.news.naver.com/mnews/article/022/0002754457?sid=101,n0002754457
세계일보,2014.12.14,https://n.news.naver.com/mnews/article/022/0002754542?sid=101,n0002754542
세계일보,2014.12.14,https://n.news.naver.com/mnews/article/022/0002754451?sid=101,n0002754451
세계일보,2014.12.14,https://n.news.naver.com/mnews/article/022/0002754445?sid=102,n0002754445
세계일보,2014.12.14,https://n.news.naver.com/mnews/article/022/0002754553?sid=101,n0002754553
세계일보,2014.12.14,https://n.news.naver.com/mnews/article/022/0002754466?sid=102,n0002754466
세계일보,2014.12.14,https://n.news.naver.com/mnews/article/022/0002754546?sid=101,n0002754546
세계일보,2014.12.15,https://n.news.naver.com/mnews/article/022/0002755200?sid=102,n0002755200
세계일보,2014.12.15,https://n.news.naver.com/mnews/article/022/0002755132?sid=102,n0002755132
세계일보,2014.12.15,https://n.news.naver.com/mnews/article/022/0002754940?sid=102,n0002754940
세계일보,2014.12.15,https://n.news.naver.com/mnews/article/022/0002754959?sid=102,n0002754959
세계일보,2014.12.15,https://n.news.naver.com/mnews/article/022/0002754817?sid=102,n0002754817
세계일보,2014.12.15,https://n.news.naver.com/mnews/article/022/0002754772?sid=102,n0002754772
세계일보,2014.12.15,https://n.news.naver.com/mnews/article/022/0002754974?sid=102,n0002754974
세계일보,2014.12.15,https://n.news.naver.com/mnews/article/022/0002754922?sid=101,n0002754922
세계일보,2014.12.15,https://n.news.naver.com/mnews/article/022/0002755001?sid=102,n0002755001
세계일보,2014.12.15,https://n.news.naver.com/mnews/article/022/0002755155?sid=102,n0002755155
세계일보,2014.12.16,https://n.news.naver.com/mnews/article/022/0002755475?sid=102,n0002755475
세계일보,2014.12.16,https://n.news.naver.com/mnews/article/022/0002755793?sid=101,n0002755793
세계일보,2014.12.16,https://n.news.naver.com/mnews/article/022/0002755901?sid=101,n0002755901
세계일보,2014.12.16,https://n.news.naver.com/mnews/article/022/0002755326?sid=102,n0002755326
세계일보,2014.12.16,https://n.news.naver.com/mnews/article/022/0002755479?sid=102,n0002755479
세계일보,2014.12.16,https://n.news.naver.com/mnews/article/022/0002755496?sid=102,n0002755496
세계일보,2014.12.16,https://n.news.naver.com/mnews/article/022/0002755465?sid=103,n0002755465
세계일보,2014.12.16,https://n.news.naver.com/mnews/article/022/0002755788?sid=101,n0002755788
세계일보,2014.12.16,https://n.news.naver.com/mnews/article/022/0002755651?sid=102,n0002755651
세계일보,2014.12.16,https://n.news.naver.com/mnews/article/022/0002755340?sid=102,n0002755340
세계일보,2014.12.17,https://n.news.naver.com/mnews/article/022/0002756281?sid=102,n0002756281
세계일보,2014.12.17,https://n.news.naver.com/mnews/article/022/0002756428?sid=101,n0002756428
세계일보,2014.12.17,https://n.news.naver.com/mnews/article/022/0002756393?sid=101,n0002756393
세계일보,2014.12.17,https://n.news.naver.com/mnews/article/022/0002755976?sid=102,n0002755976
세계일보,2014.12.17,https://n.news.naver.com/mnews/article/022/0002755932?sid=102,n0002755932
세계일보,2014.12.17,https://n.news.naver.com/mnews/article/022/0002756400?sid=101,n0002756400
세계일보,2014.12.17,https://n.news.naver.com/mnews/article/022/0002756136?sid=102,n0002756136
세계일보,2014.12.17,https://n.news.naver.com/mnews/article/022/0002756395?sid=101,n0002756395
세계일보,2014.12.17,https://n.news.naver.com/mnews/article/022/0002756234?sid=102,n0002756234
세계일보,2014.12.17,https://n.news.naver.com/mnews/article/022/0002756048?sid=102,n0002756048
세계일보,2014.12.18,https://n.news.naver.com/mnews/article/022/0002756890?sid=101,n0002756890
세계일보,2014.12.18,https://n.news.naver.com/mnews/article/022/0002756742?sid=102,n0002756742
세계일보,2014.12.18,https://n.news.naver.com/mnews/article/022/0002756786?sid=102,n0002756786
세계일보,2014.12.18,https://n.news.naver.com/mnews/article/022/0002757142?sid=102,n0002757142
세계일보,2014.12.18,https://n.news.naver.com/mnews/article/022/0002756770?sid=102,n0002756770
세계일보,2014.12.18,https://n.news.naver.com/mnews/article/022/0002756777?sid=102,n0002756777
세계일보,2014.12.18,https://n.news.naver.com/mnews/article/022/0002756806?sid=101,n0002756806
세계일보,2014.12.18,https://n.news.naver.com/mnews/article/022/0002756962?sid=102,n0002756962
세계일보,2014.12.18,https://n.news.naver.com/mnews/article/022/0002756685?sid=102,n0002756685
세계일보,2014.12.18,https://n.news.naver.com/mnews/article/022/0002756726?sid=102,n0002756726
세계일보,2014.12.19,https://n.news.naver.com/mnews/article/022/0002757236?sid=102,n0002757236
세계일보,2014.12.19,https://n.news.naver.com/mnews/article/022/0002757282?sid=102,n0002757282
세계일보,2014.12.19,https://n.news.naver.com/mnews/article/022/0002757205?sid=102,n0002757205
세계일보,2014.12.19,https://n.news.naver.com/mnews/article/022/0002757330?sid=102,n0002757330
세계일보,2014.12.19,https://n.news.naver.com/mnews/article/022/0002757517?sid=101,n0002757517
세계일보,2014.12.19,https://n.news.naver.com/mnews/article/022/0002757435?sid=101,n0002757435
,2014.12.19,https://m.entertain.naver.com/article/022/0002757324,m0002757324
세계일보,2014.12.19,https://n.news.naver.com/mnews/article/022/0002757317?sid=101,n0002757317
세계일보,2014.12.19,https://n.news.naver.com/mnews/article/022/0002757418?sid=102,n0002757418
세계일보,2014.12.19,https://n.news.naver.com/mnews/article/022/0002757613?sid=102,n0002757613
한겨레,2014.12.08,https://n.news.naver.com/mnews/article/028/0002256006?sid=101,n0002256006
한겨레,2014.12.08,https://n.news.naver.com/mnews/article/028/0002256161?sid=101,n0002256161
한겨레,2014.12.08,https://n.news.naver.com/mnews/article/028/0002256021?sid=101,n0002256021
한겨레,2014.12.08,https://n.news.naver.com/mnews/article/028/0002256078?sid=101,n0002256078
한겨레,2014.12.08,https://n.news.naver.com/mnews/article/028/0002256018?sid=101,n0002256018
한겨레,2014.12.08,https://n.news.naver.com/mnews/article/028/0002256080?sid=101,n0002256080
한겨레,2014.12.08,https://n.news.naver.com/mnews/article/028/0002256044?sid=110,n0002256044
한겨레,2014.12.08,https://n.news.naver.com/mnews/article/028/0002256009?sid=102,n0002256009
한겨레,2014.12.09,https://n.news.naver.com/mnews/article/028/0002256227?sid=101,n0002256227
한겨레,2014.12.09,https://n.news.naver.com/mnews/article/028/0002256198?sid=102,n0002256198
한겨레,2014.12.09,https://n.news.naver.com/mnews/article/028/0002256254?sid=101,n0002256254
한겨레,2014.12.09,https://n.news.naver.com/mnews/article/028/0002256166?sid=101,n0002256166
한겨레,2014.12.09,https://n.news.naver.com/mnews/article/028/0002256216?sid=110,n0002256216
한겨레,2014.12.09,https://n.news.naver.com/mnews/article/028/0002256173?sid=101,n0002256173
한겨레,2014.12.09,https://n.news.naver.com/mnews/article/028/0002256193?sid=104,n0002256193
한겨레,2014.12.09,https://n.news.naver.com/mnews/article/028/0002256199?sid=102,n0002256199
한겨레,2014.12.09,https://n.news.naver.com/mnews/article/028/0002256175?sid=101,n0002256175
한겨레,2014.12.09,https://n.news.naver.com/mnews/article/028/0002256184?sid=101,n0002256184
한겨레,2014.12.10,https://n.news.naver.com/mnews/article/028/0002256416?sid=101,n0002256416
한겨레,2014.12.10,https://n.news.naver.com/mnews/article/028/0002256336?sid=101,n0002256336
한겨레,2014.12.10,https://n.news.naver.com/mnews/article/028/0002256369?sid=102,n0002256369
한겨레,2014.12.10,https://n.news.naver.com/mnews/article/028/0002256361?sid=101,n0002256361
한겨레,2014.12.10,https://n.news.naver.com/mnews/article/028/0002256337?sid=100,n0002256337
한겨레,2014.12.10,https://n.news.naver.com/mnews/article/028/0002256351?sid=101,n0002256351
한겨레,2014.12.10,https://n.news.naver.com/mnews/article/028/0002256332?sid=101,n0002256332
한겨레,2014.12.11,https://n.news.naver.com/mnews/article/028/0002256601?sid=101,n0002256601
한겨레,2014.12.11,https://n.news.naver.com/mnews/article/028/0002256513?sid=102,n0002256513
한겨레,2014.12.11,https://n.news.naver.com/mnews/article/028/0002256518?sid=102,n0002256518
한겨레,2014.12.11,https://n.news.naver.com/mnews/article/028/0002256625?sid=100,n0002256625
한겨레,2014.12.11,https://n.news.naver.com/mnews/article/028/0002256484?sid=101,n0002256484
한겨레,2014.12.11,https://n.news.naver.com/mnews/article/028/0002256488?sid=101,n0002256488
한겨레,2014.12.11,https://n.news.naver.com/mnews/article/028/0002256487?sid=102,n0002256487
한겨레,2014.12.11,https://n.news.naver.com/mnews/article/028/0002256500?sid=102,n0002256500
한겨레,2014.12.11,https://n.news.naver.com/mnews/article/028/0002256520?sid=101,n0002256520
한겨레,2014.12.12,https://n.news.naver.com/mnews/article/028/0002256743?sid=101,n0002256743
한겨레,2014.12.12,https://n.news.naver.com/mnews/article/028/0002256741?sid=101,n0002256741
한겨레,2014.12.12,https://n.news.naver.com/mnews/article/028/0002256701?sid=101,n0002256701
한겨레,2014.12.12,https://n.news.naver.com/mnews/article/028/0002256704?sid=101,n0002256704
한겨레,2014.12.12,https://n.news.naver.com/mnews/article/028/0002256684?sid=102,n0002256684
한겨레,2014.12.12,https://n.news.naver.com/mnews/article/028/0002256690?sid=101,n0002256690
한겨레,2014.12.12,https://n.news.naver.com/mnews/article/028/0002256680?sid=101,n0002256680
한겨레,2014.12.12,https://n.news.naver.com/mnews/article/028/0002256692?sid=101,n0002256692
한겨레,2014.12.12,https://n.news.naver.com/mnews/article/028/0002256748?sid=101,n0002256748
한겨레,2014.12.12,https://n.news.naver.com/mnews/article/028/0002256676?sid=102,n0002256676
한겨레,2014.12.13,https://n.news.naver.com/mnews/article/028/0002256756?sid=101,n0002256756
한겨레,2014.12.13,https://n.news.naver.com/mnews/article/028/0002256764?sid=100,n0002256764
한겨레,2014.12.13,https://n.news.naver.com/mnews/article/028/0002256753?sid=103,n0002256753
한겨레,2014.12.14,https://n.news.naver.com/mnews/article/028/0002256869?sid=101,n0002256869
한겨레,2014.12.14,https://n.news.naver.com/mnews/article/028/0002256816?sid=110,n0002256816
한겨레,2014.12.14,https://n.news.naver.com/mnews/article/028/0002256837?sid=102,n0002256837
한겨레,2014.12.14,https://n.news.naver.com/mnews/article/028/0002256879?sid=101,n0002256879
한겨레,2014.12.14,https://n.news.naver.com/mnews/article/028/0002256803?sid=110,n0002256803
한겨레,2014.12.15,https://n.news.naver.com/mnews/article/028/0002256971?sid=101,n0002256971
한겨레,2014.12.15,https://n.news.naver.com/mnews/article/028/0002256973?sid=102,n0002256973
한겨레,2014.12.15,https://n.news.naver.com/mnews/article/028/0002256905?sid=101,n0002256905
한겨레,2014.12.15,https://n.news.naver.com/mnews/article/028/0002257005?sid=101,n0002257005
한겨레,2014.12.15,https://n.news.naver.com/mnews/article/028/0002256928?sid=110,n0002256928
한겨레,2014.12.15,https://n.news.naver.com/mnews/article/028/0002256884?sid=101,n0002256884
한겨레,2014.12.15,https://n.news.naver.com/mnews/article/028/0002257031?sid=101,n0002257031
한겨레,2014.12.15,https://n.news.naver.com/mnews/article/028/0002257009?sid=101,n0002257009
한겨레,2014.12.15,https://n.news.naver.com/mnews/article/028/0002256974?sid=102,n0002256974
한겨레,2014.12.15,https://n.news.naver.com/mnews/article/028/0002256898?sid=101,n0002256898
한겨레,2014.12.16,https://n.news.naver.com/mnews/article/028/0002257045?sid=102,n0002257045
한겨레,2014.12.16,https://n.news.naver.com/mnews/article/028/0002257071?sid=101,n0002257071
한겨레,2014.12.16,https://n.news.naver.com/mnews/article/028/0002257065?sid=102,n0002257065
한겨레,2014.12.16,https://n.news.naver.com/mnews/article/028/0002257168?sid=100,n0002257168
한겨레,2014.12.17,https://n.news.naver.com/mnews/article/028/0002257213?sid=102,n0002257213
한겨레,2014.12.17,https://n.news.naver.com/mnews/article/028/0002257299?sid=101,n0002257299
한겨레,2014.12.17,https://n.news.naver.com/mnews/article/028/0002257277?sid=101,n0002257277
한겨레,2014.12.17,https://n.news.naver.com/mnews/article/028/0002257200?sid=101,n0002257200
한겨레,2014.12.17,https://n.news.naver.com/mnews/article/028/0002257210?sid=101,n0002257210
한겨레,2014.12.18,https://n.news.naver.com/mnews/article/028/0002257333?sid=101,n0002257333
한겨레,2014.12.18,https://n.news.naver.com/mnews/article/028/0002257329?sid=101,n0002257329
한겨레,2014.12.18,https://n.news.naver.com/mnews/article/028/0002257337?sid=101,n0002257337
한겨레,2014.12.18,https://n.news.naver.com/mnews/article/028/0002257454?sid=101,n0002257454
한겨레,2014.12.18,https://n.news.naver.com/mnews/article/028/0002257457?sid=101,n0002257457
한겨레,2014.12.19,https://n.news.naver.com/mnews/article/028/0002257537?sid=101,n0002257537
한겨레,2014.12.19,https://n.news.naver.com/mnews/article/028/0002257550?sid=110,n0002257550
한겨레,2014.12.19,https://n.news.naver.com/mnews/article/028/0002257524?sid=101,n0002257524
한겨레,2014.12.19,https://n.news.naver.com/mnews/article/028/0002257584?sid=101,n0002257584
,2014.11.12,https://m.entertain.naver.com/article/469/0000029970,m0000029970
한국일보,2014.12.08,https://n.news.naver.com/mnews/article/469/0000035154?sid=101,n0000035154
한국일보,2014.12.08,https://n.news.naver.com/mnews/article/469/0000034979?sid=101,n0000034979
한국일보,2014.12.08,https://n.news.naver.com/mnews/article/469/0000035124?sid=110,n0000035124
한국일보,2014.12.08,https://n.news.naver.com/mnews/article/469/0000035026?sid=101,n0000035026
한국일보,2014.12.09,https://n.news.naver.com/mnews/article/469/0000035294?sid=101,n0000035294
한국일보,2014.12.09,https://n.news.naver.com/mnews/article/469/0000035282?sid=101,n0000035282
한국일보,2014.12.09,https://n.news.naver.com/mnews/article/469/0000035321?sid=101,n0000035321
한국일보,2014.12.09,https://n.news.naver.com/mnews/article/469/0000035447?sid=104,n0000035447
한국일보,2014.12.10,https://n.news.naver.com/mnews/article/469/0000035583?sid=101,n0000035583
한국일보,2014.12.10,https://n.news.naver.com/mnews/article/469/0000035559?sid=101,n0000035559
한국일보,2014.12.10,https://n.news.naver.com/mnews/article/469/0000035610?sid=110,n0000035610
한국일보,2014.12.10,https://n.news.naver.com/mnews/article/469/0000035473?sid=102,n0000035473
한국일보,2014.12.11,https://n.news.naver.com/mnews/article/469/0000035846?sid=101,n0000035846
한국일보,2014.12.11,https://n.news.naver.com/mnews/article/469/0000035739?sid=101,n0000035739
한국일보,2014.12.11,https://n.news.naver.com/mnews/article/469/0000035845?sid=103,n0000035845
한국일보,2014.12.11,https://n.news.naver.com/mnews/article/469/0000035708?sid=101,n0000035708
,2014.12.11,https://m.sports.naver.com/general/article/469/0000035867,m0000035867
한국일보,2014.12.11,https://n.news.naver.com/mnews/article/469/0000035801?sid=101,n0000035801
한국일보,2014.12.12,https://n.news.naver.com/mnews/article/469/0000035994?sid=101,n0000035994
한국일보,2014.12.12,https://n.news.naver.com/mnews/article/469/0000036062?sid=101,n0000036062
한국일보,2014.12.12,https://n.news.naver.com/mnews/article/469/0000035995?sid=101,n0000035995
한국일보,2014.12.12,https://n.news.naver.com/mnews/article/469/0000035980?sid=101,n0000035980
한국일보,2014.12.12,https://n.news.naver.com/mnews/article/469/0000035974?sid=101,n0000035974
한국일보,2014.12.12,https://n.news.naver.com/mnews/article/469/0000036065?sid=110,n0000036065
한국일보,2014.12.12,https://n.news.naver.com/mnews/article/469/0000036041?sid=103,n0000036041
한국일보,2014.12.13,https://n.news.naver.com/mnews/article/469/0000036110?sid=101,n0000036110
한국일보,2014.12.13,https://n.news.naver.com/mnews/article/469/0000036116?sid=102,n0000036116
한국일보,2014.12.14,https://n.news.naver.com/mnews/article/469/0000036276?sid=101,n0000036276
한국일보,2014.12.14,https://n.news.naver.com/mnews/article/469/0000036241?sid=110,n0000036241
한국일보,2014.12.14,https://n.news.naver.com/mnews/article/469/0000036179?sid=101,n0000036179
한국일보,2014.12.15,https://n.news.naver.com/mnews/article/469/0000036421?sid=101,n0000036421
한국일보,2014.12.15,https://n.news.naver.com/mnews/article/469/0000036433?sid=103,n0000036433
한국일보,2014.12.15,https://n.news.naver.com/mnews/article/469/0000036500?sid=110,n0000036500
한국일보,2014.12.15,https://n.news.naver.com/mnews/article/469/0000036290?sid=101,n0000036290
,2014.12.15,https://m.entertain.naver.com/article/469/0000036407,m0000036407
한국일보,2014.12.15,https://n.news.naver.com/mnews/article/469/0000036284?sid=101,n0000036284
한국일보,2014.12.15,https://n.news.naver.com/mnews/article/469/0000036296?sid=102,n0000036296
한국일보,2014.12.15,https://n.news.naver.com/mnews/article/469/0000036489?sid=110,n0000036489
한국일보,2014.12.15,https://n.news.naver.com/mnews/article/469/0000036490?sid=110,n0000036490
한국일보,2014.12.16,https://n.news.naver.com/mnews/article/469/0000036549?sid=101,n0000036549
한국일보,2014.12.16,https://n.news.naver.com/mnews/article/469/0000036710?sid=101,n0000036710
한국일보,2014.12.16,https://n.news.naver.com/mnews/article/469/0000036526?sid=101,n0000036526
한국일보,2014.12.16,https://n.news.naver.com/mnews/article/469/0000036650?sid=103,n0000036650
한국일보,2014.12.16,https://n.news.naver.com/mnews/article/469/0000036530?sid=101,n0000036530
한국일보,2014.12.16,https://n.news.naver.com/mnews/article/469/0000036534?sid=102,n0000036534
한국일보,2014.12.16,https://n.news.naver.com/mnews/article/469/0000036713?sid=100,n0000036713
한국일보,2014.12.16,https://n.news.naver.com/mnews/article/469/0000036527?sid=100,n0000036527
한국일보,2014.12.17,https://n.news.naver.com/mnews/article/469/0000036899?sid=101,n0000036899
한국일보,2014.12.17,https://n.news.naver.com/mnews/article/469/0000036813?sid=102,n0000036813
한국일보,2014.12.17,https://n.news.naver.com/mnews/article/469/0000036775?sid=101,n0000036775
한국일보,2014.12.18,https://n.news.naver.com/mnews/article/469/0000037003?sid=102,n0000037003
한국일보,2014.12.18,https://n.news.naver.com/mnews/article/469/0000036994?sid=103,n0000036994
,2014.12.19,https://m.entertain.naver.com/article/469/0000037271,m0000037271
,2014.12.19,https://m.entertain.naver.com/article/469/0000037293,m0000037293
한국일보,2014.12.19,https://n.news.naver.com/mnews/article/469/0000037257?sid=101,n0000037257
