﻿Video_ID,comment_text,comment_likes,comment_date
XIxm1rt1rks,"이노래 가사의 의미를 이해할 사람이 있을까 싶은데, 뭔가 경험하지 않고선 쓸쑤없을것같은 가사다.",285,2020-03-24T09:25:03Z
XIxm1rt1rks,노래에비해안뜸,209,2016-10-21T20:32:03Z
XIxm1rt1rks,김진표 랩은 피쳐링해주는 가수들이랑 조화가 너무 좋은듯...,172,2018-09-22T17:12:06Z
XIxm1rt1rks,2021) 아직도 듣는사람 있나 진짜 내 최애곡.. 가사가 공감되서 더 슬프다,150,2021-04-24T15:49:43Z
XIxm1rt1rks,메탈에테몬 같네,139,2016-11-12T02:34:29Z
XIxm1rt1rks,김진표 재평가 시급...평소에 말만 거칠게했을뿐 정준영이랑 승리처럼 범죄는 안저질렀음...김진표 나쁜사람아님...예전에 아빠어디가에서 중도하차시킨거처럼 나쁜놈 취급하는일은 다시는 없기를...김진표 좋은사람임~~,114,2019-07-24T13:23:16Z
XIxm1rt1rks,너를 처음 만났을 때 모든 게 멈추어 버린듯해. 주위에 들리던 TV도 소리도 모두 꺼진듯해<br>오랜 정적 끝에 너가 웃은듯해. 구태의연하게 말한들 너는 이 기분 이해를 못해.<br>나는 잘 웃지도 나는 말 많지도 여기에 저기에 섞여 누구든 아무랑 잘 어울리지도 내 맘을 쉽게 열지도 <br>않던 난데 믿을지 모르겠지만 그게 난데<br><br>너는 나를 웃게 만들었지.<br>너는 나를 춤을 추게 만들었지<br>너는 나를 수다 떨게 만들었지<br>너는 나를 다시 한 번 꿈을 꾸게 만들었지.<br>너는 나를 영화주인공으로 만들었지<br>너는 나를 행복한 남자로 만들었지.<br>너는 나를 거울 앞에 서게 만들었지<br>넌 나조차도 처음 보는 나를 만들었지.<br><br>나를 다시 웃게 만든 사람 그대죠<br>그런 날 또 울게 만든 것도 그대죠<br>이제 외면해도 그댄 나의 전부죠<br>나 이렇게 아파도 널 다신 볼 수 없어도<br><br>우리 처음 싸운 그날이 나는 또 기억나. 사소한 말다툼에 너무 속상했던 나.<br>그때부터 엇나가다 상처는 계속 덧나 난 겁나 우리 설마 이렇게 쉽게 모든 믿음이 무너졌나<br>고작 이거뿐 이였나 돌릴 순 없나 대체 문젠 뭔가 이렇게 끝난 건가<br>수많은 위기도 기회도 날아가고 딱 한번만 제발 한번만 수없이 외쳐보고<br><br>너는 나를 화나게 만들었지<br>너는 나를 무릎 꿇게 만들었지<br>너는 나를 초라하게 만들었지<br>너는 나를 하염없이 눈물 흘리게 만들었지.<br>너는 나를 소릴 지르게도 만들었지<br>너는 나를 먹지 못하게도 만들었지<br>넌 날 3류 영화 주인공으로 만들었지<br>넌 나조차도 몰랐던 날 계속 만들었지.<br><br>나를 다시 웃게 만든 사람 그대죠<br>그런 날 또 울게 만든 것도 그대죠<br>이제 외면해도 그댄 나의 전부죠<br>나 이렇게 아파도 널 다신 볼 수 없어도<br><br><br>그래 어젠 너무 슬퍼 난 울었지. 너가 나를 정신 나간 놈처럼 만들었지.<br>그날 이후 하염없이 난 술만 늘었지 넌 내가 널 죽도록 보고 싶게 만들었지.<br>노랠 만들었지. 널 위해 난 불렀지. 아무리 불러도 너는 절대 나의 옆엔 없지.<br>넌 나를 너 없이는 안되게 만들어 버렸고 몇만 번 네 이름만 부르게 만들었지<br><br>나를 다시 숨쉬게 한 사람 그대죠<br>그런 날 또 괴롭히는 것도 그대죠<br>이런 날 그대만 바보같이 모르죠<br>난 너 없이는 안돼 아직도 난 널 사랑해<br>나를 다시 웃게 만든 사람 그대죠<br><br>이제 외면해도 그댄 나의 전부죠<br><br><br>너는 나를 무너지게 만들었지.<br>너는 나를 말이 없게 만들었지.<br>너는 나를 혼자 있게 만들었지<br>너는 나를 술에 취해 운전하게 만들었지<br>너는 나를 추억 속 에 살게 만들었지<br>너는 나를 숨쉴 수 없게도 만들었지.<br>넌 날 사랑 따윈 못하게도 만들었지<br>너는 나를 너는 나를,110,2015-01-10T02:53:47Z
XIxm1rt1rks,2024 년 에 들어도 너무 좋음,102,2024-01-24T06:01:47Z
XIxm1rt1rks,진정한 천재다..들을때마다 눈물난다,97,2016-09-26T10:23:04Z
XIxm1rt1rks,난 김진표라는 사람이 별로다 그치만 김진표라는 사람의 노래는 도저히 싫어할 수가 없다,67,2016-12-13T05:32:20Z
XIxm1rt1rks,구태의연하게 말한들 너는 이 기분 이해를 못해,58,2016-06-02T12:21:05Z
XIxm1rt1rks,2019?,46,2019-09-21T04:25:09Z
XIxm1rt1rks,와 귀에 쏙쏙 박히는거 봐라..와..,43,2018-06-12T09:19:18Z
XIxm1rt1rks,가사가진짜 예술이네ㄷ,42,2013-08-06T07:47:15Z
XIxm1rt1rks,대체 몇 년 전 곡인데 이제 와서 나를 때리는건지,42,2019-10-30T06:17:22Z
XIxm1rt1rks,김진표 진짜 개멋짐,38,2016-10-04T13:45:51Z
XIxm1rt1rks,정형적인 은둔한 한남자가 활기찬 여자를 만나 행복한 일상을 꿈꾸게 되었다 그건 어느새 집착이었고 복선이 휘감았다 결론은 사랑이란 감정에 휩쓸렸는데 상대방은 금방 겨울왕국,37,2020-05-07T18:44:14Z
XIxm1rt1rks,헤어지고들으니까 너무 슬픈곡,32,2019-10-27T21:37:53Z
XIxm1rt1rks,요즘 나오는 싱잉랩도 좋지만 결국 오래 들을정도로 찾게 되는 곡은 1~2세대 네임드 래퍼들 감성랩인듯... 그 중에 하나가 김진표도 포함,31,2021-12-04T08:00:22Z
XIxm1rt1rks,사회 또는 내 자신이 삶의 중심이였는데 정말 사랑하는 그 사람 만나고 그 사람이 내 삶의 중심이 되고 내 행동 모든게 그 사람 색깔로 물든 삶에서 딱 떨어져 나갔을때 그때 그 기억이랑 너무 똑같아서 아련하면서 좋아하는 인생곡중 하나,24,2021-04-02T19:19:49Z
XIxm1rt1rks,진표형님 정말 랩하는 모습 너무 멋짐,17,2020-06-26T23:03:22Z
XIxm1rt1rks,몇년이 지나도 듣게 되는 곡이 아닐까 싶다 ..!,16,2021-06-17T05:55:14Z
XIxm1rt1rks,사랑하는 강아지를 떠나보낸후 듣고있는대 밖인대 미친듯이 울엇다,15,2019-12-04T03:39:03Z
XIxm1rt1rks,아따 노래 좋네요.좀비도 좋던데<br>탑기코도 재밌재 잘보고있고,14,2015-02-01T07:43:37Z
XIxm1rt1rks,너는 나를 웃게 만들었지.<br>คุณ​ทำให้ฉันยิ้ม<br>너는 나를 춤을 추게 만들었지<br>คุณ​ทำให้ฉันลุกขึ้นมาเต้น<br>너는 나를 수다 떨게 만들었지<br>คุณ​ทำให้ฉันต้องพูดเหลวใหล<br>너는 나를 다시 한 번 꿈을 꾸게 만들었지.<br>คุณ​ทำให้ฉันทีความฝันอีกครั้ง<br>너는 나를 영화주인공으로 만들었지<br>คุณทำให้ฉันเหมือน​ซุปเปอร์​ฮีโร่​ในภาพยนตร์​<br>너는 나를 행복한 남자로 만들었지.<br>คุณ​ทำให้ฉันเป็นคนมีความสุข<br><br>너는 나를 화나게 만들었지<br>คุณทำให้ฉันโกรธ<br>너는 나를 하염없이 눈물 흘리게 만들었<br>คุณ​ทำให้​ฉัน​ น้ำตาใหลออกมา<br>너는 나를 먹지 못하게도 만들었지<br>คุณ​ทำให้ฉัน​ ไม่อยากกินอะไร<br><br>너는 나를 무너지게 만들었지.<br>คุณ​ทำลายชีวิตฉัน<br>너는 나를 말이 없게 만들었지.<br>คุณ​ทำให้ฉัน​ พูดไม่ออก<br>너는 나를 혼자 있게 만들었지<br>คุณ​ทำให้ฉันต้องอยู่คนเดียว<br><br>너는 나를 추억 속 에 살게 만들었지<br>คุณ​ทำให้ฉัน​ มีชีวิต​อยู่​ในความทรงจํา​<br>너는 나를 숨쉴 수 없게도 만들었지.<br>คุณ​ทำให้ฉัน​ ไม่สามารถ​มีลมหายใจ<br>넌 날 사랑 따윈 못하게도 만들었지<br>คุณ​ทำให้ฉันรัก​ ยากมากขึ้น​<br><br>너는 나를 너는 나를<br>ฉันก็คือคุณ​ คุณ​ก็คือฉัน,12,2019-09-01T02:53:20Z
XIxm1rt1rks,"<a href=""https://www.youtube.com/watch?v=XIxm1rt1rks&amp;t=98"">1:38</a> 눈 깜빡거림",11,2019-05-01T08:57:24Z
1XQGoi5zWIM,미혼남녀들에게 격려글올립니다.  사랑의아픔은 감기입니다.  그때만 아프고나면 나중에는 기억조차 안나거든요.  대신 시련때문에 꿈을 위한 노력을 멈추면 그시련은 상처로 남습니다.  경험자의위로,336,2016-04-10T23:01:47Z
1XQGoi5zWIM,라디오스타 보고 들으러 왔어요!!,137,2024-07-07T17:43:12Z
1XQGoi5zWIM,진짜 이 노래 만드신 작곡 작사가분들 그리고 어반자카파 너무 고마워요. 이처럼 저를 위로해주는 노래가 없네요.,104,2017-09-04T12:04:13Z
1XQGoi5zWIM,흘러가던 강물도 돌고 돌아 다시 만나게 된다면 그건 인연이겠지.,93,2018-06-20T04:59:38Z
1XQGoi5zWIM,참 많이 울었죠 그대 맘 다 알아요<br>어제도 그대 울 생각에 많이 염려했어요<br>더 울게 될 거예요 그대에겐 아직도 <br>많은 만남들이 있다는 걸 그대 알아두기를<br><br>꼭 당신이 아니더라도 더 좋은 누군가라도<br>흐르는 강물에 지나지 않아요<br>하지만 우리는 평생 흐르는 강물을 붙잡으며 살아갈 거예요 <br>이해할 수 없는 그대 그대도 나를 절대 이해할 수 없죠<br><br><br>많이 힘들겠죠 나도 알고 있어요<br>하지만 지금 우리 사이 받아들여야 해요<br>조금 더 만난다 해도 우린 그대로일 거예요<br>그러니 그대 두려워 마요 괜찮아질 거야<br><br>꼭 당신이 아니더라도 더 좋은 누군가라도<br>흐르는 강물에 지나지 않아요<br>하지만 우리는 평생 흐르는 강물을 붙잡으며 살아갈 거예요 <br>이해할 수 없는 그대 그대도 나를 절대 이해할 수 없죠<br><br><br>혹 당신이 이해한대도 세상을 버린다 해도<br>시간이 지나면 알 거라 믿어요 <br>그리고 그대는 다시 아프고도 예쁜 추억들을 만들어 갈 테죠<br>이해할 수 없는 것은 이해하지 않고 그저 믿어주면 되죠,89,2015-01-30T00:12:47Z
1XQGoi5zWIM,저도 라디오스타보고 ㅋㅋㅋ 조현아를  &#39;쓰레기&#39;로 만든 곡 들으러 왔습니다,52,2024-07-08T09:57:58Z
1XQGoi5zWIM,오빠가 이 노래를 듣고 있을까?<br>나도 많이 울고 있어<br>내가 오빠를 잡지 않은 이유는 우리가 다시 사랑을 해도 우리는 관계가 반복될 걸 알아서야.<br>그래서 우리 사이를 받아들여야 한다는 걸 알고 있어.<br>오빠 상태메시지가 내가 만약 보고싶어한다면 언제든 돌아와달라는 뜻인 걸 알고 있지만 현실안에 서로를 위해 나는 애써 마음을 잡고 있어.<br>오빠도 좋은 사람을 찾기를 바랄게.,50,2018-01-17T06:05:23Z
1XQGoi5zWIM,참 많이 울었죠 그대 맘 다 알아요 <br>어제도 그대 울 생각에 많이 염려했어요 <br>더 울게 될 거예요 그대에겐 아직도 <br>많은 만남들이 있다는 걸 그대 알아두기를 <br><br>꼭 당신이 아니더라도 더 좋은 누군가라도 <br>흐르는 강물에 지나지 않아요 <br>하지만 우리는 평생 흐르는 강물을 붙잡으며 살아갈 거예요 <br>이해할 수 없는 그대 그대도 나를 절대 이해할 수 없죠 <br><br><br>많이 힘들겠죠 나도 알고 있어요 <br>하지만 지금 우리 사이 받아들여야 해요 <br>조금 더 만난다 해도 우린 그대로일 거예요 <br>그러니 그대 두려워 마요 괜찮아질 거야 <br><br>꼭 당신이 아니더라도 더 좋은 누군가라도 <br>흐르는 강물에 지나지 않아요 <br>하지만 우리는 평생 흐르는 강물을 붙잡으며 살아갈 거예요 <br>이해할 수 없는 그대 그대도 나를 절대 이해할 수 없죠 <br><br><br>혹 당신이 이해한대도 세상을 버린다 해도 <br>시간이 지나면 알 거라 믿어요 <br>그리고 그대는 다시 아프고도 예쁜 추억들을 만들어 갈 테죠 <br>이해할 수 없는 것은 이해하지 않고 그저 믿어주면 되죠,46,2016-08-24T07:28:19Z
1XQGoi5zWIM,꼭 당신이 아니더라도 더 좋은 누군가라도 흐르는 강물에 지나지 않아요 / 누군가에겐 흐르는 강물 누군가에겐 깊이를 알 수 없는 웅덩이.,43,2020-06-26T17:21:22Z
1XQGoi5zWIM,사랑이 끝나고 이별을 했을 때<br>지나간 사랑에 미련두지말고<br> 자신을 좀 더 사랑해보세요<br>상대방에게 준 사랑만큼 자기자신에게도<br>그만큼의 사랑을 줄 수 있는<br>여유를 가져보세요,40,2019-03-22T06:27:01Z
1XQGoi5zWIM,"사실 돌고돌아 다시 만나면 인연이겠지, 나중에라도 다시 만나면 되지 이런 생각하는거 핑계인거 알아<br>받아들일건 받아들여야지.. 그치만 정말 인연이 있고 언젠가 다시 닿을 인연이라면<br>우리가 그 인연이었으면 좋겠어 정말로",40,2018-08-15T05:56:05Z
1XQGoi5zWIM,라디오스타 보고 성지순례왔습니다,39,2024-07-06T08:27:24Z
1XQGoi5zWIM,참 많이 울었죠 그대 맘 다 알아요 <br>어제도 그대 울 생각에 많이 염려했어요 <br>더 울게 될 거예요 그대에겐 아직도 <br>많은 만남들이 있다는 걸 그대 알아두기를 <br><br>꼭 당신이 아니더라도 더 좋은 누군가라도 <br>흐르는 강물에 지나지 않아요 <br>하지만 우리는 평생 흐르는 강물을 붙잡으며 살아갈 거예요 <br>이해할 수 없는 그대 그대도 나를 절대 이해할 수 없죠 <br><br><br>많이 힘들겠죠 나도 알고 있어요 <br>하지만 지금 우리 사이 받아들여야 해요 <br>조금 더 만난다 해도 우린 그대로일 거예요 <br>그러니 그대 두려워 마요 괜찮아질 거야 <br><br>꼭 당신이 아니더라도 더 좋은 누군가라도 <br>흐르는 강물에 지나지 않아요 <br>하지만 우리는 평생 흐르는 강물을 붙잡으며 살아갈 거예요 <br>이해할 수 없는 그대 그대도 나를 절대 이해할 수 없죠 <br><br><br>혹 당신이 이해한대도 세상을 버린다 해도 <br>시간이 지나면 알 거라 믿어요 <br>그리고 그대는 다시 아프고도 예쁜 추억들을 만들어 갈 테죠 <br>이해할 수 없는 것은 이해하지 않고 그저 믿어주면 되죠,39,2019-11-14T05:58:44Z
1XQGoi5zWIM,"밤에 강 위에 뜬 <br>예쁜 보름달 사진 찍고<br>내려오는 차안에서<br><br>너가 듣고 싶다 했던 노래<br>그때 나는 아까 보름달에 비친<br>강이랑 어울리는 노래라고 했었지<br><br>너가 나한테 하고 싶은 말인줄 그때는 몰랐어<br><br>시간이 지나고 <br>헤어지자는 이유를 말하지 않은 너..<br>너를 위해 그리고 우리를 위해 <br>더이상 묻지 않았고<br>우리는 함께 울면서 헤어졌어<br><br>한동안 밥도 못먹고 잠도 못자고 일도 못하겠고 정말<br>힘들었는데, 이제는 조금 익숙해졌어<br><br>웃는 얼굴이 정말 예뻤던 너<br>좋은사람 만나서<br>앞으로 누구보다 더 행복하길 바랄게<br>사랑했어",36,2021-04-03T18:58:58Z
1XQGoi5zWIM,"이해할 수 없는 것은, 이해하지 않고 그저 믿어 주면 되죠.",35,2018-05-13T01:09:51Z
1XQGoi5zWIM,정말 좋아하는 여자가 추천해줬던 노래예요 아침에 출근길에 들었는데 하늘이 노랗게 보인다는게 어떤건지 그때 처음 알았어요,31,2020-08-03T23:22:37Z
1XQGoi5zWIM,진짜 리버는 가사가 예술임 ㅠㅠㅠㅠㅠㅠ,25,2021-11-25T01:32:20Z
1XQGoi5zWIM,눈물이 흘러 흘러 두만강을 이룹니다....,25,2017-04-08T09:41:19Z
1XQGoi5zWIM,꼭 당신이 아니더라도 더 좋은 누군가라도 흐르는 강물에 지나지 않아요... 가사가 넘 슬프다...하지만 위로가 된다 고마워요 좋은 노래 불러줘서,24,2016-12-04T15:39:45Z
1XQGoi5zWIM,좋은 사람만나서 행복했으면 좋겠다 너도 나도,21,2020-02-10T16:54:25Z
1XQGoi5zWIM,들을때마다 눈물나서 죽겟다 이노랜,14,2019-04-02T16:34:17Z
1XQGoi5zWIM,6년전 짝사랑을 접으면서 엄청 들었던 노래 정말 오랜만에 들어보네요.,11,2019-07-03T13:22:51Z
1XQGoi5zWIM,"이별이 시작되면 에너지 보존의 법칙도 시작된다.<br>우선 책임전가, 나 아니면 상대, 이분법적이다. <br>분노 혹은 자기정당화에 빠진다. 자신감이 떨어져있기에 이런 노력을 한다.<br>누구나 쉽게 자신을 가장 불쌍히 여기기 때문에 현실도피, 무기력증에 대한 정당화, 주위 인간들의 격려와 위로를 호소, 새로운 취미, 충동적 행동(긴 여행, 퇴사 등등)으로 자신이 잃은 에너지를 되찾으려 여러 노력을 한다.<br>그리고 그것이 어느정도 채워지지만 결국 변질된 에너지이기 때문에 온전하게 상처받지 않은 나로 돌아갈 수는 없다. 다만 도피하거나 자위를 하며 살아간다.<br><br>이게 어느정도 일반화이고 불편하셨으면 미안, 내가 말하고 싶은 건 그렇기에 우리들이 이별을 받아들이는 자세가 얼마나 중요한지, 된 사람이란 같은 결과에서 &#39;인정&#39;할 줄 알고 나아가려 하는 사람들인 것 같다는 내 지극히 개인적인 생각.",11,2019-02-15T09:18:59Z
OUtrbc7oids,첫사랑이 알려줬던 노래..,153,2015-05-22T04:38:22Z
OUtrbc7oids,초딩 때 들으면서 든 생각은 멜로디가 좋다는 거였는데 지금 스무살 앞두고 들어보니까 가사가 와닿는다 10년 후면 더 와닿겠지..?,94,2017-11-12T06:27:39Z
OUtrbc7oids,10년 만에 다시 듣는데 미치도록 좋다,75,2022-08-09T03:13:42Z
OUtrbc7oids,아직 있을까요?.....,73,2024-08-05T14:16:34Z
OUtrbc7oids,지금 들으니까 가사가 참 현실적이라는 것을 깨달음.,34,2016-08-20T16:09:38Z
OUtrbc7oids,이 노래 덕분에 평행세계도 알게 되고 싸이월드 비지엠까지 지르고 말았었지 ㅠㅠ 이 때까지만 해도 조현아가 누군지도 몰랐고 더콰이엇도 비솝도 누군지도 모르고 버벌진트만 알고 노래 자체가 좋아서 들었는데 이제서야 보니 더콰이엇도 참여했다는 걸 알게 됐네 ㅋㅋㅋㅋㅋㅋ,32,2019-12-07T18:42:16Z
OUtrbc7oids,집으로 와 올 때 칫솔 꼭 가지고 와,32,2018-11-26T15:14:56Z
OUtrbc7oids,이곡이 더콰 최고의 랩. 발음이나 전달력이 지금보다 훨씬 더 좋음. 소컴 시절부터 더콰 좋아하던 사람들은 지금 더콰 랩스타일에 아쉬워 할것 같음.,28,2020-11-12T14:30:09Z
OUtrbc7oids,씹 사춘기때 듣던노래 찾았다 몇년만이냐 ㅋㅋㅋㅋㅋㅋ,21,2020-04-30T16:59:16Z
OUtrbc7oids,세상은 변했지만 이 노랜 그대로 듣기좋네요,20,2020-05-28T17:17:13Z
OUtrbc7oids,더콰이엇 벌스 쥑이노,19,2018-11-30T18:30:38Z
OUtrbc7oids,내 고딩때 베프 컬러링.... 노래가 너무 좋아서 일부러 노래들으려고 전화걸고 전화받으면 왜받냐고 화내고 ㅋㅋㅋㅋㅋㅋ<br>그리고 노래방 가면 무조건 한번씩은 불러서 친구들은 노래 들어본적도 없는데 같이부를수 있는 정도가 되어버린 노래 ㅠㅠㅠㅠ 내최애곡,18,2019-08-20T16:11:53Z
OUtrbc7oids,젤 좋아하는 노래,17,2015-10-02T12:53:38Z
OUtrbc7oids,친구들아 이제 다  직장들어갔구나. 니들 고등학교때 매일 학교마치고 피시방가고 노래방갔던 추억들을 이노래를 들으면서 되새겨본다. 우리 그때 꼭성공해서 다시보자고.. 다짐했었잖냐. 졸업식을 마지막으로 각자  대학가고 창수 니놈은 하고싶은거 한다고 뿔뿔이 지방으로 다흩어져서 얼굴못본지 꽤된것같다. 오랜만에 뭉치자!,17,2018-02-15T13:12:41Z
OUtrbc7oids,싸이 비지엠이였고 핸드폰 바꿀때마다 제일 먼저 넣었던 곡ㅎ 지인짜 오랜만에 듣는데도 좋다,16,2021-09-20T17:32:03Z
OUtrbc7oids,여자목소리 씹 오진다 노래 지린다,15,2015-11-02T15:42:45Z
OUtrbc7oids,30대 되니까 다르게 들리는 노래,14,2023-12-04T23:28:32Z
OUtrbc7oids,노래 좋으네... 남자친구 자체도 없었지만 그냥 있었던것처럼 반갑네,12,2020-05-10T07:41:51Z
OUtrbc7oids,"진짜 노래 좋은데 아무도 몰라서 주변사람들한테 홍보중,,",12,2019-04-22T13:38:57Z
FZrvYHw427Y,박진영은 가끔 말도 안되게 좋은 노래를 만들곤 하지. 그중에 하나가 이 곡이라 생각한다,195,2016-08-26T21:36:10Z
FZrvYHw427Y,박진영 노래중에 이게 젤좋다진짜. 생각보다 노래가 안뜸 진짜좋은데,93,2017-06-23T18:06:20Z
FZrvYHw427Y,개명곡 .... 작사를 너무 잘했음,80,2017-12-20T04:31:42Z
FZrvYHw427Y,2020년에도 듣는사람? 이거 개띵곡인데 생각보다 안뜬게 참 신기,59,2020-07-11T15:35:07Z
FZrvYHw427Y,조현아는 혼성으로 노래할때 진짜 빛나는 목소리인거같음,40,2017-02-25T08:40:35Z
FZrvYHw427Y,아 진짜 조현아 짱인거 같다,29,2014-12-21T07:01:36Z
FZrvYHw427Y,조현아가 얼마나 명품 보컬인지 보여주는 영상이다 <br>조현아 음색만으로 듣고싶어지는 노래가되다니,25,2019-04-26T14:42:47Z
FZrvYHw427Y,진짜 힐링된다 이노래...가사..,21,2016-12-12T04:53:49Z
FZrvYHw427Y,박진영 노래는 가사가 참 좋다,16,2015-12-26T12:54:35Z
FZrvYHw427Y,Money Fame Love<br>Now I see <br>재벌은 되지 못 했지만 <br>세상 좋은 것들 맛 봤고 <br>최고라곤 할 순 없지만 <br>박수도 많이 받았지 <br>조금만 더 가면 행복이 <br>있을 것 같아서 <br>부지런히 오르고 올랐지만 <br>돈 명예 사랑 중에 <br>사랑이 제일 낫더라 <br>사랑이 제일 낫더라 <br>사랑이 제일 낫더라 <br>돈 명예 사랑 중에 <br>사랑이 제일 낫더라 <br>사랑이 제일 낫더라 <br>사랑이 제일 낫더라 <br>채우면 채울수록 <br>왜 빈 공간은 더 커지는지 <br>가까이 가면 갈수록 <br>왜 점점 더 멀어지는지 <br>마음이 뭘 원하는 건지 <br>왜 나도 모르는지 <br>부지런히 찾고 찾아보지만 <br>돈 명예 사랑 중에 <br>사랑이 제일 낫더라 <br>사랑이 제일 낫더라 <br>사랑이 제일 낫더라 <br>돈 명예 사랑 중에 <br>사랑이 제일 낫더라 <br>사랑이 제일 낫더라 <br>사랑이 제일 낫더라 <br>Love <br>wanna live for love <br>wanna live for love <br>and everlasting love <br>Love <br>wanna live for love <br>wanna live for love <br>and everlasting love <br>열정이 시키는 대로 살았지 <br>무엇을 얻게 될지도 몰랐던 땐 <br>트로피 와 감투 몇 개의 적금 <br>그르렁대는 외제차에 올라탔네 <br>돈과 명예 <br>그 연기 같은 매력에 매료돼 <br>결국 마음에 매연이 돼 <br>그을려진 내 모습은 <br>짐승과 인간 사이 어디쯤 <br>머리부터 발끝까지 씻겨줄 <br>당신의 품 I need that <br>돈 명예 사랑 중에<br>사랑이 제일 낫더라<br>사랑이 제일 낫더라<br>사랑이 제일 낫더라<br>돈 명예 사랑 중에<br>사랑이 제일 낫더라<br>사랑이 제일 낫더라<br>사랑이 제일 낫더라,16,2017-01-13T13:55:50Z
InuQB6gacAo,사랑하면 안돼요<br>다가가면 안돼요<br>왜 사랑하면 멀어지나요<br>한발자국도 갈 수 가 없네요<br>잊을 수 가 없네요<br>그자리에 멈춰서 울면서 기다리는데<br>사는게 사는게 아니야<br>왜 너를 사랑하게 됬는지<br>그리움믄 자꾸 커져서<br>차마 잊을 수 가 없어서<br>난 아직도 그대 만을 사랑하고 있어요<br><br>그리움이 커지면 생각이 많아져서<br>손에 잡히는게 없나봐<br>갈수있다면 가는 사랑도<br>아니 멀리 여행도 다해보고 싶지만<br>그대가 떠나질않아<br>사는게 사는게 아니야<br>왜 너를 사랑하게 됬는지<br>그리움만 자꾸 커져서<br>차마 잊을 수 가 없어서<br>난 아직도 그대 만을 사랑하고 있어요<br><br>한 순간도 못 잊을사람<br>그대만을 사랑해요 사랑해요<br>사랑해 내가 사는동안<br>오직 그대만 사랑한다고<br>눈물나게 사랑하지만<br>오히려 번지게 될까봐<br>늘 뒤에서 그대 만을 바라보고 있어요<br>사랑해 내가 사는 동안,13,2016-10-14T09:01:52Z
QhbTh-_pvgc,미친 기름진오잌ㅋㅋㅋㅋㅋㅋㅋㅋㅋㅋㅋㅋㅋ,58,2014-05-25T10:14:21Z
QhbTh-_pvgc,미친ㅋㅋㅋㅋㅋㅋㅋㅋㅋㅋㅋㅋㅋ댓글ㅋㅋㅋㅋㅋㅋ기름진오이래ㅋㅋㅋㅋㅋㅋㅋ아낰ㅋㅋㅋㅋㅋㅋㄱㅋㅋㅋㅋㅋㅋㅋ,40,2015-01-14T09:52:28Z
QhbTh-_pvgc,노래도 너무 좋은데 경이오빠가 수트?입은거 사랑스럽ㄷ..,30,2016-04-20T12:49:25Z
QhbTh-_pvgc,마이크에서 자꾸 뿌직소리남,29,2014-02-28T05:50:58Z
QhbTh-_pvgc,근데경이는왜맨날아잇하는거짘ㅋㅋㅋㅋ귀엽다,24,2013-12-01T14:43:11Z
QhbTh-_pvgc,마이크 상태..,23,2016-06-13T14:24:57Z
QhbTh-_pvgc,오ㅐ 나는 그냥 귀엽기만하지..❤,20,2016-09-05T10:17:03Z
QhbTh-_pvgc,지호무대보다가경이보면진심같음ㅋㅋㅋㅋㅋㅋㅋㅋㅋ<br>진심으로잘해ㅋㅋㅋㅋㅋㅋ흑발진리,19,2015-02-01T08:37:14Z
QhbTh-_pvgc,경이가 쏘아올린 작은 공 <br>사재기 다 뒤없자,18,2019-12-08T08:38:59Z
QhbTh-_pvgc,현아님 키진짜작으시구나...ㅎ,17,2016-10-16T16:35:23Z
QhbTh-_pvgc,I could watch this forever.,16,2013-11-30T05:45:27Z
QhbTh-_pvgc,경아ㅠㅠㅠㅠㅠㅠ 너무섹시하다ㅠㅠㅠ 너무이쁘다.. ㅠㅠㅠㅠㅠㅠㅠ,14,2016-08-09T02:47:16Z
QhbTh-_pvgc,크 갓현아ㅠㅠ,13,2017-10-06T04:41:40Z
QhbTh-_pvgc,계속웃냐ㅠㅜㅋㅋㅋㅋ 개귀엽네ㅜㅠㅜ<br>근데 마이크상태가ㅜㅜㅜ,13,2017-11-12T13:15:56Z
QhbTh-_pvgc,비비가 부르는거 듣고 온사람,13,2019-02-02T14:31:50Z
QhbTh-_pvgc,Wow kyung is one greasy cucumber lol I love him to bits bless him ,13,2014-03-06T01:10:19Z
QhbTh-_pvgc,아 진짜 현아 언니 목소리는 파워풀한데 얼굴 귀여워ㅓ요ㅠㅠㅠㅠㅠㅠㅠㅠㅠㅠㅠㅠㅠ짱!,11,2014-12-14T08:17:36Z
QhbTh-_pvgc,잘못보고 박경 하이힐 신은줄...괜찮아 잘생겼잖아..,11,2016-01-14T16:28:32Z
8TfVWKFclfQ,이노랜 진짜 개쩌는 곡인데 왜케 안떴지,14,2018-11-18T11:21:35Z
8TfVWKFclfQ,Ohhhh! I recognize him from Infinity Challenge.<br>R&amp;B King :D,14,2013-11-07T00:46:11Z
P-kmjsm_AB8,최재만 그립다<br>최재만 나간후로 이런스타일의 노래가 안나옴 ...<br>맨날 잔잔한 노래.. 이런노래좀 만들어줘요 ㅠ,109,2016-07-03T16:18:09Z
P-kmjsm_AB8,앞부분 최재만님파트가 젤좋아,82,2020-03-27T04:14:10Z
P-kmjsm_AB8,"쵀재만님 왜 나간거임...ㅠㅠㅠㅠㅠㅠㅠㅠㅠㅠㅠ
맨 첨에 진짜 너무 좋다",55,2013-08-14T08:50:24Z
P-kmjsm_AB8,최재만씨 진짜 목소리 원탑 ㅠㅠ,41,2019-12-14T15:51:40Z
P-kmjsm_AB8,아 처음 노래 시작한분 나가신거군요ㅠㅠ,38,2016-01-02T17:06:10Z
P-kmjsm_AB8,조현아 줄게 보고 충격 받아서 여기까지 왔습니다,29,2024-07-13T11:06:09Z
P-kmjsm_AB8,ㄹㅇ 처음 나온 사람 목소리 듣고 이 노래 좋아했던 거고 어반자카파 좋아했던건데 이 사람이 나감 슈밤 ㅠ,25,2020-03-28T06:24:05Z
P-kmjsm_AB8,"이 노래 첫소절 남자보컬이셨던 최재만님은 4월25일에 Complicated라는 솔로 앨범 내셨다고합니다! 노래존좋!!<br><br>Choi Jaeman, the male vocal in FIRST PART, released his NEW SOLO ALBUM &quot;COMPLICATED&quot; on 25th April!! ;)",24,2017-04-26T18:02:42Z
P-kmjsm_AB8,100만불짜리 도입부다 ㄹㅇ,19,2021-04-21T17:54:50Z
P-kmjsm_AB8,최재만씨는 당시에 교회 사역일로 인해서 팀에서 탈퇴하신겁니다!,18,2017-03-03T16:37:56Z
P-kmjsm_AB8,들으면 이상하게 풋풋한 대학생 새내기 시절이 그려지는 노래,17,2021-02-24T04:11:18Z
P-kmjsm_AB8,최재만,17,2013-08-03T07:49:19Z
P-kmjsm_AB8,대박 목소리..,14,2013-11-10T11:31:52Z
P-kmjsm_AB8,참 좋네요 어반자카파 영상 많이 올려주세요...... 고화질로,12,2015-02-07T08:41:38Z
P-kmjsm_AB8,옛날에는 윤형빈도 같은 멤버였네요,12,2018-10-16T15:45:59Z
KnUE6yGR0Fg,모델제의 두번 받아봤데 ㅋㅋㅋㅋㅋㅋ,150,2018-05-01T10:39:30Z
KnUE6yGR0Fg,키는 우월한데 얼굴은 빈데 벼룩같이 생겼다.,149,2018-04-15T13:39:33Z
KnUE6yGR0Fg,가증스럽다.  직원한테 하듯이 소리 꽥꽥 질러봐라.  방송에서도.,148,2018-04-19T14:30:55Z
KnUE6yGR0Fg,왜 이렇게 흐느적 대는거 같냐 말투도 그렇고 ;좀 똑바로 발음 좀 해라 어우 듣기싫어,126,2018-04-15T21:22:23Z
KnUE6yGR0Fg,직원이 얘보고 키 크다고 하면 다른 부서로 보냈다던데.,83,2018-04-19T14:31:46Z
KnUE6yGR0Fg,도대체 일케 교양있고 예쁘고 솔직한 lady가 어떡케?....사업회의시간에 고함 + 악 을 쓰며 회의를? .....,74,2018-04-15T15:57:05Z
KnUE6yGR0Fg,"<a href=""https://www.youtube.com/watch?v=KnUE6yGR0Fg&amp;t=91"">1:31</a> 저때  밧줄이 끊어졌어야 했는데....아쉽다.",72,2018-04-19T03:27:28Z
KnUE6yGR0Fg,샤우팅 순위 이명희&gt;&gt;&gt;&gt;&gt;&gt;&gt;&gt;&gt;조현아&gt;&gt;&gt;&gt;조현민 솔까 조현민은 두사람에 비해 귀여운 수준 ㅋㅋㅋ 오디소~ ㅋㅋㅋ,69,2022-08-24T08:54:56Z
KnUE6yGR0Fg,근데 한진 식구들은 왜 나이에 비해 다들 삭아보일까..<br>하도 화를 많이 내어서 호르몬 분비+주름 때문인건지… 재벌이면 피부 관리도 엄청 할텐디,46,2021-12-28T10:52:20Z
KnUE6yGR0Fg,모델제의 두번 받았을때 왠지 내가 누군줄 아세요?? 아시고 그러는거냐고 너네회사 어디냐고 따졌을듯 한데ㅋㅋㅋ,38,2021-01-16T01:44:32Z
KnUE6yGR0Fg,하회탈 닮으셨야요 ㅎㅎ,36,2023-12-09T09:30:47Z
KnUE6yGR0Fg,모델같은 소리하고 있네... 구역질 나온다,34,2018-04-16T08:01:07Z
KnUE6yGR0Fg,이때는 평이 좋은사람이 지금은 세상으로부터<br>손가락질받는 사람이 됐으니..,31,2022-09-22T14:56:27Z
KnUE6yGR0Fg,딕션 왜저래? 조현아는 딕션 좋던데ㅋㅋㅋㅋㅋㅋㅋ,29,2021-07-19T10:14:44Z
KnUE6yGR0Fg,딱 봐도 똘끼가 보이네,28,2018-04-26T14:54:02Z
KnUE6yGR0Fg,우월을 두번하다간 ...,26,2018-04-23T03:25:33Z
KnUE6yGR0Fg,얼굴에 짜증이 붙어있네. 미국사람이며 한국말 잘하네. 한진 국민 세금으로 공적자금 받은거나 토해내라,26,2018-04-24T17:13:47Z
KnUE6yGR0Fg,소름돋는여자,25,2021-05-16T02:19:21Z
KnUE6yGR0Fg,와 거울 안 보고 사나보다 ㄷㄷ <br>지 입으로 스스로를 우월 어쩌고 어이없네,21,2023-01-01T15:06:39Z
KnUE6yGR0Fg,근데 솔직히 인성 논란 떠나서 일은 잘하는거 같은데 한진 실적이 잘나오더만;;,21,2021-11-17T00:15:17Z
KnUE6yGR0Fg,내가 왜 이런여자한테 매력을 느끼지?ㅜㅜ,20,2021-06-28T17:17:32Z
KnUE6yGR0Fg,참나 ㅋㅋㅋ 광고도 대한항공 광고네 이걸 방송이라고 찍은 제작자도 참 ㅉㅉ,17,2015-01-31T05:15:10Z
KnUE6yGR0Fg,저거 촬영할때 왜 한사람도 가위로 자를 생각을 하지 않았을까?,15,2018-04-23T05:59:42Z
KnUE6yGR0Fg,솔직히 매력있다 박력있고<br><br>난 쎈 사람이 좋아 ㅋㅋ,15,2021-09-11T04:18:02Z
KnUE6yGR0Fg,말투 가증 스러움,14,2018-05-01T03:49:56Z
KnUE6yGR0Fg,저 여인처럼 기가 센 여자는 황홀하게 삥가는 밤일 몆번 해주면...제대로 된 여자 되는데. 연락줘라. 여자로 만들어 준다. 사례금 필요없다.<br><br>황홀한 밤일을 겪어보지 못했기에 성격이 좀 틀어진 거야. 큰 어려운 거 아니다.,14,2019-12-26T11:32:14Z
KnUE6yGR0Fg,양정아가 더 예쁘다,13,2019-12-29T03:32:38Z
KnUE6yGR0Fg,어케 저렇게 생겨서 무슨 모델제의래 ㅋㅋ,12,2022-03-20T15:18:15Z
KnUE6yGR0Fg,방송에선 순해보이는데...실제와 방송은 다른가보네,12,2021-08-02T11:17:16Z
K6_GA1-vAMk,한영애의 필은 진짜다..<br>,21,2014-02-28T09:27:38Z
K6_GA1-vAMk,조현아님 노래듣고 와....잘한다 하다가 한영애님 노래들으니 그냥 생각이 없어짐 .... 연륜일까요? 사랑에빠지겠습니다. 제스춰하나하나가 명품...,19,2014-06-11T03:34:03Z
K6_GA1-vAMk,현아씨 노래에 빠지셨다고 칭찬해 주시지만.. <br>당신의 목소리는 정말 푹 빠지게 하네요...,12,2013-12-05T08:09:14Z
