Office,Date,Link,Identity
경향신문,2021.03.25,https://n.news.naver.com/mnews/article/032/0003065946?sid=103,n0003065946
,2021.03.25,https://m.entertain.naver.com/article/032/0003065915,m0003065915
국민일보,2021.03.25,https://n.news.naver.com/mnews/article/005/0001423766?sid=103,n0001423766
,2021.03.25,https://m.entertain.naver.com/article/005/0001423952,m0001423952
국민일보,2021.03.25,https://n.news.naver.com/mnews/article/005/0001423831?sid=103,n0001423831
,2021.03.25,https://m.entertain.naver.com/article/005/0001423691,m0001423691
동아일보,2021.03.24,https://n.news.naver.com/mnews/article/020/0003346584?sid=102,n0003346584
동아일보,2021.03.25,https://n.news.naver.com/mnews/article/020/0003346803?sid=103,n0003346803
동아일보,2021.03.25,https://n.news.naver.com/mnews/article/020/0003346829?sid=103,n0003346829
서울신문,2021.03.25,https://n.news.naver.com/mnews/article/081/0003173847?sid=102,n0003173847
서울신문,2021.03.25,https://n.news.naver.com/mnews/article/081/0003173741?sid=103,n0003173741
서울신문,2021.03.25,https://n.news.naver.com/mnews/article/081/0003173514?sid=103,n0003173514
,2021.03.24,https://m.entertain.naver.com/article/022/0003564221,m0003564221
,2021.03.25,https://m.entertain.naver.com/article/022/0003564727,m0003564727
,2021.03.25,https://m.entertain.naver.com/article/022/0003564769,m0003564769
,2021.03.25,https://m.entertain.naver.com/article/022/0003564586,m0003564586
,2021.03.25,https://m.entertain.naver.com/article/022/0003564700,m0003564700
,2021.03.25,https://m.entertain.naver.com/article/022/0003564781,m0003564781
조선일보,2021.03.24,https://n.news.naver.com/mnews/article/023/0003603786?sid=103,n0003603786
조선일보,2021.03.25,https://n.news.naver.com/mnews/article/023/0003603984?sid=103,n0003603984
중앙일보,2021.03.24,https://n.news.naver.com/mnews/article/025/0003087791?sid=103,n0003087791
중앙일보,2021.03.25,https://n.news.naver.com/mnews/article/025/0003088096?sid=103,n0003088096
중앙일보,2021.03.25,https://n.news.naver.com/mnews/article/025/0003088002?sid=103,n0003088002
중앙일보,2021.03.25,https://n.news.naver.com/mnews/article/025/0003088199?sid=102,n0003088199
한국일보,2021.03.25,https://n.news.naver.com/mnews/article/469/0000591389?sid=103,n0000591389
,2021.03.25,https://m.entertain.naver.com/article/469/0000591293,m0000591293
,2021.03.25,https://m.entertain.naver.com/article/469/0000591316,m0000591316
,2021.03.25,https://m.entertain.naver.com/article/469/0000591372,m0000591372
,2021.03.25,https://m.entertain.naver.com/article/469/0000591138,m0000591138
,2021.03.25,https://m.entertain.naver.com/article/469/0000591471,m0000591471
,2021.03.25,https://m.entertain.naver.com/article/469/0000591476,m0000591476
