Office,Date,Link,Identity
,2021.04.21,https://m.entertain.naver.com/article/032/0003070476,m0003070476
경향신문,2021.04.23,https://n.news.naver.com/mnews/article/032/0003070819?sid=103,n0003070819
,2021.04.13,https://m.entertain.naver.com/article/022/0003570869,m0003570869
,2021.04.13,https://m.entertain.naver.com/article/022/0003571019,m0003571019
,2021.04.14,https://m.entertain.naver.com/article/022/0003571238,m0003571238
,2021.04.20,https://m.entertain.naver.com/article/022/0003573147,m0003573147
,2021.04.24,https://m.entertain.naver.com/article/022/0003574573,m0003574573
,2021.04.13,https://m.entertain.naver.com/article/469/0000596368,m0000596368
,2021.04.13,https://m.entertain.naver.com/article/469/0000596370,m0000596370
,2021.04.13,https://m.entertain.naver.com/article/469/0000596369,m0000596369
,2021.04.15,https://m.entertain.naver.com/article/469/0000597355,m0000597355
,2021.04.15,https://m.entertain.naver.com/article/469/0000597374,m0000597374
,2021.04.16,https://m.entertain.naver.com/article/469/0000597648,m0000597648
,2021.04.16,https://m.entertain.naver.com/article/469/0000597555,m0000597555
,2021.04.20,https://m.entertain.naver.com/article/469/0000598282,m0000598282
,2021.04.20,https://m.entertain.naver.com/article/469/0000598281,m0000598281
,2021.04.22,https://m.entertain.naver.com/article/469/0000599232,m0000599232
,2021.04.22,https://m.entertain.naver.com/article/469/0000599237,m0000599237
,2021.04.23,https://m.entertain.naver.com/article/469/0000599474,m0000599474
,2021.04.24,https://m.entertain.naver.com/article/469/0000599557,m0000599557
