﻿Video_ID,comment_text,comment_likes,comment_date
tW7boJDIN5E,여자한테 안되는거면 남자한테도 안되는겁니다 진짜 싫다 이런 행동,479,2021-03-24T09:00:16Z
tW7boJDIN5E,ㄹㅇ 성별바뀌었으면 난리 났을거임 <br>욕은 기본이고 다신 방송에 못나올정도로...그런데도 저렇게 떳떳하게 하는거 보면 참 웃김,237,2021-03-24T11:47:03Z
tW7boJDIN5E,안영미 처럼 선을 적절하게 지키는 야한 개그도 아니고;; 자기 하고 싶은대로 선 넘어가면서 저런 언행을 보이는건 개그가 아닌 역겹고 더러운 성희롱으로만 보이네요 ;;,214,2021-03-24T11:21:52Z
tW7boJDIN5E,박나래도 이렇게 가는구나,174,2021-03-24T16:27:29Z
tW7boJDIN5E,역겹다 진짜 왜저러냐..,173,2021-03-24T11:14:50Z
tW7boJDIN5E,"점점 너무 과해진다고 느끼긴했는데,,,,나만 거북하게 느낀게 아니였구나,,,,<br>성별에 상관없이 성희롱에 대해 더 무겁게 생각했으면 좋겠네요,,,,,",167,2021-03-24T15:26:03Z
tW7boJDIN5E,그분들이 리얼돌은 강간이라던데 그분들 말대로면 유튜브에 대놓고 강간 영상 올린거네 ㄷㄷ,126,2021-03-24T08:16:50Z
tW7boJDIN5E,애들도 볼수있는 영상인데 도대체 무슨 생각으로 저런 컨셉으로 촬영한거지? 이번일 비난 받을수밖에없다,117,2021-03-24T08:58:02Z
tW7boJDIN5E,&quot;치마속의 조개&quot;<br>&quot;삐소리는 치마만 해요 조개는 해산물이니까...&quot;<br>참.. 여자들 좋아하겠다..,107,2021-03-24T19:12:48Z
tW7boJDIN5E,"솔직, 털털함 이라는단어로 포장된 예의없고 무개념한행동<br>한 명이라도 불편하면 그건 개그아니라는 마음가짐부터 다시 잡으셔야될듯",87,2021-03-24T15:49:45Z
tW7boJDIN5E,안타깝지만 이런 일은 시범케이스로서 강하게 처벌해야된다 생각해요.,85,2021-03-24T13:01:31Z
tW7boJDIN5E,왜 이럴까 돈도 많으신 양반이,83,2021-03-24T08:29:29Z
tW7boJDIN5E,박나래가 대상 타더니 다 지세상인줄아나보네 그건 처음이자 마지막 대상이였건거야 나래야 <br>선지키면서  방송하자,77,2021-03-24T12:18:46Z
tW7boJDIN5E,나이도 있고 철없는 아이 컨셉 잡고 일하는면<br>선 이란것도 잊어버리고 해버리는건가?그럼 본인도 아이생기면 똑같이하고 똑같이해보지<br>어떤반응으로 어떤말들이 튀어나오나 어차피똑같이 재미 위해선데 상관없잔아,67,2021-03-24T09:36:38Z
tW7boJDIN5E,박나래 눈치보면서 선넘어 막나가 ㄹㅇ<br>나혼산도 진행 이상하게함,52,2021-03-24T14:25:23Z
tW7boJDIN5E,박나래 퇴출시켜라 작가교체하고,49,2021-03-24T12:41:12Z
tW7boJDIN5E,19금 개그도 선만 지키면 그냥 웃긴 개그입니다 하지만 선을 넘으면 그냥 성희롱 그 이상도 그 이하도 아니죠,46,2021-03-24T13:30:37Z
tW7boJDIN5E,선을 모르네,45,2021-03-24T10:58:02Z
tW7boJDIN5E,정말 더럽다.,36,2021-03-24T13:27:44Z
tW7boJDIN5E,프로도 프로고 성별 반대로 생각해보면  빼박 매장행임,35,2021-03-24T14:04:43Z
tW7boJDIN5E,아이들 장난감 가지고 뭐하는거?? 도저히 프로그램의 의도도 모르겠고 박나래행동도 이해가 안간다,33,2021-03-24T13:25:52Z
tW7boJDIN5E,세상이 진짜 미쳐간다,32,2021-03-24T14:23:18Z
tW7boJDIN5E,"우리사회에 남자의 성은 굉장히 가볍게 여겨지는데 나는 그게 너무 싫음. 단순히 유튜브 방송 뿐만이아님. 제가 27살때 첫 직장에서 40차장이 엄청 성희롱했음... 근데 가장 소름인건 자기는 분위기를 띄운다고 생각하는거임. 자기는 쿨한여자 결혼을 일부러 안한여자, 남자와 잘 지내는 호탕한 여자인척하는게 너무 역겨움. 나중에는 화장실 청소하는데 그 직전에 들어가서 생리혈 바닥에 뿌려진거보고 난 충격받았는데 여자가 생리하면 몸아파서 실수할수도있는데 그거가지고 남자가 째째하다라고 말을 듣고 퇴사했음. 근데 이 사회에서 분명 난 성희롱을 당했는데 도와주는곳은 아무도없었음. 왜 남자는 성희롱을 당하지않는다고 생각하는건가? 왜 여자는 성희롱 범죄자가 아니라고생각하는건가? 이해할수없음.. 지금까지 남자들 다 한번쯤 경험있지않음? 나이차이는 고모뻘인데 누나라 불러라, 남자는 이래야한다, 직장에서는 남자얼평을 웃음소재로삼고 다들 한번쯤은 무조건 겪어봤을거임. 여자들만이 직장에서 차별받는게아니라 남자들은 그냥 참았던거임... 이번 박나래는 역겨움 그 자체였음. 남자 성희롱은 물론이고 모유수유를 웃음거리로 사용한다는건 최악의 최악이었음.",30,2021-03-24T13:53:32Z
tW7boJDIN5E,와 아이들이 있는데서.... 넌 진짜 남자엿으면 벌써 사형이닼ㅋㅋ,30,2021-03-24T13:16:34Z
tW7boJDIN5E,박나래 멈춰!,30,2021-03-24T08:10:11Z
tW7boJDIN5E,ㅋㅋㅋㅋㅋㅋㅋㅋ 나 방금 본 영상보고왔는데 <br>느낌 딱 옴ㅋㅋㅋㅋㅋㅋㅋㅋ<br>나래야 나락가즈아~~~~~~,29,2021-03-24T11:52:58Z
tW7boJDIN5E,이렇게 폐해가 생기는구나.. 심각하다 진짜.. 박나래를 헤이지니랑 붙여놓은 것부터가 잘못인듯.. 늘상 저런걸로 웃기는 사람인데 애들 상대하는 직업인이랑 붙여놓은게..,29,2021-03-24T15:56:01Z
tW7boJDIN5E,한번 터질줄 알았다 다음 안영미,29,2021-03-24T15:38:45Z
tW7boJDIN5E,여초에서 과도하게 빨리는 애들은 좀 더 조심해야해...,29,2021-03-24T10:58:30Z
tW7boJDIN5E,왜저러냐 진짜 수준 떨어지게 애들도 보는데 <br>선을 자꾸 넘나드네,27,2021-03-24T14:15:34Z
tW7boJDIN5E,나혼자산다에서 밝힐때부터 알아봤음ㅋㅋ 2국x랑둘이 시러,25,2021-03-24T13:34:11Z
tW7boJDIN5E,박나래  너  개콘에서   겨우  코너 하나<br>얻어서   공연할때  올챙이때  잊지마라<br>너무  나대더라니  ;;;;;<br>역겹다,24,2021-03-24T11:32:17Z
tW7boJDIN5E,박나래 김숙  김신영 같이 생긴 애들 진짜 싫음,21,2021-03-24T14:20:35Z
tW7boJDIN5E,헤이지니 때문에 알고리즘 떠서 1화 봤었거든요. 근데 저런거 뿐만 아니라 단어선택도 대화방식도 애들한테 안좋은거임. 그래서 알고리즘에 2화 떠도 안봤는데 논란떠서 도대체 또 뭘 했나 찾아보니까 안보이네요. 1화도 눈쌀 찌푸려짐. 술마시러 오는데 속옷 위아래 맞춰 오라는 말도 했음. 그거 말고도 애들이 보는 컨텐츠를 배우겠다는 취지의 방송에서 어떻게 저렇게 할 생각을 하지. 라는 생각이 드는 부분이 많았음. 처음 시작할때 헤이지니가 하지 말라는거 다 정하고 서약서? 까지 썼는데 다 무시하고 하던데. 아무리 돈이 벌고 싶어도 애들은 팔지 말아요. 헤이지니 때문에 어린 애들이 그냥 봤다면 얼마나 충격받을까. 차라리 저럴거면 성인 타켓으로 한 컨텐츠를 하던가.,20,2021-03-24T14:26:39Z
tW7boJDIN5E,연예대상 징크스가 이런거구나... 대상만 받으면 다 가네...,19,2021-03-25T02:59:17Z
tW7boJDIN5E,박나래...좀...조심했으면...,19,2021-03-24T12:17:38Z
tW7boJDIN5E,돈 많이 벌었다고 개념도 팔아먹었나.. 아닌건 아닌거다. 아이들이 뭘보고 배우겠냐..이런 방송 좀 폐지해라 제발,19,2021-03-24T12:34:13Z
tW7boJDIN5E,얼마나 지도 잘못된 생각이 들면 ㅋㅋㅋㅋ 지 팔을 가랑이 사이에 처넣냐 머리에 퐉 하고 지나가더지? 아..ㅈ됬다 수습 처할려다 더 망했쥬?,18,2021-03-24T14:10:13Z
tW7boJDIN5E,기울어진운동장 ㅅㅂ,17,2021-03-24T12:21:11Z
tW7boJDIN5E,"여자들 웃긴게 남녀평등을 원하지만, 남녀 차별대우를 받고잇는건 인정 안함? <br>여자들 만지면 만질수록 물 많이 나온다는발언 남자가 햇으면 쌩매장일텐데?",17,2021-03-24T19:52:57Z
tW7boJDIN5E,근데 페미들이 아니었으면 남자로 하든 여자로 하든 그렇게까지 불편해할만한 일들은 아니었다고 봄... 섹슈얼 코미디는 어느시대에나 있었으니까. 하지만 최근의 페미들이 이 세상을 불편하게 만들어서 그 반작용이 생겨버린거지...;; 암담한 현실임.,16,2021-03-24T12:49:59Z
tW7boJDIN5E,어느 게시물에서 보고왔는데<br>???: 뭔 성희롱ㅋㅋㅋㅋ 인형에 자아가있냐<br>???:인형이 수치심을 느끼는것도아닌뎈ㅋㅋㅋㅋ<br>???:뭐가 성희롱이라는거야  섹드립 성드립 구분좀<br>???:어휴 불편충 부랄봘강하면서 달려드네<br><br><br><br><br><br><br><br><br><br><br><br><br>&quot;그성별식 내로남불&quot;,13,2021-03-24T10:12:24Z
tW7boJDIN5E,두번다시 보기 싫다. 부고소식만,13,2021-03-24T10:31:14Z
tW7boJDIN5E,박나래 하차 청원,12,2021-03-24T11:00:29Z
tW7boJDIN5E,저런영상 올린 제작진 편집자도 참....,11,2021-03-24T12:54:35Z
tW7boJDIN5E,19금 드립도 적당히 해야지 솔직히 저정도로하면 추잡함.,11,2021-03-24T23:03:41Z
