Office,Date,URL,Content
경향신문,2021.03.25,https://n.news.naver.com/mnews/article/032/0003065946?sid=103,"[경향신문]‘헤이지니’의 한 에피소드. | 유튜브 캡처웹 예능 ‘헤이나래’ 방송 중 남자 인형을 성희롱을 했다는 비난을 받은 예능인 박나래가 사과하고 프로그램 하차를 결정했다.박나래는 25일 소속사 제이디비엔터테인먼트를 통해 입장을 내고 “제작진으로부터 기획 의도와 캐릭터 설정 그리고 소품들을 전해 들었을 때 본인 선에서 어느 정도 걸러져야 했고, 표현 방법에 대해서도 더 고민했어야 했는데 그렇지 못했던 점에 대해 깊이 반성하고 있다”고 밝혔다.그러면서 “영상을 시청한 분들께 불편함을 끼친 것에 대해 문제를 인지하고 있으며, 다시 한번 고개 숙여 사과 말씀을 드린다”고 했다.이어 “‘헤이나래’에서 하차하기로 했다”면서 “이번을 계기로 앞으로 좀 더 고민하고 진행할 수 있도록 하겠다. 다시 한번 무거운 책임감을 느끼고, 많은 분께 심려를 끼쳐 송구한 마음을 전한다”고 덧붙였다.CJ ENM 디지털 예능 채널인 ‘스튜디오 와플’의 오리지널 콘텐츠인 ‘헤이나래’는 박나래와 키즈 유튜버 헤이지니가 출연하는 리얼리티 예능 프로그램이다. 지난 23일 올라온 ‘헤이나래’ 2회에서 박나래가 남자 인형의 옷을 갈아입히며 인형의 팔을 사타구니쪽으로 가져간 장면을 두고 일부 누리꾼들은 “만약 성별이 바뀌었다면 은퇴까지 생각해야 할 성희롱”이라며 비난을 이어갔다.‘헤이나래’ 제작진도 이날 “제작진의 무리한 욕심이 많은 분들에게 불편함을 드린 것에 대해 큰 잘못을 통감하고 이에 책임을 지고자 한다”며 프로그램 폐지 소식을 전했다.제작진은 “업로드되었던 ‘헤이나래’는 대중에게 즐거움을 주고자 제작된 콘텐츠임에도 영상 중 특정 장면 및 자막이 과도한 성적 표현을 포함하고 있었다”라며 “편집 및 검수 과정에서 해당 내용들이 불쾌함을 유발할 수 있다는 점을 인지하지 못한 채 영상을 발행했다”고 했다. 그러면서 “영상으로 불편함을 느끼셨을 모든 구독자 및 시청자, 아울러 제작진을 믿고 출연을 결심해준 두 출연자에게도 진심으로 사과를 드린다”고 밝혔다.김지혜 기자 kimg@kyunghyang.com▶ [인터랙티브] 여성, 외치다▶ 경향신문 바로가기▶ 경향신문 구독신청하기©경향신문(www.khan.co.kr), 무단전재 및 재배포 금지"
국민일보,2021.03.25,https://n.news.naver.com/mnews/article/005/0001423766?sid=103,"웹 예능 ‘헤이나래’ 영상 캡처웹 예능 ‘헤이나래’ 제작진이 최근 불거진 진행자 박나래의 성희롱 논란에 대해 사과했다.제작진은 24일 유튜브 채널 커뮤니티 공지사항을 통해 “구독자분들께 실망감을 드린 점 진심으로 사과의 말씀을 드린다”고 했다. 출연자들에게도 “제작진의 과한 연출과 캐릭터 설정으로 피해를 드린 점에 대해서도 송구스러운 마음”이라고 전했다.‘헤이나래’는 CJ ENM의 디지털 예능 채널 스튜디오 와플의 오리지널 콘텐츠로, 개그우먼 박나래와 키즈 유튜버 헤이지니가 출연하는 리얼리티 예능 프로그램이다.문제가 된 영상은 지난 23일 공개된 ‘헤이나래’ 2회다. 박나래는 장난감 체험 과정에서 인형의 신체를 잡아당기며 성적인 묘사를 하고 수위 높은 발언을 이어가 성희롱 논란이 일었다. 해당 영상은 현재 비공개 처리됐다.웹 예능 ‘헤이나래’ 영상 캡처제작진은 “2회 영상은 재검토할 예정이며 앞으로 공개될 영상 제작에도 주의를 기울이겠다”고 밝혔다.앞서 올라온 ‘헤이나래’ 0회 영상도 다시금 논란이 되고 있다. 해당 영상에서 박나래는 ‘당근을 흔든다’고 말하며 다리 사이에서 손을 위아래로 움직이거나 발을 모아 테이블의 다리를 비비는 등 음란 행위를 연상시키는 행동을 했다.논란이 커지자 박나래가 출연 중인 MBC 인기 예능 ‘나혼자 산다’의 게시판에도 박나래의 하차를 요구하는 시청자 의견이 게재되고 있다.권남영 기자 kwonny@kmib.co.kr▶ 네이버에서 국민일보를 구독하세요(클릭)▶ 국민일보 홈페이지 바로가기GoodNews paper ⓒ국민일보(www.kmib.co.kr), 무단전재 및 수집, 재배포금지"
국민일보,2021.03.25,https://n.news.naver.com/mnews/article/005/0001423831?sid=103,"웹 예능 '헤이나래' 영상 캡처. MBC '시청자 의견' 게시판 캡처개그우먼 박나래가 성희롱 논란에 휩싸인 가운데 그가 MC를 맡고 있는 MBC ‘나혼자 산다’에서 박나래의 하차를 요구하는 글이 빗발치고 있다.논란이 불거진 후 25일 ‘나혼자 산다’ 시청자 의견 게시판에는 그의 하차를 요구하는 글이 쇄도하고 있다. ‘나혼자 산다’ 측은 아직 입장을 밝히지 않은 상태다.문제가 된 것은 지난 23일 올라온 ‘헤이나래 EP.2 최신유행 장난감 체험으로 하겠습니다’라는 영상이다. 해당 영상에서 박나래는 인형의 신체를 잡아당기며 성적인 묘사를 하고 수위 높은 발언을 이어가 성희롱 논란이 일었다. 논란이 커지자 제작진은 영상을 비공개로 전환하고 사과했다.웹 예능 '헤이나래' 영상 캡처누리꾼들은 “명백한 성희롱, 선 넘었다” “개그라고 하기엔 너무 심하다” “남자 연예인이 했다면 은퇴각” “잘 나갈 때 조심해야 하는데 헤이니지도 좋게 봤는데 실망이다” 등의 질타를 쏟아냈다.유튜브 채널 ‘스튜디오 와플’은 24일 공지사항을 통해 “구독자분들께 실망감을 드린 점 진심으로 사과 말씀드린다. 제작진의 과한 연출과 캐릭터 설정으로 피해를 드린 점에 대해 송구스러운 마음”이라고 사과했다.양재영 인턴기자▶ 네이버에서 국민일보를 구독하세요(클릭)▶ 국민일보 홈페이지 바로가기GoodNews paper ⓒ국민일보(www.kmib.co.kr), 무단전재 및 수집, 재배포금지"
동아일보,2021.03.24,https://n.news.naver.com/mnews/article/020/0003346584?sid=102,"제작진, 뒤늦게 사과문 게재웹예능 ‘헤이나래’ 캡처.개그우먼 박나래가 성희롱 논란에 휩싸였다. 웹예능에 출연해 다소 수위 높은 발언과 행동으로 보는 이들의 불쾌감을 자아낸 것이다.유튜브 채널 ‘스튜디오 와플’(STUDIO WAFFLE)은 지난 23일 웹예능 ‘헤이나래’ 2편을 통해 최신 유행 장난감을 체험하는 박나래와 헤이지니(본명 강혜진)의 모습을 그렸다.이날 두 사람이 소개한 장난감은 무한대로 늘어나는 ‘암스트롱맨’ 고무 인형이다. 박나래는 속옷만 입은 해당 인형을 두고 “요즘 애들 되바라졌다”면서 “너무 뒤가 T 아니냐”, “너무 Y다”, “그것(?)까지 있는 줄 알았지” 등의 발언을 이어갔다.이뿐만이 아니다. 박나래는 인형의 사타구니 쪽으로 팔을 밀어넣었다. 그가 또 인형의 손으로 신체 주요부위를 가리자 제작진은 ‘(조신) K-매너’라는 자막을 띄우기도 했다.아울러 박나래는 지난 9일 공개된 같은 프로그램에서 당근과 책상 다리 등을 이용해 성행위를 연상케 하는 동작을 취한 사실이 알려지면서 논란이 더욱 거세지고 있다.대다수의 누리꾼은 “이걸 만약 남자 연예인이 했다면 은퇴각 아니냐”, “사과로 끝날 문제는 아니다”, “선을 넘었네”, “이걸 개그라고 하기에는 불편한 수위다” 등 지적했다.이를 의식한 듯 제작진은 해당 영상의 섬네일을 교체했다. 그럼에도 논란이 계속되자 제작진은 “과한 연출과 캐릭터 설정으로 출연자분들께 피해를 드렸다”면서 “사과 말씀 드린다”고 입장을 밝혔다. 문제가 된 영상은 현재 비공개 처리된 상태다.웹예능 ‘헤이나래’조혜선 동아닷컴 기자 hs87cho@donga.com▶ 네이버에서 [동아일보] 채널 구독하기▶ 영원한 이별 앞에서 ‘환생’의 문을 열다▶ 멀티미디어 스토리텔링 ‘The Original’ⓒ 동아일보 & donga.com, 무단 전재 및 재배포 금지"
동아일보,2021.03.25,https://n.news.naver.com/mnews/article/020/0003346803?sid=103,"사진출처=유튜브 ‘헤이나래’개그우먼 박나래가 웹예능에서 성희롱 논란에 휘말린 가운데 일부 누리꾼들이 박나래가 출연 중인 MBC 예능 프로그램 ‘나 혼자 산다’에서 하차를 요구하고 있다.박나래는 23일 공개된 웹예능 ‘헤이나래’ 2회에서 키즈 유튜버 헤이지니와 함께 무한대로 늘어나는 ‘암스트롱맨’ 고무인형 장난감을 가지고 놀았다.‘헤이나래’는 박나래와 헤이지니가 만들어가는 ‘동심 강제 주입’ 리얼리티 예능으로 ‘9금과 19금의 아찔한 만남’을 콘셉트로 콘텐츠를 제작하고 있다.이날 박나래는 속옷만 입은 인형을 보면서 “요즘 애들은 되바라졌다”, “그것까지 있는 줄 알았다”는 등 수위가 높은 발언을 했다. 또 인형의 손으로 남성 인형의 주요 부위를 가르키거나 인형의 팔을 늘어뜨려 인형의 다리 사이로 팔을 밀어 넣고 잡아당기는 동작을 취해 논란이 더욱 거세졌다.논란이 커지자 제작진은 영상을 비공개로 전환하고 사과했다. 유튜브 채널 ‘스튜디오 와플’은 24일 공지사항을 통해 “구독자 분들께 실망감을 안겨드린 점 진심으로 사과를 드린다”라며 “제작진의 과한 연출과 캐릭터 설정으로 피해를 드린 점에 대해 송구스러운 마음”이라고 사과했다.제작진의 이 같은 사과에도 누리꾼들은 박나래도 사과해야 한다는 입장을 보이고 있다. 박나래가 그 동안 여러 프로그램에서 다소 수위를 넘나드는 표현을 했지만 이번에는 도가 지나쳤다는 반응이다.사진출처=MBC ‘나 혼자 산다’ 시청자게시판박나래의 성희롱 논란은 그가 출연 중인 ‘나 혼자 산다’에도 여파가 미치고 있다. 현재 ‘나 혼자 산다’ 시청자 게시판에는 박나래를 하차시키라는 요청이 쇄도하고 있다.이와 관련해 박나래와 ‘나 혼자 산다’ 측은 입장을 내놓지 않고 있다.조유경 동아닷컴 기자 polaris27@donga.com▶ 네이버에서 [동아일보] 채널 구독하기▶ 영원한 이별 앞에서 ‘환생’의 문을 열다▶ 멀티미디어 스토리텔링 ‘The Original’ⓒ 동아일보 & donga.com, 무단 전재 및 재배포 금지"
동아일보,2021.03.25,https://n.news.naver.com/mnews/article/020/0003346829?sid=103,"(왼쪽부터) 개그우먼 박나래, 키즈 유튜버 헤이지니. 동아닷컴DB, 헤이지니 인스타그램개그우먼 박나래와 키즈 유튜버 헤이지니(본명 강혜진)가 성희롱 논란에 휩싸였던 웹예능 ‘헤이나래’ 사태에 대해 사과했다.박나래 소속사 제이디비엔터테인먼트는 25일 공식입장문을 내며 “‘헤이나래’의 제작진으로부터 기획 의도와 캐릭터 설정 그리고 소품들을 전해 들었을 때 본인 선에서 어느 정도 걸러져야 했고 표현 방법에 대해서도 더 고민했어야 하는데 그렇지 못한 점에 대해 깊이 반성한다”라고 밝혔다.이어 “박나래는 제작진과의 논의 끝에 ‘헤이나래’ 프로그램에서 하차를 결정했다”며 “이번 사태를 계기로 좀 더 고민하면서 진행할 수 있도록 하겠다”라고 덧붙였다.사진출처=헤이지니 인스타그램박나래와 ‘헤이나래’를 함께 하는 헤이지니도 같은 날 자신의 인스타그램을 통해 사과문을 올렸다.헤이지니는 “어린이 콘텐츠를 제작하고 있는 크리에이터로서 시청해주시는 팬들과 모든 분들이 불편하게 느끼실 영상에 출연했다”며 “제가 좀 더 신중했어야 하는데 그러지 못했다”라고 말했다.이어 “이유 여하를 막론하고 시청하는 분들에게 불편함을 느끼게 하여 진심으로 죄송하다”며 “앞으로 제가 활동하는 모든 영역에서 신중하게 행동하도록 노력하겠다”고 덧붙였다.‘헤이나래’ 제작진 역시 큰 잘못을 통감한다고 하며 ‘헤이나래’를 폐지하겠다고 밝혔다. 기존에 있던 영상 역시 삭제 처리한다고 전했다.‘헤이나래’ 측은 “대중에게 즐거움을 주고자 제작된 콘텐츠임에도 영상 중 특정 장면 및 자막이 과도한 성적 표현을 포함하고 있었다”며 “편집 및 검수 과정에서 해당 내용들이 불쾌함을 유발할 수 있었다는 점을 인지하지 못한 채 영상을 발행하였다”고 말했다.이어 “기존 ‘헤이나래’ 콘텐츠는 모두 삭제 처리하였으며 제작진은 앞으로 모든 시청자들이 즐겁게 볼 수 있는 콘텐츠를 기획하고 제작하도록 노력하겠다”고 덧붙였다.앞서 박나래는 23일 공개된 웹예능 ‘헤이나래’ 2회에서 헤이지니와 함께 무한대로 늘어나는 ‘암스트롱’ 고무인형 장난감을 가지고 놀면서 “요즘 애들은 되바라졌다”, “그것까지 있는 줄 알았다”며 수위 높은 발언을 했다. 또 인형의 손으로 남성 인형의 주요 부위 등을 가리키는 등의 동작을 취해 논란이 됐다.‘9금과 19금의 아찔한 만남’의 콘셉트로 만들어지는 콘텐츠이고 영상에는 ‘15세 관람가입니다’, ‘어린이 시청금지’라는 문구가 붙었지만 정작 제작진은 영상 자체를 성인 전용으로 설정하지 않아 시청자들의 분노를 샀다.거센 논란에 ‘헤이나래’ 제작진은 24일 시청자들에게 사과하며 해당 영상을 비공개로 전환했다. 하지만 누리꾼들은 방송에서 선을 넘은 행동을 한 박나래 역시 사과를 해야한다는 반응을 보였다.이번 사태로 박나래가 진행하는 MBC ‘나 혼자 산다’까지 불똥이 튀었다. ‘나 혼자 산다’ 시청자 게시판에는 박나래를 하차시키라는 시청자들의 요구가 빗발치고 있다.조유경 동아닷컴 기자 polaris27@donga.com▶ 네이버에서 [동아일보] 채널 구독하기▶ 영원한 이별 앞에서 ‘환생’의 문을 열다▶ 멀티미디어 스토리텔링 ‘The Original’ⓒ 동아일보 & donga.com, 무단 전재 및 재배포 금지"
서울신문,2021.03.25,https://n.news.naver.com/mnews/article/081/0003173847?sid=102,"박나래, 웹예능 ‘헤이나래’ 방송 중 성희롱 발언으로 물의를 일으킨 데 대해 사과하고 프로그램 폐지MBC 예능 프로그램 ‘나혼자산다’ 화면 캡처개그우먼 박나래가 웹예능 ‘헤이나래’ 방송 중 성희롱 발언으로 물의를 일으킨 데 대해 사과하고, 프로그램이 폐지되자 MBC 예능 프로그램 ‘나혼자산다’에서 했던 성희롱 발언도 다시금 논란의 대상에 올랐다.지난해 10월 박나래는 모델 한혜진, 가수 화사와 함께 한 ‘나혼자산다’의 스핀오프(기존의 작품에서 따로 나온 작품)인 ‘여자들의 은밀한 파티-여은파 몰아보기’에서 헨리를 성희롱했다는 비난을 샀다.당시 방송에서 한혜진과 박나래, 화사는 차량을 이용해 한강으로 이동하면서 “흔들리는 차 있는지 봐요”, “습기 차 있으면 백방이다” 등의 민망한 발언을 이어갔다.이를 보던 성훈과 이시언 등 남성 멤버들은 당황해했다. 이때 헨리가 “추우니까요, 그때 추웠잖아요”라면서 말하자 박나래와 한혜진이 “네 차냐” 등 연인이랑 있었냐면서 헨리에게 공세를 펼쳤다. 그러자 성훈이 “(헨리가) 몸에 열이 많아서 그렇다”면서 마무리했다.박나래는 넷플릭스에서 방송된 ‘농염주의보’를 통해 여성 코디미언으로서는 드물게 성인을 대상으로 한 스탠딩 개그를 선보인 바 있다. ‘농염주의보’는 언제나 뜨거운 여자, 대한민국 대표 코미디언 박나래가 방송에선 못 했던 아찔한 경험담을 방출한다고 홍보를 했다.“박나래 왜 저래” 아이 보는 웹예능서 성희롱 논란…제작진 공식 사과 - 웹예능 ‘헤이나래’ 유튜브 영상 캡처‘농염주의보’는 유교 사회에서 여성이 섹스 이야기를 대중 앞에서 한다는 것에 대한 고정관념을 깼다는 평가를 받았지만, 이번 ‘헤이나래’는 어린이들도 볼 수 있는 방송인데다 유아 대상 유튜브 방송으로 인기를 끈 유튜버 헤이지니와 함께 해 도마 위에 올랐다.박나래는 헤이지니와 함께 장난감을 선보이며 인형의 신체를 잡아당기고 성적인 묘사에 수위 높은 발언을 이어가 성희롱 논란을 낳았다.박나래는 25일 소속사 제이디비엔터테인먼트를 통해 입장을 내고 “제작진으로부터 기획 의도와 캐릭터 설정 그리고 소품들을 전해 들었을 때 본인 선에서 어느 정도 걸러져야 했고, 표현 방법에 대해서도 더 고민했어야 했는데 그렇지 못했던 점에 대해 깊이 반성한다”고 밝혔다.한편 ‘나혼자산다’ 시청자 게시판에도 “공중파방송에서 성희롱범을 보고싶지 않다. 하차해주세요!”란 글이 이어지고 있다. 반면 “멀쩡한 사람 여성혐오의 희생양 삼으면 가만 안있습니다. 박나래 힘내세요~!”란 시청자들의 응원도 만만치 않다.윤창수 기자 geo@seoul.co.kr▶ 네이버에서 서울신문 구독하기 클릭!▶ [인터랙티브] 코로나 청년 잔혹사▶ [나우뉴스] 세상에 이런 일이ⓒ 서울신문(www.seoul.co.kr), 무단전재 및 재배포금지"
서울신문,2021.03.25,https://n.news.naver.com/mnews/article/081/0003173741?sid=103,"박나래 소속사 공식 사과…“웹예능 ‘헤이나래’서 朴 하차”뒤늦게 박나래 측 “표현 방법 고민 부족”‘키즈 유튜버’ 헤이지니와 합작 콘텐츠서진행자 박나래 인형 신체·도구에 성적 묘사출연진 당황해하는 모습 그대로 송출제작진 “과한 연출, 캐릭터 설정 피해 송구”네티즌 “선 넘었다, 아이들 보는 채널서 끔찍”“박나래 왜 저래” 아이 보는 웹예능서 성희롱 논란…제작진 공식 사과 - 웹예능 ‘헤이나래’ 유튜브 영상 캡처 2021-03-24개그맨 박나래가 아이들도 볼 수 있는 웹 예능 ‘헤이나래’ 방송에서 불거진 ‘성희롱’ 논란에 대해 사과하고 프로그램에서 하차했다. 박나래는 해당 방송에서 인형의 신체와 주변 도구 등을 이용해 성적 행위를 묘사하며 수위를 높이다 성희롱 논란에 휩싸였다. ‘헤이나래’ 제작진은 네티즌들과 시청자들의 강한 항의 속에 비난 여론이 확산되자 뒤늦게 공식 사과했다. 해당 영상은 현재 비공개 처리된 상태다.박나래 측 “캐릭터 설정, 본인 선에서거르지 못했다… 불편함 드려 사과”박나래 소속사 제이디비엔터테인먼트는 25일 “박나래는 ‘헤이나래’ 제작진으로부터 기획 의도와 캐릭터 설정, 소품들을 전해 들었을 때 본인 선에서 어느 정도 걸러져야 했고, 표현 방법에 대해서도 더 고민했어야 했는데 그렇지 못했던 점에 대해 깊이 반성하고 있다”고 밝혔다.이어 “영상을 시청한 분들께 불편함을 드린 것에 대해 문제를 인지하고 있으며, 다시 한번 고개 숙여 사과 말씀 드린다”고 사과했다.소속사 측은 박나래가 자신의 이름을 딴 ‘헤이나래’에서 하차한다고 전했다.그러면서 “이번을 계기로 앞으로 좀 더 고민하고 진행할 수 있도록 하겠다”면서 “다시 한번 무거운 책임감을 느끼고, 많은 분들께 심려를 끼쳐 송구한 마음 전한다”고 했다.“박나래 왜 저래” 아이 보는 웹예능서 성희롱 논란…제작진 공식 사과 - 웹예능 ‘헤이나래’ 유튜브 영상 캡처 2021-03-24“박나래 왜 저래” 아이 보는 웹예능서 성희롱 논란…제작진 공식 사과 - 웹예능 ‘헤이나래’ 유튜브 영상 캡처 2021-03-24“아기들도 볼 텐데 왜 저러느냐”제작진 “사과…영상 제작 주의할 것”한 온라인커뮤니티에는 지난 24일 ‘박나래 왜이럼?’이란 제목으로 웹예능 ‘헤이나래’ 영상 일부가 올라왔다. 작성자는 “‘헤이지니’ 있으면 아기들도 영상 볼 텐데 진심으로 왜 저러느냐”며 박나래의 진행을 비판했다.CJ E&M은 키즈 콘텐츠를 전문적으로 하는 유명 유튜버 헤이지니(강혜진)와 박나래를 합쳐 동심 도전기를 그린 신규 웹 예능인 ‘헤이나래’를 이달 론칭했다. 헤이나래는 디지털 예능 채널 스튜디오 와플의 오리지널 콘텐츠로, 박나래와 헤이지니가 출연하는 리얼리티 예능 프로그램이다.어린이들 사이에서 인기가 높은 헤이지니의 콘텐츠를 구독하고 있으면 자연스럽게 아이들이 해당 영상에 노출될 가능성이 높다는 지적으로 해석된다. 실제 ‘전체이용가’ 대표 헤이지니와 ‘19금’ 대표 박나래가 만난 방송을 한다는 게 콘셉트라고 홍보하기도 했다.박나래, 인형 특정 부위 늘리고발로 문지르고 “바지 속의 고추”문제가 된 영상은 지난 23일 공개된 ‘헤이나래’ 2회다. 스튜디오 와플 공식 유튜브 채널에는 ‘헤이나래 EP.2에서는 최신유행 장난감 체험으로 하겠습니다. 근데 이제 회 한사바리를 곁들인…’이란 제목의 영상이 게재됐다.진행자 박나래는 장난감 체험 과정에서 인형의 신체를 잡아당기며 성적인 묘사를 하고 수위 높은 발언을 이어가 성희롱 논란이 일었다.앞서 지난 9일 방송된 다른 영상에서는 박나래가 테이블 다리에 두 발을 문지르는 영상이 나오고 이를 보는 출연진들마저 당황해하는 모습이 그대로 송출됐다. 박나래는 남자 연예인을 지칭해 “바지 속의 고추”, “당근 흔들어요?” 등의 발언을 서슴없이 내뱉고 성행위를 연상하게 하는 행동을 묘사했다.이에 대해 제작진은 최근 불거진 박나래의 성희롱 논란에 대해 이날 유튜브 채널 커뮤니티 공지사항을 통해 “구독자분들께 실망감을 드린 점 진심으로 사과의 말씀을 드린다”고 사과했다.이어 출연자들에게도 “제작진의 과한 연출과 캐릭터 설정으로 피해를 드린 점에 대해서도 송구스러운 마음”이라고 전했다.제작진은 “2회 영상은 재검토할 예정이며, 앞으로 공개될 영상 제작에도 주의를 기울이겠다”고 말했다.하지만 제작진의 사과 이후에도, 박나래와 제작진을 향한 비판은 계속됐다.“박나래 왜 저래” 아이 보는 웹예능서 성희롱 논란…제작진 공식 사과 - 개그맨 박나래의 행동에 얼굴을 감싼 채 당황해하는 출연진 모습. 웹예능 ‘헤이나래’ 유튜브 영상 캡처 2021-03-24“박나래 왜 저래” 아이 보는 웹예능서 성희롱 논란…제작진 공식 사과 - 개그맨 박나래의 행동에 얼굴을 감싼 채 당황해하는 출연진 모습. 네이트판 캡처 2021-03-24“극혐, 내 아이가 저런 영상 본다면 끔찍”“재미있지 않고 보기 거북, 편집도 문제”해당 영상을 접한 네티즌들은 박나래의 행위가 아이들도 볼 수 있는 콘텐츠물에서 매우 부적절했다고 비판했다.네티즌들은 댓글을 통해 “선을 넘었다. 재미있지도 않고 더러운 느낌이다”, “극혐이다. 더 이상 미디어에 나오지 않았으면 좋겠다”, “연예인이 저런 성적 행위하는 걸 처음 봐서 충격이다” 등의 부정적 반응을 쏟아냈다.또 “내 아이가 어린이 채널에서 저런 동영상을 본다면 생각만 해도 끔찍하다”, “눈을 의심했다, 성별 바꿔서 생각해보라”, “이게 뭐하는 짓이냐. 희극인이라고 성적 행위 묘사해도 되느냐”, “보기 거북하고 편집에도 문제가 있어 당황스럽다” 등 콘텐츠 내용과 제작진 대응에 대한 비판도 이어졌다.박나래는 KBS 21기 공채 개그맨으로 2019년 MBC 방송연예대상 대상, 2020년 MBC 방송연예대상 올해의 예능인상을 수상하는 등 다양한 분야와 방송프로그램에서 활동하고 있다.“박나래 왜 저래” 아이 보는 웹예능서 성희롱 논란…제작진 공식 사과 - 유튜브 채널 스튜디오 와플 제공강주리 기자 jurik@seoul.co.kr▶ 네이버에서 서울신문 구독하기 클릭!▶ [인터랙티브] 코로나 청년 잔혹사▶ [나우뉴스] 세상에 이런 일이ⓒ 서울신문(www.seoul.co.kr), 무단전재 및 재배포금지"
서울신문,2021.03.25,https://n.news.naver.com/mnews/article/081/0003173514?sid=103,"웹예능 ‘헤이나래’ 성적 묘사 방송 시청자 항의에 제작진 사과‘키즈 유튜버’ 헤이지니와 합작 콘텐츠서진행자 박나래 인형 신체·도구에 성적 묘사출연진 당황해하는 모습 그대로 송출제작진 “과한 연출, 캐릭터 설정 피해 송구”네티즌 “선 넘었다, 아이들 보는 채널서 끔찍”“박나래 왜 저래” 아이 보는 웹예능서 성희롱 논란…제작진 공식 사과 - 웹예능 ‘헤이나래’ 유튜브 영상 캡처 2021-03-24개그맨 박나래가 웹 예능 프로그램에서 인형의 신체와 주변 도구 등을 이용해 성적 행위를 묘사하며 수위를 높이다 성희롱 논란에 휩싸였다. 웹 예능 ‘헤이나래’ 제작진은 네티즌들과 시청자들의 강한 항의 속에 비난 여론이 확산되자 24일 공식 사과했다. 해당 영상은 현재 비공개 처리된 상태다.“아기들도 볼 텐데 왜 저러느냐”제작진 “사과…영상 제작 주의하겠다”24일 한 온라인커뮤니티에는 ‘박나래 왜이럼?’이란 제목으로 웹예능 ‘헤이나래’ 영상 일부가 올라왔다. 작성자는 “‘헤이지니’ 있으면 아기들도 영상 볼 텐데 진심으로 왜 저러느냐”며 박나래의 진행을 비판했다.CJ E&M은 키즈 콘텐츠를 전문적으로 하는 유명 유튜버 헤이지니(강혜진)와 박나래를 합쳐 동심 도전기를 그린 신규 웹 예능인 ‘헤이나래’를 이달 론칭했다. 헤이나래는 디지털 예능 채널 스튜디오 와플의 오리지널 콘텐츠로, 박나래와 헤이지니가 출연하는 리얼리티 예능 프로그램이다.어린이들 사이에서 인기가 높은 헤이지니의 콘텐츠를 구독하고 있으면 자연스럽게 아이들이 해당 영상에 노출될 가능성이 높다는 지적으로 해석된다.문제가 된 영상은 지난 23일 공개된 ‘헤이나래’ 2회다. 진행자 박나래는 장난감 체험 과정에서 인형의 신체를 잡아당기며 성적인 묘사를 하고 수위 높은 발언을 이어가 성희롱 논란이 일었다.앞서 지난 9일 방송된 다른 영상에서는 박나래가 테이블 다리에 두 발을 문지르는 영상이 나오고 이를 보는 출연진들마저 당황해하는 모습이 그대로 송출됐다. 박나래는 남자 연예인을 지칭해 “바지 속의 고추”, “당근 흔들어요?” 등의 발언을 서슴없이 내뱉고 성행위를 연상하게 하는 행동을 묘사했다.이에 대해 제작진은 최근 불거진 박나래의 성희롱 논란에 대해 이날 유튜브 채널 커뮤니티 공지사항을 통해 “구독자분들께 실망감을 드린 점 진심으로 사과의 말씀을 드린다”고 사과했다.이어 출연자들에게도 “제작진의 과한 연출과 캐릭터 설정으로 피해를 드린 점에 대해서도 송구스러운 마음”이라고 전했다.제작진은 “2회 영상은 재검토할 예정이며, 앞으로 공개될 영상 제작에도 주의를 기울이겠다”고 말했다.“박나래 왜 저래” 아이 보는 웹예능서 성희롱 논란…제작진 공식 사과 - 웹예능 ‘헤이나래’ 유튜브 영상 캡처 2021-03-24“박나래 왜 저래” 아이 보는 웹예능서 성희롱 논란…제작진 공식 사과 - 웹예능 ‘헤이나래’ 유튜브 영상 캡처 2021-03-24“극혐, 내 아이가 저런 영상 본다면 끔찍”“재미있지 않고 보기 거북, 편집도 문제”해당 영상을 접한 네티즌들은 박나래의 행위가 아이들도 볼 수 있는 콘텐츠물에서 매우 부적절했다고 비판했다.네티즌들은 댓글을 통해 “선을 넘었다. 재미있지도 않고 더러운 느낌이다”, “극혐이다. 더 이상 미디어에 나오지 않았으면 좋겠다”, “연예인이 저런 성적 행위하는 걸 처음 봐서 충격이다” 등의 부정적 반응을 쏟아냈다.또 “내 아이가 어린이 채널에서 저런 동영상을 본다면 생각만 해도 끔찍하다”, “눈을 의심했다, 성별 바꿔서 생각해보라”, “이게 뭐하는 짓이냐. 희극인이라고 성적 행위 묘사해도 되느냐”, “보기 거북하고 편집에도 문제가 있어 당황스럽다” 등 콘텐츠 내용과 제작진 대응에 대한 비판도 이어졌다.박나래는 KBS 21기 공채 개그맨으로 2019년 MBC 방송연예대상 대상, 2020년 MBC 방송연예대상 올해의 예능인상을 수상하는 등 다양한 분야와 방송프로그램에서 활동하고 있다.“박나래 왜 저래” 아이 보는 웹예능서 성희롱 논란…제작진 공식 사과 - 개그맨 박나래의 행동에 얼굴을 감싼 채 당황해하는 출연진 모습. 웹예능 ‘헤이나래’ 유튜브 영상 캡처 2021-03-24“박나래 왜 저래” 아이 보는 웹예능서 성희롱 논란…제작진 공식 사과 - 개그맨 박나래의 행동에 얼굴을 감싼 채 당황해하는 출연진 모습. 네이트판 캡처 2021-03-24“박나래 왜 저래” 아이 보는 웹예능서 성희롱 논란…제작진 공식 사과 - 유튜브 채널 스튜디오 와플 제공강주리 기자 jurik@seoul.co.kr▶ 네이버에서 서울신문 구독하기 클릭!▶ [인터랙티브] 코로나 청년 잔혹사▶ [나우뉴스] 세상에 이런 일이ⓒ 서울신문(www.seoul.co.kr), 무단전재 및 재배포금지"
조선일보,2021.03.24,https://n.news.naver.com/mnews/article/023/0003603786?sid=103,"제작진 “과한 연출로 출연자에게 피해드려” 사과/유튜브웹 예능 ‘헤이나래’ 제작진이 최근 불거진 출연자 박나래의 성희롱 논란에 대해 사과했다.제작진은 24일 유튜브 채널 커뮤니티 공지사항을 통해 “구독자분들께 실망감을 드린 점 진심으로 사과의 말씀을 드린다”고 했다. 출연자들에게도 “제작진의 과한 연출과 캐릭터 설정으로 피해를 드린 점에 대해 송구스러운 마음”이라고 했다.‘헤이나래’는 CJ ENM의 디지털 예능 채널 스튜디오 와플이 제작하는 오리지널 컨텐츠다. 박나래와 키즈 유튜버 헤이지니가 출연하는 리얼리티 예능이다.문제가 된 것은 지난 23일 올라온 ‘헤이나래 EP.2 제목은 최신유행 장난감 체험으로 하겠습니다. 근데 이제 회 한사바리를 곁들인’이라는 영상이다./온라인 커뮤니티해당 영상에서 박나래는 ‘암스트롱맨’이라는 남자 인형의 옷을 갈아입히며 인형의 팔을 사타구니쪽으로 가져가 성기 모양을 만들었다. 해당 장면에는 ‘이러고 있어야지’, ‘(어디까지 늘어나지?)’ 등의 자막이 삽입됐다. 논란이 커지자 해당 영상은 비공개 처리됐다.이보다 앞서 올라온 ‘헤이나래 EP.0 이게 방송에 나가요? 그래서 디지털로 왔습니다. 헤이나래의 각 금(禁) 정상회담 ※어린이 시청 금지※’ 영상도 도마에 올랐다. 해당 영상에서 헤이지니가 “저를 좋아하는 친구들이 박나래 언니에게 괴롭힘을 당하면 당근을 흔들며 구조 요청을 하라고 하더라”라고 말하자, 박나래는 “당근을 왜 흔들어?”라고 말하며 다리 사이에서 손을 흔들었다. 남성들의 자위 행위를 연상하게 하는 대목이다. 또 발을 모아 테이블 다리를 비비는 등 음란 행위를 떠오르게 하는 장면도 있었다. 제작진은 이 장면에 ‘특이점이 온 발 사용법’, ‘야쓰’ 라는 자막을 달았다.네티즌들은 “선을 넘었다”고 지적했다. 한 네티즌은 “성별이 바뀌었으면 매장당하고 연예계 은퇴 아니냐”고 했고, 다른 네티즌은 “(성적 농담이 아닌) 방송에서 유사 성행위를 한 것”이라고 지적했다./MBC 나혼자산다 시청자 의견 게시판박나래가 직접 사과하고 자숙해야 한다는 여론도 커지고 있다. 박나래가 출연 중인 MBC ‘나혼자 산다’의 시청자 의견 게시판에는 “성희롱 일삼는 박나래의 하차를 요구한다”는 글이 50여 건 올라왔다.[오경묵 기자 note@chosun.com]▶조선일보가 뽑은 뉴스, 확인해보세요▶최고 기자들의 뉴스레터 받아보세요▶1등 신문 조선일보, 앱으로 편하게 보세요"
조선일보,2021.03.25,https://n.news.naver.com/mnews/article/023/0003603984?sid=103,"웹 예능 ‘헤이나래’ 방송 중에 성희롱 발언으로 물의를 일으킨 개그우먼 박나래가 25일 사과문을 내고 프로그램에서 하차하기로 했다./트위터박나래는 이날 소속사 제이디비엔터테인먼트를 통해 입장문을 내고 “제작진으로부터 기획 의도와 캐릭터 설정 그리고 소품들을 전해 들었을 때 본인 선에서 어느 정도 걸러져야 했고 표현 방법에 대해서도 더 고민했어야 했는데 그렇지 못했던 점에 대해 깊이 반성한다”고 했다.그는 “영상을 시청한 분들께 불편함을 끼친 것에 대해 문제를 인지하고 있으며, 다시 한번 고개 숙여 사과 말씀을 드린다”며 “‘헤이나래'에서 하차하기로 했다. 이번을 계기로 앞으로 좀 더 고민하고 진행할 수 있도록 하겠다. 다시 한번 무거운 책임감을 느끼고 많은 분께 심려를 끼쳐 송구한 마음을 전한다”고 했다.‘헤이나래’는 CJ ENM의 디지털 예능 채널 스튜디오 와플이 제작하는 오리지널 콘텐츠다. 박나래와 키즈 유튜버 헤이지니가 출연하는 리얼리티 예능 프로그램이다.문제가 된 것은 지난 23일 공개된 2회에서 박나래의 장난감 체험 장면이었다. 해당 영상에서 박나래는 ‘암스트롱맨’이라는 남자 인형의 옷을 갈아입히며 인형의 팔을 사타구니쪽으로 가져가 성기 모양을 만들었다. 해당 장면에는 ‘이러고 있어야지’, ‘(어디까지 늘어나지?)’ 등의 자막이 삽입됐다./유튜브이에 네티즌들은 “선을 넘었다” “성별 바뀌었으면 매장당하고 은퇴해야 하는 것 아니냐” 등의 반응을 보였다. 논란이 커지자 제작진은 24일 유튜브 채널 커뮤니티 공지사항을 통해 공식 사과하고, 해당 영상을 비공개 처리했다.제작진은 “구독자분들께 실망감을 드린 점 진심으로 사과의 말씀을 드린다”고 했다. 출연자들에게도 “제작진의 과한 연출과 캐릭터 설정으로 피해를 드린 점에 대해 송구스러운 마음”이라고 했다.다음은 JDB엔터테인먼트 공식입장 전문박나래씨 소속사 제이디비엔터테인먼트입니다.우선 박나래 씨의 공식 입장이 늦은 것에 대해 죄송한 말씀드립니다. 제작진과의 회의가 계속 길어지면서 입장 표명이 늦어지게 된 점 다시 한번 사과의 말씀 전합니다.웹예능의 제작진으로부터 기획 의도와 캐릭터 설정 그리고 소품들을 전해 들었을 때 본인 선에서 어느 정도 걸러져야 했고, 또한 표현 방법에 대해서도 더 고민했어야 했는데 그렇지 못했던 점에 대해 깊이 반성하고 있습니다.영상을 시청한 분들께 불편함을 드린 것에 대해 문제를 인지하고 있으며, 다시 한번 고개 숙여 사과 말씀 드립니다.프로그램에서는 하차를 하기로 제작진과 논의를 마쳤습니다. 이번을 계기로 앞으로 좀 더 고민하고 진행할 수 있도록 하겠습니다. 다시 한번 무거운 책임감을 느끼고, 많은 분들께 심려를 끼쳐 송구한 마음 전합니다.[김승현 기자 mykim010@chosun.com]▶조선일보가 뽑은 뉴스, 확인해보세요▶최고 기자들의 뉴스레터 받아보세요▶1등 신문 조선일보, 앱으로 편하게 보세요"
중앙일보,2021.03.24,https://n.news.naver.com/mnews/article/025/0003087791?sid=103,"개그우먼 박나래가 웹예능 방송 중 인형을 갖고 노는 장면으로 성희롱 논란이 불거졌다. 사진 유튜브 채널 헤이나래웹예능 ‘헤이나래’ 제작진이 개그우먼 박나래의 성희롱 논란에 대해 사과했다.제작진은 공식 유튜브 채널 커뮤니티 게시판에 24일 “구독자들에게 실망감을 안긴 점 진심으로 사과한다”며 “구독자들이 주신 의견을 겸허히 받아들여 2회 영상은 재검토 예정”이라고 밝혔다.출연자인 헤이지니와 박나래에게도 사과의 뜻을 전했다. 제작진은 “앞으로 공개될 영상 역시 제작에 주의하도록 하겠다”며 “제작진의 과한 연출과 캐릭터 설정으로 출연자들에게 피해를 끼친 점에 대해서도 송구스러운 마음”이라고 덧붙였다.방송은 19금 콘텐트 대표 박나래와 어린이 대통령 헤이지니가 함께하는 리얼리티 예능으로, 박나래가 아슬아슬한 개그를 선보이면 헤이지니가 당황해하는 모습으로 웃음을 선사하는 콘셉트다.문제는 최신 유행 장난감 체험을 하는 최근 영상에서 불거졌다. 속옷만 입은 남성 인형을 살펴보던 박나래는 팔이 어디까지 늘어나는지 살펴본다며 성기를 연상케 하는 모양을 연출했다. 이를 두고 온라인에서는 “남성 연예인이 바비인형으로 같은 행동 했다면 연예계 은퇴 감”이라며 불쾌하다는 반응이 이어졌다.인기 개그우먼들이 성희롱 논란에 휩싸인 건 이번이 처음은 아니다. 개그우먼 이세영은 과거 tvN ‘SNL 코리아’ 녹화 중 특별 출연한 아이돌그룹에 반갑다며 달려드는 과정에서 당황한 남성 출연자들이 주요 부위를 가리는 영상이 공개되면서 문제가 됐다.이국주 또한 각종 프로그램을 통해 남성 연예인들에게 저돌적인 애정 공세를 펼치는 모습을 자주 보여왔고, 이 과정에서 신체접촉도 서슴지 않으며 성희롱과 다름없다는 비판이 제기됐다.그간 개그우먼들의 성희롱 논란은 모두 사석이 아니라 방송에서 벌어진 일이라는 점에서 재미를 위해 부추기는 제작진이 문제의 원인이라는 지적도 나온다. 한 문화평론가는 “개그우먼의 성희롱은 시청률을 위해 논란이 될 부분을 방치하는 방송계 전체의 문제로 봐야 한다”고 말했다.이가영 기자 lee.gayoung1@joongang.co.kr"
중앙일보,2021.03.25,https://n.news.naver.com/mnews/article/025/0003088096?sid=103,"개그우먼 박나래가 웹예능 방송 중 인형을 갖고 노는 장면으로 성희롱 논란이 불거졌다. 사진 유튜브 헤이나래웹예능 프로그램 ‘헤이나래’에서 부적절한 언행으로 성희롱 논란을 일으킨 박나래가 사과했다. 프로그램에서도 하차한다고 밝혔다.박나래의 소속사 제이디비엔터테인먼트는 25일 입장문을 통해 ""영상을 시청한 분들께 불편함을 드린 것에 대해 문제를 인지하고 있으며, 다시 한번 고개 숙여 사과 말씀드린다""고 했다. 공식 입장이 늦어진 데 대해선 소속사 회의가 길어졌기 때문이라고 설명했다.이어 “제작진으로부터 기획 의도와 캐릭터 설정 그리고 소품들을 전해 들었을 때 본인 선에서 어느 정도 걸러져야 했고, 또한 표현 방법에 대해서도 더 고민했어야 했는데 그렇지 못했던 점에 대해 깊이 반성하고 있다”고 덧붙였다.또 ”(박나래는) ‘헤이나래’에서 하차하기로 제작진과 논의를 마쳤다”면서 “이번을 계기로 앞으로 좀 더 고민하고 진행할 수 있도록 하겠다”고 밝혔다. 소속사는 “다시 한번 무거운 책임감을 느끼고, 많은 분들께 심려를 끼쳐 송구한 마음 전한다”며 거듭 고개를 숙였다.함께 출연한 유튜버 헤이지니(강혜진)도 자신의 SNS를 통해 사과했다. 그는 이날 오후 인스타그램에 자필 사과문을 올려 “불미스런 영상에 대해 출연자로서 기분이 상하셨을 모든 분들에게 진심으로 사죄의 말씀 드린다”고 밝혔다. 이어 “어린이 콘텐츠를 제작하고 있는 크리에이터로서 시청해주시는 팬들과 모든 분들이 불편하게 느끼실 영상에 출연했다. 제가 좀 더 신중하게 체크했어야 했는데 조심하지 못했다”고 말했다.개그맨 박나래와 유튜버 헤이지니가 출연하는 리얼리티 예능 프로그램인 ‘헤이나래‘는 CJ ENM의 디지털 예능 채널 스튜디오 와플의 오리지널 콘텐트다.문제는 지난 23일 불거졌다. 방송 2회차로 최신 유행 장난감을 체험하는 에피소드였다. 영상에는 속옷만 입은 남성 인형을 살펴보던 박나래가 팔이 어디까지 늘어나는지 살펴본다며 성기를 연상케 하는 모양을 연출하는 모습이 담겼다.즉각 온라인에서는 “남성 연예인이 바비인형으로 같은 행동 했다면 연예계 은퇴 감”이라며 불쾌하다는 반응이 이어졌다.해당 영상은 비공개 처리됐으며 제작진은 24일 유튜브 채널 커뮤니티 공지사항을 통해 “구독자분들께 실망감을 드린 점 진심으로 사과의 말씀을 드린다”고 밝혔다. 이어 출연자들에게도 “제작진의 과한 연출과 캐릭터 설정으로 피해를 드린 점에 대해서도 송구스러운 마음”이라고 전했다.홍주희 기자 honghong@joongang.co.kr"
중앙일보,2021.03.25,https://n.news.naver.com/mnews/article/025/0003088002?sid=103,"23일 공개된 유튜브 웹예능 '헤이나래' 2화에서 개그우먼 박나래가 인형을 소개하는 장면이 성희롱 논란으로 번졌다. [유튜브 스튜디오와플]유튜브 웹예능 '헤이나래' 진행자 개그우먼 박나래의 '성희롱 논란'이 그가 출연하고 있는 다른 방송사 프로그램까지 번졌다. 박나래의 대표 출연작인 MBC '나혼자산다' 시청자게시판엔 박나래의 하차를 요구하는 글이 25일 현재 300개 넘게 이어지고 있다.네티즌들은 ""화면에 '15세 시청'이라고 걸어놓고 성매매업소에서나 할 법한 유사성행위를 묘사한 박나래에 대해 처분이 필요하다"" ""남성 비하 성희롱, 박나래 하차하라. 왜 여성에게만 관대한가?"" ""방송에서 보기 불편하다"" 등 거세게 항의했다.유튜브 웹예능 '헤이나래' 진행자 개그우먼 박나래의 '성희롱 논란'이 그가 출연하고 있는 다른 방송사 프로그램까지 번졌다. 박나래의 대표 출연작인 MBC '나혼자산다' 시청자게시판엔 박나래의 하차를 요구하는 글이 25일 현재 300개 넘게 이어지고 있다. [MBC 홈페이지 게시판 캡처]앞서 박나래는 CJ ENM 스튜디오 와플의 유튜브 웹예능 '헤이나래'에 출연해 최근 유행하는 장난감을 소개하는 과정에서 남성에 대한 성희롱 논란을 빚었다. 해당 예능은 박나래가 아슬아슬한 개그를 펼치면 키즈콘텐트 유튜버 헤이지니(본명 강혜진, 32·여)가 당황해하며 만류하는 모습으로 웃음을 주는 콘셉트다.지난 23일 공개된 2화 '최신유행 장난감 체험…' 영상에서 진행자 박나래와 헤이지니는 '암스트롱맨' 인형을 소개했다. 문제는 속옷만 입은 남성 인형을 살펴보던 박나래가 '인형의 팔이 어디까지 늘어나는지 살펴보겠다'며 남성의 사타구니 아래로 인형 팔을 주욱 늘리는 모습을 연출하며 불거졌다. 제작진은 해당 장면에 '이러고 있어야지 (어디까지 늘어나지?)' 등의 자막을 띄웠다.이를 두고 온라인에서는 ""남성 연예인이 바비인형으로 같은 행동 했다면 연예계 은퇴 감이다"" ""선을 넘었다"" 등 불쾌하다는 반응이 이어졌다.결국 제작진은 지난 24일 해당 영상을 비공개 처리했다. 그러면서 ""구독자들에게 실망감을 안긴 점 진심으로 사과한다""며 ""구독자들이 주신 의견을 겸허히 받아들여 2회 영상은 재검토 예정""이라고 밝혔다.고석현 기자 ko.sukhyun@joongang.co.kr"
중앙일보,2021.03.25,https://n.news.naver.com/mnews/article/025/0003088199?sid=102,"개그우먼 박나래가 웹예능 방송 중 인형을 갖고 노는 장면으로 성희롱 논란이 불거졌다. 사진 유튜브 헤이나래박나래 논란의 불똥이 MBC 예능 프로그램 ‘나 혼자 산다‘’로 튀었다.웹 예능 프로그램 ‘헤이나래’에서 부적절한 언행으로 성희롱 논란을 일으킨 박나래가 25일 사과하고, 프로그램 하차를 선언했지만 일부 네티즌들은 ""MBC ‘나 혼자 산다’에서도 하차하라""고 요구하고 나섰다. 박나래의 다른 영상도 문제가 될 만한 것이 많았다며 공중파에서도 퇴출해야 한다는 주장이다. ‘나 혼자 산다’ 하차까지 요구하는 건 과도하다며 박나래를 응원하는 반대 의견도 팽팽하게 맞서고 있다.유튜브 웹예능 '헤이나래' 진행자 개그우먼 박나래의 '성희롱 논란'이 그가 출연하고 있는 다른 방송사 프로그램까지 번졌다. 박나래의 대표 출연작인 MBC '나혼자산다' 시청자게시판엔 박나래의 하차를 요구하는 글이 25일 현재 300개 넘게 이어지고 있다. [MBC 홈페이지 게시판 캡처]성별로 의견이 갈리는 젠더 갈등의 양상도 보인다. 박나래의 행동을 문제 삼는 한 네티즌은 “남자가 하면 범죄, 여자가 할 때는 장난이냐”며 성별에 따라 사회적 평가의 잣대가 달라진다고 반발하고 있다. 반면 박나래에 대한 징벌이 과도하다며 “멀쩡한 사람을 여성 혐오의 희생양으로 삼는다”고 반박하는 의견도 있다.박나래는 CJ E&M의 디지털 예능 채널 지난 23일 ‘헤이나래’ 2회차에서 속옷만 입은 인형을 살펴보면서 문제가 된 언행을 했다. 온라인에서는 “남성 연예인이 바비인형으로 같은 행동을 했다면 은퇴 감”이라는 비판이 일었다.이해준 기자 lee.hayjune@joongang.co.kr"
한국일보,2021.03.25,https://n.news.naver.com/mnews/article/469/0000591389?sid=103,"성희롱 논란으로 웹예능 '헤이나래'서 하차한 박나래. 제이디비엔터테인먼트 제공코미디언 박나래가 웹예능 '헤이나래' 방송 중 성희롱에 대해 사과하고, 하차하기로 했다. '헤이나래' 측은 프로그램 폐지를 결정했다.박나래의 소속사 제이디비엔터테인먼트는 25일 공식 입장을 내어 ""영상을 시청한 분들께 불편함을 드린 것에 대해 문제를 인지하고 있으며, 다시 한번 고개 숙여 사과 말씀드린다""며 ""'헤이나래' 프로그램에서는 하차를 하기로 제작진과 논의를 마쳤다""고 밝혔다. '헤이나래'를 선보인 CJ ENM의 디지털 예능 채널 스튜디오 와플도 이날 입장을 내고 프로그램 폐지를 알렸다.'헤이나래'는 박나래와 어린이 대통령으로 불리는 유튜버 헤이지니의 '동심 도전기'를 그린 웹예능이다. 문제가 된 것은 지난 23일 공개된 고무인형 체험편. 박나래가 인형의 신체 주요 부위를 잡아당기며 성적인 묘사를 하고 수위 높은 발언을 해 성희롱 논란이 일었다. 해당 영상은 현재 비공개 처리됐다.소속사는 ""제작진으로부터 기획 의도와 캐릭터 설정, 소품들을 전해 들었을 때 본인 선에서 어느 정도 걸러져야 했고, 표현 방법에 대해서도 더 고민했어야 했는데 그렇지 못했던 점에 대해 깊이 반성하고 있다""며 ""이번을 계기로 앞으로 좀 더 고민하고 진행할 수 있도록 하겠다""고 전했다.권영은 기자 you@hankookilbo.com▶[디어마더] 엄마의 삶을 인터뷰하고 책에 담으세요▶[집공사] 아파트 꿈 깨고 7평 옛집 고쳤더니...▶한국일보닷컴 바로가기"
