Office,Date,Link,Identity
경향신문,2021.03.08,https://n.news.naver.com/mnews/article/032/0003062975?sid=103,n0003062975
국민일보,2021.03.04,https://n.news.naver.com/mnews/article/005/0001417070?sid=103,n0001417070
,2021.03.05,https://m.entertain.naver.com/article/005/0001417277,m0001417277
국민일보,2021.03.08,https://n.news.naver.com/mnews/article/005/0001418105?sid=103,n0001418105
문화일보,2021.03.23,https://n.news.naver.com/mnews/article/021/0002464673?sid=103,n0002464673
,2021.02.25,https://m.entertain.naver.com/article/022/0003555870,m0003555870
,2021.03.02,https://m.entertain.naver.com/article/022/0003557161,m0003557161
,2021.03.06,https://m.entertain.naver.com/article/022/0003558586,m0003558586
세계일보,2021.03.08,https://n.news.naver.com/mnews/article/022/0003559092?sid=105,n0003559092
,2021.03.19,https://m.entertain.naver.com/article/022/0003562820,m0003562820
,2021.03.23,https://m.entertain.naver.com/article/022/0003563798,m0003563798
중앙일보,2021.02.25,https://n.news.naver.com/mnews/article/025/0003080559?sid=103,n0003080559
,2021.02.26,https://m.entertain.naver.com/article/469/0000583884,m0000583884
,2021.03.01,https://m.entertain.naver.com/article/469/0000584273,m0000584273
,2021.03.02,https://m.entertain.naver.com/article/469/0000584773,m0000584773
,2021.03.04,https://m.entertain.naver.com/article/469/0000585449,m0000585449
,2021.03.06,https://m.entertain.naver.com/article/469/0000585924,m0000585924
,2021.03.08,https://m.entertain.naver.com/article/469/0000586218,m0000586218
,2021.03.09,https://m.entertain.naver.com/article/469/0000586438,m0000586438
,2021.03.09,https://m.entertain.naver.com/article/469/0000586756,m0000586756
,2021.03.09,https://m.entertain.naver.com/article/469/0000586440,m0000586440
,2021.03.09,https://m.entertain.naver.com/article/469/0000586441,m0000586441
,2021.03.09,https://m.entertain.naver.com/article/469/0000586671,m0000586671
,2021.03.10,https://m.entertain.naver.com/article/469/0000587008,m0000587008
,2021.03.10,https://m.entertain.naver.com/article/469/0000586943,m0000586943
,2021.03.10,https://m.entertain.naver.com/article/469/0000586835,m0000586835
,2021.03.11,https://m.entertain.naver.com/article/469/0000587465,m0000587465
,2021.03.11,https://m.entertain.naver.com/article/469/0000587456,m0000587456
,2021.03.12,https://m.entertain.naver.com/article/469/0000587741,m0000587741
,2021.03.12,https://m.entertain.naver.com/article/469/0000587734,m0000587734
,2021.03.13,https://m.entertain.naver.com/article/469/0000587830,m0000587830
,2021.03.15,https://m.entertain.naver.com/article/469/0000588118,m0000588118
,2021.03.16,https://m.entertain.naver.com/article/469/0000588414,m0000588414
,2021.03.18,https://m.entertain.naver.com/article/469/0000589431,m0000589431
,2021.03.18,https://m.entertain.naver.com/article/469/0000589433,m0000589433
,2021.03.18,https://m.entertain.naver.com/article/469/0000589377,m0000589377
,2021.03.20,https://m.entertain.naver.com/article/469/0000589773,m0000589773
,2021.03.23,https://m.entertain.naver.com/article/469/0000590388,m0000590388
,2021.03.23,https://m.entertain.naver.com/article/469/0000590704,m0000590704
,2021.03.23,https://m.entertain.naver.com/article/469/0000590717,m0000590717
