Office,Date,Link,Identity
국민일보,2021.03.26,https://n.news.naver.com/mnews/article/005/0001424256?sid=102,n0001424256
국민일보,2021.03.26,https://n.news.naver.com/mnews/article/005/0001424235?sid=103,n0001424235
국민일보,2021.03.26,https://n.news.naver.com/mnews/article/005/0001424318?sid=103,n0001424318
,2021.03.27,https://m.entertain.naver.com/article/005/0001424548,m0001424548
국민일보,2021.03.29,https://n.news.naver.com/mnews/article/005/0001424852?sid=110,n0001424852
,2021.04.09,https://m.entertain.naver.com/article/005/0001429107,m0001429107
,2021.03.26,https://m.entertain.naver.com/article/020/0003347060,m0003347060
,2021.03.26,https://m.entertain.naver.com/article/020/0003346982,m0003346982
동아일보,2021.03.26,https://n.news.naver.com/mnews/article/020/0003347111?sid=102,n0003347111
,2021.03.26,https://m.entertain.naver.com/article/021/0002465148,m0002465148
,2021.03.26,https://m.entertain.naver.com/article/081/0003173975,m0003173975
,2021.03.26,https://m.entertain.naver.com/article/022/0003565148,m0003565148
,2021.03.26,https://m.entertain.naver.com/article/022/0003565063,m0003565063
,2021.03.26,https://m.entertain.naver.com/article/022/0003565037,m0003565037
,2021.03.27,https://m.entertain.naver.com/article/022/0003565342,m0003565342
,2021.03.29,https://m.entertain.naver.com/article/022/0003565844,m0003565844
,2021.03.31,https://m.entertain.naver.com/article/022/0003566531,m0003566531
,2021.04.02,https://m.entertain.naver.com/article/022/0003567581,m0003567581
,2021.04.02,https://m.entertain.naver.com/article/022/0003567463,m0003567463
조선일보,2021.03.26,https://n.news.naver.com/mnews/article/023/0003604207?sid=103,n0003604207
조선일보,2021.04.06,https://n.news.naver.com/mnews/article/023/0003606185?sid=102,n0003606185
조선일보,2021.04.08,https://n.news.naver.com/mnews/article/023/0003606705?sid=103,n0003606705
,2021.03.26,https://m.entertain.naver.com/article/025/0003088218,m0003088218
중앙일보,2021.03.26,https://n.news.naver.com/mnews/article/025/0003088334?sid=103,n0003088334
,2021.03.26,https://m.entertain.naver.com/article/469/0000591530,m0000591530
,2021.03.26,https://m.entertain.naver.com/article/469/0000591792,m0000591792
,2021.03.26,https://m.entertain.naver.com/article/469/0000591583,m0000591583
,2021.03.26,https://m.entertain.naver.com/article/469/0000591491,m0000591491
,2021.03.27,https://m.entertain.naver.com/article/469/0000591859,m0000591859
,2021.03.27,https://m.entertain.naver.com/article/469/0000591870,m0000591870
한국일보,2021.03.28,https://n.news.naver.com/mnews/article/469/0000591946?sid=103,n0000591946
,2021.03.29,https://m.entertain.naver.com/article/469/0000592276,m0000592276
,2021.03.30,https://m.entertain.naver.com/article/469/0000592495,m0000592495
,2021.03.30,https://m.entertain.naver.com/article/469/0000592492,m0000592492
,2021.03.30,https://m.entertain.naver.com/article/469/0000592839,m0000592839
,2021.04.01,https://m.entertain.naver.com/article/469/0000593582,m0000593582
,2021.04.02,https://m.entertain.naver.com/article/469/0000593863,m0000593863
,2021.04.02,https://m.entertain.naver.com/article/469/0000593758,m0000593758
,2021.04.02,https://m.entertain.naver.com/article/469/0000593598,m0000593598
,2021.04.03,https://m.entertain.naver.com/article/469/0000593953,m0000593953
,2021.04.03,https://m.entertain.naver.com/article/469/0000593886,m0000593886
,2021.04.05,https://m.entertain.naver.com/article/469/0000594480,m0000594480
,2021.04.06,https://m.entertain.naver.com/article/469/0000594497,m0000594497
,2021.04.06,https://m.entertain.naver.com/article/469/0000594793,m0000594793
,2021.04.09,https://m.entertain.naver.com/article/469/0000595492,m0000595492
,2021.04.09,https://m.entertain.naver.com/article/469/0000595494,m0000595494
,2021.04.09,https://m.entertain.naver.com/article/469/0000595735,m0000595735
