Office,Date,Link,Identity
경향신문,2022.06.21,https://n.news.naver.com/mnews/article/032/0003154639?sid=110,n0003154639
경향신문,2022.07.18,https://n.news.naver.com/mnews/article/032/0003160531?sid=103,n0003160531
국민일보,2022.06.21,https://n.news.naver.com/mnews/article/005/0001534518?sid=102,n0001534518
국민일보,2022.06.22,https://n.news.naver.com/mnews/article/005/0001534974?sid=103,n0001534974
국민일보,2022.07.06,https://n.news.naver.com/mnews/article/005/0001538052?sid=102,n0001538052
국민일보,2022.07.14,https://n.news.naver.com/mnews/article/005/0001539886?sid=110,n0001539886
국민일보,2022.07.18,https://n.news.naver.com/mnews/article/005/0001540662?sid=103,n0001540662
동아일보,2022.07.18,https://n.news.naver.com/mnews/article/020/0003440623?sid=103,n0003440623
문화일보,2022.06.15,https://n.news.naver.com/mnews/article/021/0002517711?sid=102,n0002517711
문화일보,2022.06.15,https://n.news.naver.com/mnews/article/021/0002517777?sid=102,n0002517777
문화일보,2022.06.20,https://n.news.naver.com/mnews/article/021/0002518557?sid=102,n0002518557
문화일보,2022.06.22,https://n.news.naver.com/mnews/article/021/0002518926?sid=102,n0002518926
서울신문,2022.06.15,https://n.news.naver.com/mnews/article/081/0003280087?sid=103,n0003280087
서울신문,2022.06.20,https://n.news.naver.com/mnews/article/081/0003281191?sid=103,n0003281191
서울신문,2022.06.20,https://n.news.naver.com/mnews/article/081/0003281342?sid=103,n0003281342
서울신문,2022.06.23,https://n.news.naver.com/mnews/article/081/0003282068?sid=103,n0003282068
서울신문,2022.07.06,https://n.news.naver.com/mnews/article/081/0003285047?sid=103,n0003285047
서울신문,2022.07.18,https://n.news.naver.com/mnews/article/081/0003288002?sid=103,n0003288002
,2022.06.15,https://m.entertain.naver.com/article/022/0003705543,m0003705543
,2022.06.20,https://m.entertain.naver.com/article/022/0003707005,m0003707005
,2022.06.20,https://m.entertain.naver.com/article/022/0003707035,m0003707035
,2022.06.21,https://m.entertain.naver.com/article/022/0003707444,m0003707444
,2022.07.01,https://m.entertain.naver.com/article/022/0003710954,m0003710954
,2022.07.02,https://m.entertain.naver.com/article/022/0003711122,m0003711122
세계일보,2022.07.04,https://n.news.naver.com/mnews/article/022/0003711746?sid=102,n0003711746
,2022.07.05,https://m.entertain.naver.com/article/022/0003711970,m0003711970
세계일보,2022.07.05,https://n.news.naver.com/mnews/article/022/0003712019?sid=102,n0003712019
,2022.07.06,https://m.entertain.naver.com/article/022/0003712326,m0003712326
,2022.07.06,https://m.entertain.naver.com/article/022/0003712460,m0003712460
,2022.07.06,https://m.entertain.naver.com/article/022/0003712463,m0003712463
,2022.07.18,https://m.entertain.naver.com/article/022/0003716293,m0003716293
,2022.07.18,https://m.entertain.naver.com/article/022/0003716253,m0003716253
,2022.07.18,https://m.entertain.naver.com/article/022/0003716214,m0003716214
,2022.07.18,https://m.entertain.naver.com/article/022/0003716164,m0003716164
조선일보,2022.06.20,https://n.news.naver.com/mnews/article/023/0003698642?sid=103,n0003698642
조선일보,2022.06.22,https://n.news.naver.com/mnews/article/023/0003699195?sid=103,n0003699195
조선일보,2022.06.22,https://n.news.naver.com/mnews/article/023/0003699117?sid=102,n0003699117
조선일보,2022.06.22,https://n.news.naver.com/mnews/article/023/0003699027?sid=110,n0003699027
조선일보,2022.06.28,https://n.news.naver.com/mnews/article/023/0003700187?sid=110,n0003700187
조선일보,2022.07.06,https://n.news.naver.com/mnews/article/023/0003701985?sid=103,n0003701985
조선일보,2022.07.18,https://n.news.naver.com/mnews/article/023/0003704466?sid=103,n0003704466
,2022.07.18,https://m.entertain.naver.com/article/023/0003704465,m0003704465
중앙일보,2022.06.20,https://n.news.naver.com/mnews/article/025/0003203653?sid=104,n0003203653
중앙일보,2022.06.22,https://n.news.naver.com/mnews/article/025/0003204336?sid=103,n0003204336
중앙일보,2022.06.29,https://n.news.naver.com/mnews/article/025/0003206146?sid=103,n0003206146
중앙일보,2022.07.06,https://n.news.naver.com/mnews/article/025/0003207672?sid=103,n0003207672
중앙일보,2022.07.12,https://n.news.naver.com/mnews/article/025/0003209089?sid=103,n0003209089
중앙일보,2022.07.13,https://n.news.naver.com/mnews/article/025/0003209360?sid=102,n0003209360
중앙일보,2022.07.13,https://n.news.naver.com/mnews/article/025/0003209206?sid=103,n0003209206
중앙일보,2022.07.18,https://n.news.naver.com/mnews/article/025/0003210421?sid=103,n0003210421
중앙일보,2022.07.18,https://n.news.naver.com/mnews/article/025/0003210499?sid=103,n0003210499
한겨레,2022.06.15,https://n.news.naver.com/mnews/article/028/0002594706?sid=103,n0002594706
한겨레,2022.06.21,https://n.news.naver.com/mnews/article/028/0002595582?sid=103,n0002595582
한겨레,2022.06.23,https://n.news.naver.com/mnews/article/028/0002595843?sid=103,n0002595843
한겨레,2022.07.03,https://n.news.naver.com/mnews/article/028/0002597118?sid=110,n0002597118
한겨레,2022.07.04,https://n.news.naver.com/mnews/article/028/0002597217?sid=102,n0002597217
한겨레,2022.07.04,https://n.news.naver.com/mnews/article/028/0002597212?sid=102,n0002597212
한겨레,2022.07.11,https://n.news.naver.com/mnews/article/028/0002598084?sid=103,n0002598084
한겨레,2022.07.11,https://n.news.naver.com/mnews/article/028/0002598082?sid=103,n0002598082
한겨레,2022.07.18,https://n.news.naver.com/mnews/article/028/0002599062?sid=103,n0002599062
,2022.06.20,https://m.entertain.naver.com/article/469/0000681741,m0000681741
,2022.06.20,https://m.entertain.naver.com/article/469/0000681736,m0000681736
,2022.06.20,https://m.entertain.naver.com/article/469/0000681760,m0000681760
한국일보,2022.06.21,https://n.news.naver.com/mnews/article/469/0000681833?sid=102,n0000681833
,2022.06.21,https://m.entertain.naver.com/article/469/0000681834,m0000681834
,2022.06.22,https://m.entertain.naver.com/article/469/0000682044,m0000682044
한국일보,2022.06.22,https://n.news.naver.com/mnews/article/469/0000682090?sid=103,n0000682090
한국일보,2022.06.23,https://n.news.naver.com/mnews/article/469/0000682321?sid=103,n0000682321
,2022.06.23,https://m.entertain.naver.com/article/469/0000682388,m0000682388
,2022.06.23,https://m.entertain.naver.com/article/469/0000682411,m0000682411
한국일보,2022.06.25,https://n.news.naver.com/mnews/article/469/0000682676?sid=103,n0000682676
한국일보,2022.07.06,https://n.news.naver.com/mnews/article/469/0000684695?sid=102,n0000684695
,2022.07.13,https://m.entertain.naver.com/article/469/0000685834,m0000685834
한국일보,2022.07.18,https://n.news.naver.com/mnews/article/469/0000686770?sid=103,n0000686770
,2022.07.18,https://m.entertain.naver.com/article/469/0000686705,m0000686705
한국일보,2022.07.18,https://n.news.naver.com/mnews/article/469/0000686714?sid=103,n0000686714
,2022.07.18,https://m.entertain.naver.com/article/469/0000686639,m0000686639
