Office,Date,Link,Identity
국민일보,2022.07.19,https://n.news.naver.com/mnews/article/005/0001540823?sid=103,n0001540823
국민일보,2022.07.19,https://n.news.naver.com/mnews/article/005/0001540929?sid=103,n0001540929
국민일보,2022.07.20,https://n.news.naver.com/mnews/article/005/0001541230?sid=103,n0001541230
,2022.07.20,https://m.entertain.naver.com/article/005/0001541040,m0001541040
국민일보,2022.07.23,https://n.news.naver.com/mnews/article/005/0001541766?sid=103,n0001541766
국민일보,2022.07.24,https://n.news.naver.com/mnews/article/005/0001541800?sid=103,n0001541800
문화일보,2022.07.19,https://n.news.naver.com/mnews/article/021/0002522611?sid=102,n0002522611
,2022.07.24,https://m.entertain.naver.com/article/021/0002523417,m0002523417
서울신문,2022.07.19,https://n.news.naver.com/mnews/article/081/0003288203?sid=103,n0003288203
,2022.07.19,https://m.entertain.naver.com/article/081/0003288177,m0003288177
서울신문,2022.07.19,https://n.news.naver.com/mnews/article/081/0003288214?sid=103,n0003288214
,2022.07.19,https://m.entertain.naver.com/article/081/0003288309,m0003288309
서울신문,2022.07.20,https://n.news.naver.com/mnews/article/081/0003288616?sid=103,n0003288616
서울신문,2022.07.20,https://n.news.naver.com/mnews/article/081/0003288754?sid=103,n0003288754
서울신문,2022.07.25,https://n.news.naver.com/mnews/article/081/0003289765?sid=103,n0003289765
,2022.07.19,https://m.entertain.naver.com/article/022/0003716542,m0003716542
,2022.07.19,https://m.entertain.naver.com/article/022/0003716523,m0003716523
,2022.07.19,https://m.entertain.naver.com/article/022/0003716801,m0003716801
,2022.07.20,https://m.entertain.naver.com/article/022/0003717041,m0003717041
,2022.07.20,https://m.entertain.naver.com/article/022/0003717198,m0003717198
,2022.07.20,https://m.entertain.naver.com/article/022/0003717124,m0003717124
,2022.07.23,https://m.entertain.naver.com/article/022/0003718164,m0003718164
,2022.07.24,https://m.entertain.naver.com/article/022/0003718413,m0003718413
,2022.07.25,https://m.entertain.naver.com/article/022/0003718557,m0003718557
,2022.07.25,https://m.entertain.naver.com/article/022/0003718710,m0003718710
조선일보,2022.07.19,https://n.news.naver.com/mnews/article/023/0003704635?sid=103,n0003704635
조선일보,2022.07.19,https://n.news.naver.com/mnews/article/023/0003704564?sid=103,n0003704564
조선일보,2022.07.20,https://n.news.naver.com/mnews/article/023/0003705031?sid=103,n0003705031
,2022.07.23,https://m.entertain.naver.com/article/023/0003705720,m0003705720
,2022.07.25,https://m.entertain.naver.com/article/023/0003705923,m0003705923
중앙일보,2022.07.20,https://n.news.naver.com/mnews/article/025/0003211081?sid=103,n0003211081
중앙일보,2022.07.23,https://n.news.naver.com/mnews/article/025/0003211717?sid=103,n0003211717
중앙일보,2022.07.25,https://n.news.naver.com/mnews/article/025/0003211969?sid=103,n0003211969
중앙일보,2022.07.27,https://n.news.naver.com/mnews/article/025/0003212538?sid=110,n0003212538
한국일보,2022.07.21,https://n.news.naver.com/mnews/article/469/0000687309?sid=103,n0000687309
,2022.07.21,https://m.entertain.naver.com/article/469/0000687485,m0000687485
한국일보,2022.07.21,https://n.news.naver.com/mnews/article/469/0000687336?sid=103,n0000687336
한국일보,2022.07.23,https://n.news.naver.com/mnews/article/469/0000687752?sid=103,n0000687752
,2022.07.23,https://m.entertain.naver.com/article/469/0000687738,m0000687738
,2022.07.23,https://m.entertain.naver.com/article/469/0000687750,m0000687750
