﻿Video_ID,comment_text,comment_likes,comment_date
y4n6ayUsELk,50대 중년인데 왜 해체인지를 몰겠슴  블핑과 비교해도 2ne1이 더 듣고 보고 싶은데..내 귀를 더 즐겁게 흥을 느끼게 돌아 오면 안될까?,429,2024-08-27T14:48:10Z
y4n6ayUsELk,2NE1은 우리나라 여성그룹중에서 분명 탑티어다!! 부정할수없다!!,400,2024-09-07T03:00:37Z
y4n6ayUsELk,공민지는 댄스만 잘하는줄 알았는데 보컬도 이제 보니 넘 매력이네요!,306,2024-08-31T16:20:33Z
y4n6ayUsELk,개인적으로 역대 한국 여성그룹 1위라 생각함<br>한명 한명 개성이 너무 좋고 조합도 좋음<br>음악도 좋고..<br>계속 음악 나오고 활동하면 좋은데,257,2024-09-14T01:09:54Z
y4n6ayUsELk,곡이 죄다 레전드임..,242,2024-08-19T05:00:09Z
y4n6ayUsELk,투애니원… 짧은 생 제게 최고의 아이돌… ㅠ___ㅠ 항상 고맙습니다… 🖤,185,2024-08-17T16:44:21Z
y4n6ayUsELk,목소리가 매력적인 박봄 어나더레벨 클라스 매력 박봄 최고다~,169,2024-08-25T04:48:47Z
y4n6ayUsELk,"<a href=""https://www.youtube.com/watch?v=y4n6ayUsELk"">00:00</a> come back home<br><a href=""https://www.youtube.com/watch?v=y4n6ayUsELk&amp;t=189"">03:09</a> go away<br><a href=""https://www.youtube.com/watch?v=y4n6ayUsELk&amp;t=404"">06:44</a> 내가 제일 잘 나가<br><a href=""https://www.youtube.com/watch?v=y4n6ayUsELk&amp;t=608"">10:08</a> can&#39;t nobody<br><a href=""https://www.youtube.com/watch?v=y4n6ayUsELk&amp;t=816"">13:36</a> lonely<br><a href=""https://www.youtube.com/watch?v=y4n6ayUsELk&amp;t=1022"">17:02</a> falling in love<br><a href=""https://www.youtube.com/watch?v=y4n6ayUsELk&amp;t=1305"">21:45</a> take a bow<br><a href=""https://www.youtube.com/watch?v=y4n6ayUsELk&amp;t=1534"">25:34</a> 살아봤으면 해<br><a href=""https://www.youtube.com/watch?v=y4n6ayUsELk&amp;t=1747"">29:07</a> 그리워해요",160,2024-08-17T02:23:32Z
y4n6ayUsELk,현재 50대인 나 정말 변함없이 좋아하는 그룹,154,2024-09-06T08:47:46Z
y4n6ayUsELk,올해48인대 거의전세대걸그룹들봐왔지만 ses부터 현 아이브까지봐도 투에니원이최고라 생각하는1인입니다,146,2024-09-14T13:50:18Z
y4n6ayUsELk,이게 걸그룹이지~~~~!!!!!!!,131,2024-08-26T00:10:34Z
y4n6ayUsELk,콘서트 나도 가고싶다......,128,2024-08-18T01:44:14Z
y4n6ayUsELk,멤버 하나같이 보컬 짱짱하네. 지금 들어도 모든 노래가 다 세련되고 감각적이고 가사 전달력도 너무 좋음.,126,2024-09-11T09:33:30Z
y4n6ayUsELk,투애니원 한창 활동할때 응원할수 있었단게 정말... 예전에도 지금도 레전드 아티스트임ㅠㅠㅠ,102,2024-08-20T08:52:24Z
y4n6ayUsELk,지금 이렇게 그대들의 영상을 보는것만으로도 심장이 뛰는게 느껴지고 그때의 흥분이 생각나게 해주는데.. 그대들도 늘 행복한 삶을 살아주었으면 좋겠네요..,87,2024-09-08T13:37:47Z
y4n6ayUsELk,왜 눈물이나지 ㅠㅠ 보고싶다 투애니원,76,2024-08-22T15:47:47Z
y4n6ayUsELk,안타깝고  아쉬운 맘이 드는 2NEI  다같이 활동하는 모습 보고싶다 내가 제일 좋아하는 2NEI 이고 지금도 내폰에 저장되어 있는 노래들  ❤❤❤❤,76,2024-08-26T13:01:09Z
y4n6ayUsELk,이게 진짜 걸그룹이지.. yg가 문제도 분명 있지만 빅뱅이나 2ne1이나 진짜 최고들 키운건 맞음,71,2024-10-14T15:36:34Z
y4n6ayUsELk,라이브 죽인다,66,2024-09-07T08:15:54Z
y4n6ayUsELk,"정말로 유니크했던 걸그룹... 걸그룹이라고 부르기에는 저들을 향한 평가를 절하시키는 거 같고,  그냥 아티스트 그룹이었음....",65,2024-09-13T12:18:54Z
y4n6ayUsELk,진짜 한곡 한곡 다 명곡이네..,65,2024-08-26T12:18:56Z
y4n6ayUsELk,투애니원 노래는 진짜 지금도 듣는다. 거를게 없음.,63,2024-09-08T18:14:40Z
y4n6ayUsELk,걸그룹 중에 유일하게 맴버들 이름을 다 알고 있는 2NE1... 제발 사고 없어 롱런했으면 좋겠네요.,58,2024-09-12T08:14:02Z
y4n6ayUsELk,go away 듣는  순간  외 눈물이 나지 먼가 울컥하네...,54,2024-09-08T07:11:33Z
y4n6ayUsELk,투애니원 최고!,54,2024-09-07T09:34:09Z
y4n6ayUsELk,역시 kbs가 이런 면에선 최고에요 ㅎㅎ 여자친구 해체 때도 감사했는데 2ne1 때도 빠르게 일해주시네요 ㅎㅎ 컴백때 기대할게요 ㅎㅎㅎ,50,2024-08-20T11:49:16Z
y4n6ayUsELk,Take a bow 때 박봄 진짜 예뻤네..,48,2024-08-19T05:41:54Z
y4n6ayUsELk,ㅜㅠㅠㅠㅠㅠ 제발 다음 콘서트 땐 내자리가 하나라도 있길…🙏🙏🙏🙏✨,46,2024-08-17T16:42:59Z
y4n6ayUsELk,씨엘이 진짜 노래를 너무 잘하네,43,2024-08-23T11:32:13Z
y4n6ayUsELk,콘서트 이후로도 계속 함께 활동부탁해요❤,41,2024-08-19T00:31:42Z
y4n6ayUsELk,예전부터 팬이었어요 <br>완전체 너무 좋네요,37,2024-09-09T21:06:50Z
y4n6ayUsELk,아.. 아련하다...,37,2024-09-11T09:35:48Z
y4n6ayUsELk,아프지만 말자 ㅠㅠ<br>댓글 보는데 눈물이 난다고…<br>진짜 <br>노래 듣는데 눈물이 난다.ㅠㅠ,36,2024-08-29T11:43:46Z
y4n6ayUsELk,지금 뭉쳐도 글로벌로 통할듯,30,2024-08-19T10:20:19Z
y4n6ayUsELk,콘서트 또 해주실거라고 믿습니다.. 광탈 당해서 못 가요...,29,2024-08-20T17:47:40Z
y4n6ayUsELk,"5060도 빅뱅,2ne1 노래 들었으니... 엄청난 시대의 아이콘이 아니었나 싶음.",28,2024-10-17T09:30:05Z
y4n6ayUsELk,"투웬이원  최고입니다<br>항상,멤버들 아끼면서  ᆢ최고",28,2024-08-30T15:45:26Z
y4n6ayUsELk,봄이 부를때...<br>말할수없는 이 안정감👍👍👍👍👍,26,2024-10-13T01:45:27Z
y4n6ayUsELk,나에겐 2NE1 과 티아라 가 나의 최애다.,26,2024-08-26T13:32:00Z
y4n6ayUsELk,40대인데 2ne1  팬입니다<br><br>너무 좋아요<br><br>노래가 너무 잘들려,25,2024-09-07T08:09:05Z
y4n6ayUsELk,"That was me. I love these girls still today, GOD above truly bless them. Keep shining ❤😊🇺🇸✨️🙏✝️",25,2024-08-17T00:33:12Z
y4n6ayUsELk,역시 멋지다 실력파🎉,24,2024-09-06T10:57:23Z
y4n6ayUsELk,활동 당시는 몰랐는데 공민지 노래 잘 하네요,23,2024-10-10T15:20:58Z
y4n6ayUsELk,Take a bow는 처음들어보는것 같은데 좋네,23,2024-08-18T23:51:34Z
y4n6ayUsELk,"눈물 나요,,,자주자주 만나요.|||",21,2024-08-25T02:45:58Z
y4n6ayUsELk,이게 댄서랑 가수랑 차이지..,21,2024-08-20T02:35:25Z
y4n6ayUsELk,50중반 아지매지만 지금도 출퇴근길   운전하면 항상 틀어놓고 흥얼거리는<br>2ne1.빅뱅🤎,20,2024-10-20T09:39:35Z
y4n6ayUsELk,내인생 최고의 걸그룹,20,2024-09-14T12:29:48Z
y4n6ayUsELk,여러분….박봄은 전설입니다….…그 누구도 이런 형용은 안됨…,19,2024-09-06T16:46:57Z
y4n6ayUsELk,너무 감동 이예요<br>해체후 외국영화 배경음악으로 나오면 너무 속상했어요<br>앞으로 은퇴없는 팀으로 활동해주세요,18,2024-10-17T13:08:53Z
y4n6ayUsELk,와.... 대박 ㅜㅜ 😭,18,2024-08-18T20:34:10Z
y4n6ayUsELk,와……….여전히 레전드에요. 넘나 보고 싶습니다~~공연 해주세요~🙏🙏🙏,17,2024-09-13T03:10:33Z
y4n6ayUsELk,공민지도 춤노래 다 되는 만능캐인데 실력에비해 인기가 너무 아쉽..,17,2024-09-09T02:37:11Z
y4n6ayUsELk,너무좋았는데~~  특히 박봄 목소리 대박좋아❤,16,2024-09-08T11:39:53Z
y4n6ayUsELk,콘서트너무가고싶었어ㅜ,15,2024-10-03T08:22:24Z
y4n6ayUsELk,시간이 지날수록 진가가 사라나는 투애니원. 이만한 그룹이 없다. 특히 봄 목소리 미쳐,15,2024-09-30T11:08:02Z
y4n6ayUsELk,"<b><i><a href=""https://www.youtube.com/watch?v=y4n6ayUsELk&amp;t=1361"">22:41</a></i></b> 이 부분이 제일 인상적... 댄스머신인줄 알았던 공민지 라이브 노래실력이...😲",14,2024-09-08T12:47:25Z
y4n6ayUsELk,도대체 왜 해체한거니......ㅠ.ㅠ<br>여자아이돌중에 내가 유일하게 좋아한 그룹인데.<br>아직도 이만한 그룹 못봄.,14,2024-09-06T08:14:55Z
y4n6ayUsELk,진짜. 시간이 흘러도 명실상부<br>여전히. 대단합니다<br>변한건 봄이 얼굴뿐 ㅠ,13,2024-10-04T16:19:34Z
y4n6ayUsELk,퀼리티가 너무 좋다,13,2024-09-09T17:58:12Z
y4n6ayUsELk,개인적으로 가장 재능과 실력이 있고 개성이 있다고 생각하는 여성그룹이 2NE1 인데 ... 다시 활동 했으면 좋겠습니다,13,2024-09-11T22:53:51Z
y4n6ayUsELk,자존감 높이는 노래 내가 제일 잘 나가❤,13,2024-09-12T12:36:25Z
y4n6ayUsELk,공민지.보컬.대단하다...,13,2024-09-19T02:28:16Z
y4n6ayUsELk,최강!!  걸그룹!,13,2024-08-23T04:40:11Z
y4n6ayUsELk,국내 걸그룹중 이들처럼 아티스트 느낌나는 그룹이 있던가?,12,2024-09-16T14:39:31Z
y4n6ayUsELk,I miss 2ne1 and their high heels.,12,2024-08-19T03:02:03Z
y4n6ayUsELk,"박봄 이쁘게 돌아왔네, 그 동안 노력한 모습이 보인다. 화이팅~~~",11,2024-10-09T13:04:03Z
y4n6ayUsELk,나두 50대인데 너무나 보고 싶은 그녀들♡,11,2024-10-02T12:28:56Z
y4n6ayUsELk,다시 세계로 진출햇으면...,11,2024-09-20T13:44:26Z
y4n6ayUsELk,명곡 제조기 2ne1,11,2024-09-11T11:44:32Z
y4n6ayUsELk,역대 k팝 걸그룹  최고  가수들  컴백  좋아,11,2024-09-02T12:02:09Z
y4n6ayUsELk,민지 노래 너무 잘하네.,11,2024-09-07T04:45:07Z
y4n6ayUsELk,Bom looking great. Amazing voice,11,2024-08-23T08:22:26Z
xyEsImx54TE,진짜 죽어도 정박은 없네 ㅋㅋㅋㅋㅋㅋㅋㅋㅋㅋㅋㅋ,3702,2024-09-06T16:31:36Z
xyEsImx54TE,소코 ㅈㄴ 잘하네 ㅋㅋㅋㅋㅋ,3326,2024-09-07T05:46:31Z
xyEsImx54TE,"<a href=""https://www.youtube.com/watch?v=xyEsImx54TE&amp;t=134"">2:14</a> 우리 아뻬로 다같이 한방에 무너지네 ㅋㅋㅋㅋㅋㅋ",2455,2024-09-12T12:45:15Z
xyEsImx54TE,"<a href=""https://www.youtube.com/watch?v=xyEsImx54TE&amp;t=134"">2:14</a> 조기유학의 중요성 ㅋㅋㅋ 보면서 컸데 ㅋㅋㅋ",1850,2024-09-09T01:08:34Z
xyEsImx54TE,"<a href=""https://www.youtube.com/watch?v=xyEsImx54TE&amp;t=134"">2:14</a> ㅈㄴ 웃기네 ㅋㅋㅋㅋㅋㅋ",1577,2024-09-06T14:42:08Z
xyEsImx54TE,"<a href=""https://www.youtube.com/watch?v=xyEsImx54TE&amp;t=98"">1:38</a> 극락 포인트",1510,2024-09-08T11:57:50Z
xyEsImx54TE,조롱의 성 ㅋㅋㅋㅋ,1275,2024-09-10T06:10:58Z
xyEsImx54TE,"<a href=""https://www.youtube.com/watch?v=xyEsImx54TE&amp;t=152"">2:32</a> 여기 표정 때문에 미치겠음ㅋㅋㅋㅋㅋㅋㅋㅋ",937,2024-09-26T11:15:30Z
xyEsImx54TE,"<a href=""https://www.youtube.com/watch?v=xyEsImx54TE&amp;t=122"">2:02</a> 지코 화음 자이언티 목소리로 내는게 존내 웃기네",871,2024-09-15T18:22:20Z
xyEsImx54TE,마법의 성희롱,780,2024-09-14T05:49:34Z
xyEsImx54TE,이와중에 원슈타인 음색 뭔데??!,746,2024-09-07T12:26:38Z
xyEsImx54TE,지코 개잘하네 ㅋㅋㅋㅋㅋㅋㅋㅋ,715,2024-09-08T05:21:25Z
xyEsImx54TE,소코도모 ㄹㅇ 눈 감고 들으면 자이언티임 ㅋㅋ,430,2024-09-08T14:56:18Z
xyEsImx54TE,"<a href=""https://www.youtube.com/watch?v=xyEsImx54TE&amp;t=134"">2:14</a> ”날아가도 놀라지 말아요“하면서 자이언티 레전드 성대모사 탄생으로 찐 놀레킴 ㅋㅋㅋㅋㅋㅎㅎㅎ",420,2024-09-20T23:08:06Z
xyEsImx54TE,소코할때 실제론 자이언티 자는척함ㅋㅋ 저렇게 빵터지지 않음 ㅜㅜ 편집 잘하네,372,2024-09-15T14:04:17Z
xyEsImx54TE,"<a href=""https://www.youtube.com/watch?v=xyEsImx54TE&amp;t=82"">01:22</a> 벌써 불편한 할머니",363,2024-09-19T16:40:37Z
xyEsImx54TE,슬롬 피셔맨도 같이 부르는 게 ㅈㄴ 웃기네 ㅋㅋㅋㅋㅋ,354,2024-09-11T16:02:18Z
xyEsImx54TE,"<a href=""https://www.youtube.com/watch?v=xyEsImx54TE&amp;t=134"">2:14</a> ㅌㅋㅋㅋㅋㅋㅋㅋ우리압!풰~~ㅋㅋㅋㅋㅋㅋㅋ",294,2024-09-16T15:22:26Z
xyEsImx54TE,마부 베 성 ㅋㅋㅋㅋㅋㅋㅋㅋㅋㅋㅋㅋㅋ,258,2024-09-20T08:24:12Z
xyEsImx54TE,와 너무 잔인해 ㅋㅋㅋㅋㅋㅋ 저 정도 항마력 있어야 자이언티 하는구나,249,2024-09-08T06:06:28Z
xyEsImx54TE,"<a href=""https://www.youtube.com/watch?v=xyEsImx54TE&amp;t=137"">2:17</a>ㅋㅋㅋㅋㅋㅋㅋㅋㅋㅋㅋㅋㅋㅋ",242,2024-09-10T03:48:45Z
xyEsImx54TE,마지막 자이언티가 부르는 부분에서 왜 자이언티인지 알았다,237,2024-09-07T09:53:38Z
xyEsImx54TE,소코도모 시밬ㅋㅋㅋ,193,2024-09-17T11:13:35Z
xyEsImx54TE,원슈는 그냥원슈그자체 ㅠㅠ ㅋㅋ좋다,191,2024-09-08T13:36:41Z
xyEsImx54TE,와 근데 자이언티 확실히 다르네 ㄷㄷ,149,2024-09-09T10:12:40Z
xyEsImx54TE,소코도모 예능도 잘한다니까 ㄹㅇ ㅋㅋㅋㅋ 거기다 자이언티 다시 타이밍 뺏기 ㅋㅋㅋ,135,2024-09-14T22:29:58Z
xyEsImx54TE,자이언티 옛날보다 감미로워져서 좋다 ㅋㅋ,105,2024-09-17T01:43:45Z
xyEsImx54TE,"피셔맨, 슬롬의 노래까지 듣다니!",100,2024-09-07T08:28:25Z
xyEsImx54TE,원슈타인은 원슈타인 그자체인데ㅜ아 름답다.. 원슈타인의 풀버전제발,94,2024-09-18T16:02:22Z
xyEsImx54TE,"<a href=""https://www.youtube.com/watch?v=xyEsImx54TE&amp;t=29"">0:29</a> 유희열 ㅈㄴ놀랏는데 ㅋㅋㅋㅋㅋㅋㅋㅋㅋㅋㅋㅋㅋㅋㅋㅋㅋㅋㅋㅋㅋㅋㅋㅋㅋㅋㅋㅋㅋ",88,2024-10-12T16:31:12Z
xyEsImx54TE,유희열 사진 저렇게 두니까 추모곡 같잖아...ㅋㅋㅋㅋㅋㅋ,88,2024-09-24T13:53:38Z
xyEsImx54TE,잘맥인다,87,2024-09-06T23:39:19Z
xyEsImx54TE,소코도모 원체 목소리가 좋네 ㅋㅋㅋㅋㅋㅋㅋㅋ 진심 개잘따라함,86,2024-09-15T00:35:54Z
xyEsImx54TE,"<a href=""https://www.youtube.com/watch?v=xyEsImx54TE&amp;t=152"">2:32</a> 무슨 세상을 처음봐서 설레어하는 순수한 아이같아..ㅋㅋㅋㅋㅋㅋㅋㅋㅋㅋㅋ개귀여움…",83,2024-11-21T13:55:09Z
xyEsImx54TE,따라해봤다에서 나도 손들었는데ㅋㅋㅋ,63,2024-09-07T00:57:08Z
xyEsImx54TE,마법의 성&#39;희롱&#39;,63,2024-09-18T17:53:25Z
xyEsImx54TE,"<a href=""https://www.youtube.com/watch?v=xyEsImx54TE&amp;t=90"">1:30</a> 마뿌뻬 성",61,2024-10-30T13:24:31Z
xyEsImx54TE,아닠ㅋㅋㅋㅋㅋㅋㅋㅋㅋㅋㅋ 다웃긴데 저 사람들 모아놓고 ‘당사자앞에서’ ’한소절씩‘ 부르는게 ㄹㅇ 웃김ㅋㅋㅋㅋㅋㅋㅋㅋㅋㅋㅋㅋㅋㅋ,52,2024-09-26T08:17:57Z
xyEsImx54TE,ㅋㅋㅋㅋ그댓글 생각난다 소코도모가 누군지 몰라도 알수있는 영상이라겈ㅋㅌㅌㅋ,50,2024-09-24T02:20:53Z
xyEsImx54TE,누가 조롱의 성이라고ㅋㅋㅋㅋㅋㅋ진짜 박자도 박자인데 발음도 일부러 저렇게 하는게 웃음포인트ㅋㅋㅋㅋ,39,2024-11-01T07:31:25Z
xyEsImx54TE,지코가 진짜 쥬운나 웃긴데 ㅋㅋㅋㅋㅋㅋㅋㅋㅋㅋㅋㅋㅋㅋㅋ ㅋㅋㅋㅋㅋㅋㅋㅋㅋㅋㅋㅋㅋㅋ ㅋㅋㅋ,38,2024-09-23T11:50:15Z
xyEsImx54TE,한국의 티페인 자이언티,29,2024-09-12T04:15:50Z
xyEsImx54TE,이건 조롱 아니냐고...😂 ㅋㅋㅋ,27,2024-09-13T10:08:24Z
xyEsImx54TE,요 근래 빵터진적은 없었는데 우리아뻬 조오오오온나 웃끼넼ㅋㅋㅋㅋㅋㅋㅋㅋㅋ씨밬ㅋㅋㅋㅋㅋㅋㅋㅋㅋㅋㅋㅋㅋㅋㅋㅋㅋㅋㅋ,25,2024-09-25T08:54:43Z
xyEsImx54TE,"<a href=""https://www.youtube.com/watch?v=xyEsImx54TE&amp;t=90"">1:30</a> 기리보이 (AKA.마뿌베성)<br><a href=""https://www.youtube.com/watch?v=xyEsImx54TE&amp;t=98"">1:38</a> 원슈타인 (AKA.극락 포인트)<br><a href=""https://www.youtube.com/watch?v=xyEsImx54TE&amp;t=105"">1:45</a> 슬롬 (AKA.홍진호)<br><a href=""https://www.youtube.com/watch?v=xyEsImx54TE&amp;t=111"">1:51</a> 지코 (AKA.<a href=""https://www.youtube.com/watch?v=xyEsImx54TE&amp;t=122"">2:02</a> 에~ <a href=""https://www.youtube.com/watch?v=xyEsImx54TE&amp;t=125"">2:05</a> 예에이~)<br><a href=""https://www.youtube.com/watch?v=xyEsImx54TE&amp;t=119"">1:59</a> 피셔맨 (AKA.웃음터짐)<br><a href=""https://www.youtube.com/watch?v=xyEsImx54TE&amp;t=134"">2:14</a> 소코도모 (AKA.우리 아뻬~)<br><a href=""https://www.youtube.com/watch?v=xyEsImx54TE&amp;t=144"">2:24</a> 자이언티 (AKA.제일 본인 안 같음)",23,2024-12-06T11:21:55Z
xyEsImx54TE,우리아쀄~,22,2024-09-09T19:04:48Z
xyEsImx54TE,슬롬 ㅋㅋㅋ 보아오~,20,2024-09-22T17:13:56Z
xyEsImx54TE,지코 찢었다가 제일 나쁨ㅋㅋㅋㅋㅋㅋㅋ,20,2024-09-18T01:45:42Z
xyEsImx54TE,마법의 성희롱 이라는 댓글이 개웃기던데 ㅋㅋㅋㅋ,19,2024-09-11T07:43:37Z
xyEsImx54TE,"<a href=""https://www.youtube.com/watch?v=xyEsImx54TE&amp;t=80"">1:20</a> 피아노 지렸다",17,2024-10-02T13:15:36Z
xyEsImx54TE,마뿌배 성 ㅎㄷㄷ,16,2024-09-08T05:49:48Z
xyEsImx54TE,빵터짐ㅋㅋㅋㅋ진짜 계속 보게 되는 마법의 성ㅋㅋㅋㅋㅋㅋㅋ,15,2024-09-20T00:41:35Z
xyEsImx54TE,"<a href=""https://www.youtube.com/watch?v=xyEsImx54TE&amp;t=90"">1:30</a> 기리보이 딱 포인트 잘 살려서 부르네",14,2024-11-22T11:09:16Z
xyEsImx54TE,진짜 조합 예술이네..,13,2024-09-09T07:51:57Z
xyEsImx54TE,마법의 성희롱,13,2024-09-12T12:49:18Z
xyEsImx54TE,"<a href=""https://www.youtube.com/watch?v=xyEsImx54TE&amp;t=71"">1:11</a> 기리보이 전나 잘생겻어 ㅅㅣㅂ",12,2024-10-08T14:41:24Z
xyEsImx54TE,"<a href=""https://www.youtube.com/watch?v=xyEsImx54TE&amp;t=39"">0:39</a> ㄹㅇ 존예 내취",12,2024-09-23T21:43:57Z
xyEsImx54TE,기리보이 저렇게 스타일링하니까 ㅈㄴ 내 식이다 진짜로,11,2024-11-14T18:00:07Z
Mpd-iPrG0zo,피치가 개정확하네,614,2024-09-02T11:12:16Z
Mpd-iPrG0zo,폼이 다시 돌아오고 있네ㅁㅊ,534,2024-09-03T14:33:29Z
Mpd-iPrG0zo,나이가 곧 환갑인데 소리가<br>아직까지 저런 소리를 가지고 있슴,460,2024-09-12T19:51:45Z
Mpd-iPrG0zo,저 앨범발매당시에 음원법이 지금처럼만 강했어도 진짜 돈으로 똥닦았을껄. 안타까워. 저때 진짜 pc방에서 100석이면 100석 모두 저 단 한노래만 다들 무한리플레이로 틀어놨었음.,418,2024-09-02T12:57:20Z
Mpd-iPrG0zo,노래 하나는 기가 막히네 진짜,209,2024-09-10T12:45:35Z
Mpd-iPrG0zo,진짜겁나잘부르는거,183,2024-09-07T17:49:58Z
Mpd-iPrG0zo,노래진짜 잘한다 진짜로 어떻게 무반주로노래를하냐고 ㅋㅋㅋ태연 넉나갓다,121,2024-09-23T17:06:21Z
Mpd-iPrG0zo,이 노래 들으면 옛날 생각남,100,2024-10-05T17:29:24Z
Mpd-iPrG0zo,너무멋쩌요~♡,44,2024-09-14T11:38:52Z
Mpd-iPrG0zo,이 노래는 이승철 능가하는 사람이 없음~ 아무리 잘 불러도 그 느낌이 안남.,42,2024-09-17T00:51:23Z
Mpd-iPrG0zo,거짓없다<br>라이브황제❤,38,2024-10-04T15:58:40Z
Mpd-iPrG0zo,"<a href=""http://www.youtube.com/results?search_query=%23%EB%86%80%EB%9D%BC%EC%9A%B4%ED%86%A0%EC%9A%94%EC%9D%BC"">#놀라운토요일</a> <a href=""http://www.youtube.com/results?search_query=%23%EB%86%80%ED%86%A0"">#놀토</a> <a href=""http://www.youtube.com/results?search_query=%23%EC%9D%B4%EC%8A%B9%EC%B2%A0"">#이승철</a><br><br>세대 초월 음악 예능 〈놀라운 토요일〉<br>매주 [토] 저녁 7시 30분 tvN",36,2024-09-02T07:21:24Z
Mpd-iPrG0zo,라이브 황제,33,2024-09-21T11:34:21Z
Mpd-iPrG0zo,김동현보고 박완규인 줄 알았네,32,2024-09-11T06:22:05Z
Mpd-iPrG0zo,와 소름ㅁ,31,2024-09-17T11:45:03Z
Mpd-iPrG0zo,진짜 계속 소름돋네,29,2024-09-18T14:44:09Z
Mpd-iPrG0zo,잘관리해서 무반주 콘서트 해주세요❤,29,2024-09-18T04:42:36Z
Mpd-iPrG0zo,목이 좀 괜찮아진거같은데 여기서 더 단련하면 좋을듯,23,2024-09-03T10:39:56Z
Mpd-iPrG0zo,이형 김나박이에 비빌수 있다고 본다 줜나 독보적임,22,2024-09-06T17:04:51Z
Mpd-iPrG0zo,애초에 노래가 개어려움 진짜 애초에 이승철 전성기때도 원키로 잘안했을걸 아무리 키 낮췄다해도 키 낮춘 상태에서ㅜ저렇게 감정 묻어나게 잘부르는게 개신기함,21,2024-10-08T09:36:11Z
Mpd-iPrG0zo,ㅁㅊ 내평생 최고의 가수,20,2024-09-08T07:42:12Z
Mpd-iPrG0zo,역시 최고의 가수다 누가 생으로 저렇게 잘 부를수 있을까 말이 필요 없네,19,2024-10-25T05:07:55Z
Mpd-iPrG0zo,확실히 김나박이 전에 이승철이 있다는걸 사람들이 알길,13,2024-10-27T11:29:27Z
Mpd-iPrG0zo,이승철의 유일한단점... 이렇게 조용한곳에서 들어야 딱임.. 목소리 성량자체가 크지가 않아서 콘서트나 좀 시끄러운데가면 소리가 은근 묻혀서 지금처럼 감동이 잘 안남.. 그냥 적적하고 조용한밤에 눈감고 들으면 감동이..,13,2024-09-24T02:01:47Z
Mpd-iPrG0zo,ㅋㅋㅋmr준다는데 원키 나올까봐 그런지 황급히 무반주로 하겠다고 하던데,13,2024-09-05T10:46:44Z
Mpd-iPrG0zo,명불허전,12,2024-10-07T10:12:17Z
Mpd-iPrG0zo,이노래 사랑과 우정 사이 진짜 너무 좋아요 😢,11,2024-10-10T15:03:26Z
Wc2_zRyL6DE,"쇼미 9,10 특유의 코로나 시대의 차가운 겨울 감성이 있음....",2249,2024-09-07T02:10:36Z
Wc2_zRyL6DE,진짜 쇼미는 해가 지날수록 별로였지만 항상 연말느낌은 지렸는데 세월 너무 빠르네,816,2024-09-07T01:00:09Z
Wc2_zRyL6DE,자이언티는 회뜨다 왔나요?,596,2024-09-07T03:15:15Z
Wc2_zRyL6DE,쇼미더머니 할때만해도 다 다른소속사였는데 지금은 같은회사에 다들어왔네ㅋㅋ,426,2024-09-08T07:46:05Z
Wc2_zRyL6DE,회전목마 한창 듣고 다닐 때가 벌써 몇 년 전이라니<br>시간 너무 빠르다...ㅠㅠ,374,2024-09-06T14:09:54Z
Wc2_zRyL6DE,이 노래 좋았던게 크리스마스 한달전에 나와서 크리스마스 분위기 진짜 좋았음<br>소코도모 이때 폼 역대급이였는데 비오가 왜 이긴지 아직도 모르겠음 음원도 내는거마다 다 씹어먹었는데,314,2024-09-09T13:15:46Z
Wc2_zRyL6DE,회전목마 조합으로 소속사 차린 ㅎㅎㅎㅎ 이 노래는 진짜 그 당시 겨울 생각나는 분위기가 있음..ㅎㅎㅎ,232,2024-09-14T22:30:43Z
Wc2_zRyL6DE,홍진경님 노래도 잘하시네요..😮,204,2024-09-06T14:13:58Z
Wc2_zRyL6DE,"<a href=""https://www.youtube.com/watch?v=Wc2_zRyL6DE&amp;t=157"">2:37</a> 마법의성 리듬",163,2024-09-08T10:01:09Z
Wc2_zRyL6DE,와 회전목마 퀄리티 좋은 라이브로 듣고 싶었는데 다 행사 영상 밖에 없어서 좀 그랬는데 개좋다 <br>회전목마 나오자마자 일주일만에 200번 넘게 들었었는데,130,2024-09-07T01:49:54Z
Wc2_zRyL6DE,자이언티가 ㄹㅇ 실제로 들은 가수 중 제일 라이브 잘함,93,2024-09-07T10:33:12Z
Wc2_zRyL6DE,처음 듣는 이름인데 목소리는 누가 봐도 자이언티고 얼굴은 누가 봐도 양승호여서 놀랐네 ㅋㅋㅋㅋ,93,2024-09-06T14:14:12Z
Wc2_zRyL6DE,참 가사 좋다 인생은 회전목마..,82,2024-09-09T07:44:37Z
Wc2_zRyL6DE,도모 라이브 많이 늘었네,77,2024-09-06T15:03:59Z
Wc2_zRyL6DE,포켓몬골드 도라지시티 브금같아서 좋아함,73,2024-09-06T22:35:13Z
Wc2_zRyL6DE,다 라이브 잘하네 ㅋㅋㅋㅋㅋ 조합 어울린다 셋,62,2024-09-07T11:06:52Z
Wc2_zRyL6DE,ㅋㅋㅋㅋ 소코도모 임형철인줄 알았네,62,2024-09-07T02:20:53Z
Wc2_zRyL6DE,언티의 보물 모으기 진심으로 취향저걱,53,2024-09-08T07:58:17Z
Wc2_zRyL6DE,슬롬 왤케 잘생겼지,42,2024-09-07T01:50:03Z
Wc2_zRyL6DE,전 뷰티풀노이즈 소속사<br>전 소니뮤직 소속사<br>전 더블랙레이블 소속사<br>가 한 곳으로 😂,37,2024-09-06T14:20:40Z
Wc2_zRyL6DE,이 곡은 언제나 들어도 따듯해진다,30,2024-09-06T19:32:45Z
Wc2_zRyL6DE,이게 몇년전이라고 벌써 그때 그 겨울 냄새가 그대러 나고 추억도 생각나고 그러네,22,2024-09-08T11:14:19Z
Wc2_zRyL6DE,"<a href=""https://www.youtube.com/watch?v=Wc2_zRyL6DE&amp;t=246"">4:06</a> 쇼미에서 했던 엔딩포즈",17,2024-09-23T16:06:45Z
Wc2_zRyL6DE,와 라이브진짜 더좋네,17,2024-09-07T05:09:33Z
Wc2_zRyL6DE,솔직하게 말해<br>코디 이찬혁이지?,17,2024-09-07T00:30:03Z
Wc2_zRyL6DE,난 이노래 들으면 추운 겨울 버스정류장에서 버스기다리던 옆 붕어빵 냄새가남...😂😂ㅠ,13,2024-09-25T14:15:16Z
s7zWi3y7Yf0,삼가고인의명복을빕니다 김수미 선생님 그곳에서 따듯한 정 평안에 이르시길 바랍니다 🙏,37,2024-10-30T14:00:55Z
s7zWi3y7Yf0,"삼가고인의명복을빕니다 좋은데가셔서,이스메서못다한것,많이하세요❤❤❤",27,2024-10-30T14:24:17Z
s7zWi3y7Yf0,아쉽고 안타까워요<br>목소리 듣고싶어요<br>보고싶어요,22,2024-11-02T05:10:27Z
s7zWi3y7Yf0,이때만해도 컨디션이좋아보이셨는데.   최근틀어서  일이많아서  말도 어눌하고 얼굴도 붓고 기력이 없으시고  스트레스가아닌  일이너무많다보니. 휴식이필요한 몸의 신호가 보였습니다 너무안타깝습니다,19,2024-10-31T15:41:36Z
s7zWi3y7Yf0,아쉬워요,18,2024-10-30T15:59:43Z
s7zWi3y7Yf0,김수미씨 우리들은 행복했어요<br>좋은곳가셔서 잼나고 행복하세요<br>삼가 고인의 명복을 빕니다 🙏,15,2024-11-02T03:53:32Z
s7zWi3y7Yf0,욕. 듣고 싶어요.ㅠ<br>너무안타까워요..ㅠ,13,2024-11-01T12:47:55Z
s7zWi3y7Yf0,편히쉬세요,11,2024-11-01T00:55:09Z
8eNjfsAW9gI,엑셀보다 이런방송이 더 좋음,27,2024-10-04T12:21:35Z
mZuMHC9Qxbg,이렇게나 감미롭게 노래하는 연기자라니.. 역시는 역시~!,13,2024-10-16T10:20:34Z
mZuMHC9Qxbg,잘하네요<br>감미롭다~,12,2024-10-16T12:52:54Z
IBbNU_oOaAc,사실 끝판대장은 박진영인데 어떻게 유희열만 나락갔을까나,36,2024-10-01T10:01:47Z
IBbNU_oOaAc,라젠카는 억지다,33,2024-09-29T13:22:35Z
IBbNU_oOaAc,대한민국 끝판왕은 박진영임.... 역사에 남을 레전드임 ㅋㅋㅋ,27,2024-10-05T04:06:12Z
IBbNU_oOaAc,라젠카는 억지 같은데 ㅋㅋ 저거 만든다고 개고생 했는데 결과물이 표절? 씁.. 다른 넘들은 몰라도 신해철님은 존심상 그럴 사람이 아님,17,2024-10-04T08:37:48Z
IBbNU_oOaAc,방시혁,16,2024-09-29T07:46:02Z
IBbNU_oOaAc,신해철 노래가 표절이라. <br>좀 많이 돌았구나 ㅋㅋㅋ,14,2024-10-03T11:27:06Z
IBbNU_oOaAc,신해철은 억지 아니냐? 이런식이면 세상 모든 노래가 카피의 카피의 카피겠다,12,2024-10-06T05:05:32Z
IBbNU_oOaAc,라젠카가 표절이라고?웃기고 있네,11,2024-10-01T11:37:57Z
5NfuXoALBew,"<a href=""https://www.youtube.com/watch?v=5NfuXoALBew"">00:00</a> 한 페이지가 될 수 있게<br><a href=""https://www.youtube.com/watch?v=5NfuXoALBew&amp;t=207"">03:27</a> Congratulations<br><a href=""https://www.youtube.com/watch?v=5NfuXoALBew&amp;t=439"">07:19</a> 장난 아닌데<br><a href=""https://www.youtube.com/watch?v=5NfuXoALBew&amp;t=627"">10:27</a> 사랑노래 (with The BLANK Shop)<br><a href=""https://www.youtube.com/watch?v=5NfuXoALBew&amp;t=896"">14:56</a> 파도가 끝나는 곳까지<br><a href=""https://www.youtube.com/watch?v=5NfuXoALBew&amp;t=935"">15:35</a> 있잖아<br><a href=""https://www.youtube.com/watch?v=5NfuXoALBew&amp;t=1135"">18:55</a> DANCE DANCE<br><a href=""https://www.youtube.com/watch?v=5NfuXoALBew&amp;t=1346"">22:26</a> 땡스 투",35,2024-10-05T14:56:06Z
5NfuXoALBew,있잖아 음원 돌려주세요,32,2024-10-08T11:58:48Z
5NfuXoALBew,언제나 멋진 무대 보여주는 데이식스 너무 사랑하고 투어 조심히 돌쟈💗💗💗,24,2024-10-05T15:03:06Z
5NfuXoALBew,這個月開始認識他們，並馬上陷入這個樂團的實力與魅力!!,18,2024-10-06T04:47:54Z
5NfuXoALBew,너무 좋다!!  데이식스❤❤,16,2024-10-06T00:04:16Z
SvGrEB0yVJ0,<i>딕션 이거 실화 ? &#39;누구보다 빠르게&#39; &#39;남들과는 다르게 &#39; 👉 아싸 &#39;외톨이&#39; 저세상랩 🙏❤</i>,11,2024-09-26T12:06:52Z
SvGrEB0yVJ0,2009년도에 미쳤었구나. 좋은곡 겁나 많네.  2010년대부터 2020년대가 걱정되는건 왜일까😢,11,2024-09-27T02:19:07Z
