Office,Date,URL,Content
국민일보,2022.07.19,https://n.news.naver.com/mnews/article/005/0001540823?sid=103,"유희열. 뉴시스뮤지션 겸 방송인 유희열의 표절 논란과 관련해 한 음악평론가는 “네티즌들이 표절이 아닌 곡들을 표절로 몰아가며 광기를 보이는 것 같다”는 의견을 내놨다.정민재 대중음악평론가는 18일 트위터에 장문의 글을 게시했다. 정 평론가는 유희열이 이날 발표한 입장문을 트위터에 공유한 뒤 “논란이 필요 이상으로 과열되는 것 같아 괜히 보태고 싶지 않았지만, 인터넷을 떠도는 표절 의혹에 공감하지 않는다”고 말했다.이날 유희열은 13년여간 진행해 온 KBS ‘유희열의 스케치북’ 하차 소식을 전하며 “표절 의혹에 동의하기 어려운 부분이 있다. 상당수의 의혹이 각자의 견해이고 해석일 수 있으나 받아들이기 힘들다”고 밝혔다. 다만 “이런 논란이 다시 생기지 않도록 저 자신을 더 엄격히 살피겠다”고 했다.정 평론가 역시 “코드 진행 일부가 겹친다고 해서 표절이라고 할 수 없다”면서 “원곡자의 문제 제기가 있었다면 모를까, 찰나의 음표 진행 몇 개가 겹치는 것도 표절이 되지 않는다”며 “높낮이와 속도를 조정해서 비슷하게 들리는 곡 또한 마찬가지다. 내 귀에 비슷하게 들린다고, 내 기분이 나쁘다고 표절이 될 수는 없다”고 했다.이어 “처음 문제가 된 ‘아주 사적인 밤’과 ‘aqua’의 경우, 유희열과 류이치 사카모토의 말처럼 ‘메인 테마의 유사성’이 느껴지는 정도다. 말 그대로 메인 테마가 닮았다는 것이다. 이 역시 표절과는 다르다. 그렇기에 원곡자 역시 유사한 것은 인정하나 표절은 아니며 후속 조치가 필요치 않다고 한 것”이라고 언급했다.정민재 대중음악평론가 트위터정 평론가는 “원곡자가 확인한 사안을 두고 제삼자가 왈가왈부할 필요도 없고, 별 의미도 없다. ‘8마디가 흐트러짐 없이 똑같다’는 말을 구태여 하는 건 스스로 우스워지는 꼴일 뿐만 아니라 원곡자를 모욕하는 것이기도 하다”며 “위 말의 당사자인 김태원씨는 작가로서 두 곡의 8마디가 똑같다는 말에 책임질 수 있나”고 반문했다.앞서 그룹 부활의 멤버이자 싱어송라이터인 김태원은 유희열의 표절 논란과 관련해 “표절은 병”이라고 하면서 강하게 비판한 바 있다.이에 정 평론가는 “하지만 그의 말과는 달리 실제로 두 곡의 8마디는 결코 똑같지 않다. 일부 다른 부분이 있다. 그래서 원곡자도 돌려보낸 것”이라며 “닮았다는 말과 ‘흐트러짐 없이 똑같다’는 말의 무게감은 천지 차이다. 김태원 씨는 음악인으로서 치명적인 말실수를 했다”고 반박했다.이어 “유희열의 대응이 그래서 아쉽다”며 “일부 닮은 부분은 있지만 서로 다른 곡이라는 것을 분명히 해야 했다. ‘순수 창작물로 생각했지만 두 곡의 유사성은 인정할 수밖에 없었다’는 식으로 말하니 마치 표절을 인정한 것인 양 기사들이 퍼졌다. 여기서부터 이미 바로잡긴 어려워졌다”며 안타까워했다.그는 “네티즌은 그 즉시 그동안 자신의 귀에 비슷하게 들리던 곡들을 끌고 와 표절 의혹을 제기했다”며 “일부 비슷하게 들리는 곡도 있었지만, 그저 비슷하게 들릴 뿐 표절이라고 할 만큼 일치하는 곡은 없었다. 원곡자가 문제를 제기한다면 모르겠으나, 그 정도 유사성으로 권리 다툼까지 가는 경우는 드물다”고 지적했다.그러면서 “‘아주 사적인 밤’의 유사성까진 인정하나, 지금 제기된 의혹 중 상당수는 네티즌의 광기처럼 느껴진다. 애초에 이렇게까지 올 일이 아니었다”며 “표절은 명백히 법적 문제다. 표절이 아닌 곡들을 내 귀에 의거해 표절로 몰아가는 행위에 공감하기 어렵다. 이쯤에선 소동이 마무리됐으면 한다”고 덧붙였다."
국민일보,2022.07.19,https://n.news.naver.com/mnews/article/005/0001540929?sid=103,사진=KBS 제공표절 논란에 휩싸인 가수 겸 작곡가 유희열이 KBS 2TV 음악 예능 ‘유희열의 스케치북’의 마지막 녹화를 19일 마쳤다.이 프로그램은 유희열이 지난 2009년 4월부터 진행을 맡아 13년 3개월간 이어져왔다. 이번 주 방송일인 22일 방영될 600회의 녹화를 끝으로 유희열은 하차한다. 앞서 유희열은 소속사 안테나를 통해 “프로그램과 제작진들의 피해를 최소화하기 위해 이번 주까지 마지막 녹화를 진행하려 한다”며 “더 피해가 가지 않도록 최선을 다해 남은 책임을 다하겠다”고 밝혔다.유희열의 표절 논란은 지난달 발매 예정이었던 프로젝트 음반 ‘생활 음악’의 수록곡이 사카모토 류이치의 곡과 유사하다는 지적이 나오면서 불거졌다. 과거 유희열이 작곡한 성시경의 ‘해피 버스데이 투 유’ 등의 곡들도 비슷한 의혹을 받고 있다.유희열은 하차와 별개로 표절 의혹에는 전적으로 동의하기 어렵다는 입장을 내비쳤다. 그는 “상당수의 의혹은 각자의 견해이고 해석일 순 있으나 저로서는 받아들이기가 힘든 부분”이라면서 “다만 이런 논란이 다시 생기지 않도록 내 자신을 더 엄격히 살피겠다”고 말했다. 이어 “지난 시간을 부정당한 것 같다는 이야기가 가장 가슴 아프게 다가왔다”고 심정을 밝혔다.‘유희열의 스케치북’은 이번 주 방송 이후 후임자 물색과 재정비 등으로 불가피하게 휴식기를 가질 것으로 예상된다. KBS 측은 “아무래도 (하차 이후) 계속 방송을 이어가긴 어려울 것 같고 재정비 시간이 필요할 것 같다”면서도 “결방 기간이나 후임자 결정 등 아직 정해진 건 아무것도 없다”고 전했다.
국민일보,2022.07.20,https://n.news.naver.com/mnews/article/005/0001541230?sid=103,"이무진 신호등 앨범커버가수 이무진 측이 히트곡 ‘신호등’이 표절이라는 일각의 주장에 대해 정면 반박하며 허위 사실 유포시 강경 대응하겠다고 밝혔다.이무진의 소속사 빅플래닛메이드엔터테인먼트는 20일 “‘신호등’은 아티스트 본인이 직접 겪은 감정을 토대로 만들어진 창작물이며 전체적 곡 구성과 멜로디, 코드 진행 등을 분석한 결과 유사 의혹이 제기된 곡과는 무관하다”고 반박했다.이어 “아티스트의 많은 고민과 노력으로 탄생한 음악에 의혹이 제기돼 매우 유감스러운 마음”이라며“향후 확인되지 않은 루머의 확산과 근거 없는 추측성 보도는 자제해주길 부탁한다”고 강조했다.소속사 측은 그러면서 “당사는 이무진의 권익 보호를 위하여 지속적인 모니터링을 거쳐 허위 사실 유포에 대해서는 강경하게 대응할 예정”이라고 경고했다.‘신호등’은 이무진이 지난해 5월 발표한 자작곡으로 사회 초년생으로서 겪는 혼란스러운 감정을 초보 운전자에 비유해 공감을 얻으며 음원차트를 휩쓸었다. JTBC ‘싱어게인’ 톱3 출신인 이무진은 이 곡으로 인기 가수 반열에 올랐다. 그런데 온라인커뮤니티 등을 중심으로 이 곡이 일본 가수 세카이노 오와리가 2015년 발매한 ‘드래곤 나이트’ 및 일본 밴드 ‘데파페코’가 2018년 이를 어쿠스틱 버전으로 커버한 곡과 흡사하다고 주장이 제기돼 논란이 일었다.앞서 최근 작곡가 겸 프로듀서 유희열도‘유희열의 생활음악’ 프로젝트 두 번째 트랙인 ‘아주 사적인 밤’이 일본 영화음악 거장 사카모토 류이치의 ‘아쿠아’와 비슷하다는 의혹이 제기됐다. 원곡자인 사카모토 류이치가 “법적 조치가 필요한 수준이라고 볼 수 없다”는 입장을 밝혔지만, 유희열은 계속된 논란 끝에 KBS2 음악프로그램 ‘유희열의 스케치북’에서 하차했다.<이무진 측 표절 의혹 입장 전문>안녕하세요 빅플래닛메이드엔터입니다.소속 아티스트 이무진의 ‘신호등’과 관련한 공식 입장을 말씀드립니다.‘신호등’은 아티스트 본인이 직접 겪은 감정을 토대로 만들어진 창작물이며 전체적인 곡의 구성과 멜로디, 코드 진행 등을 분석한 결과 유사 의혹이 제기된 곡과는 무관함을 알려드립니다.당사는 아티스트의 많은 고민과 노력으로 탄생한 음악에 의혹이 제기돼 매우 유감스러운 마음입니다. 이에 향후 확인되지 않은 루머의 확산과 근거 없는 추측성 보도는 자제해 주시길 간곡히 부탁드립니다.당사는 소속 아티스트 이무진의 권익 보호를 위하여 지속적인 모니터링을 거쳐 허위 사실 유포에 대해서는 강경하게 대응할 예정입니다.이무진의 음악과 활동에 보내주시는 관심에 감사의 말씀을 드리며 앞으로도 기대해 주시는 만큼 더욱 좋은 음악으로 찾아뵙겠습니다. 감사합니다."
국민일보,2022.07.23,https://n.news.naver.com/mnews/article/005/0001541766?sid=103,"가수 겸 작곡가 유희열. 뉴시스KBS 13년 넘은 음악프로그램 ‘유희열의 스케치북’의 마지막 회 시청률이 1.2%로 집계됐다. 이 프로그램은 가수 겸 작곡가 유희열의 표절 논란 속에서 막을 내렸다.시청률 조사회사 닐슨코리아는 “지난 22일 밤 11시30분 방송된 KBS 2TV ‘유희열의 스케치북’ 최종회 시청률이 1.2%로 나타났다”고 밝혔다. 이 방송은 ‘우리들의 여름날’이라는 주제로 진행됐다. 폴킴, 멜로망스, 10CM, 헤이즈, 데이브레이크, 오마이걸의 효정과 승희, 김종국, 씨스타, 거미가 출연했다.2009년 4월 처음 방송된 ‘유희열의 스케치북’은 유명 가수의 라이브를 들으면서 재야의 아티스트들도 만날 수 있어 인기를 끌었다. 유희열의 재치 있는 진행으로 2000년대 후반부터 2020년대 초반까지 장수했다.하지만 유희열이 최근 표절 논란으로 하차 의사를 밝히면서 프로그램은 폐지됐다. 유희열은 최근 ‘표절 의혹을 완전하게 동의할 수 없다’는 취지의 입장을 밝혔지만 방송에선 언급하지 않았다. 그는 방송에서 “벌써 13년 3개월이 지나서야 600회를 맞이했다. 모두 여러분 덕이다. 다시 한번 감사하다”고 인사했다."
국민일보,2022.07.24,https://n.news.naver.com/mnews/article/005/0001541800?sid=103,"유희열. 뉴시스표절 의혹 논란 속에 KBS ‘유희열의 스케치북’에서 하차한 가수 겸 작곡가 유희열(51)이 “지난 추억이 모두 날아가 버렸다는 얘기는 평생 가슴에 흉터로 새기며 살아가겠다”고 소회를 밝혔다.23일 가요계 등에 따르면 유희열은 최근 토이뮤직 팬들과 소통하는 페이지에 “모두에게 감사하고 미안하다”는 글을 남겼다. 해당 페이지 글은 로그인 회원에게만 공개되는 글이다.유희열은 “나이랑 경험이 많다고 모두 다 깊어지는 게 아니란 걸 하나하나 자신을 돌아보며 절실히 깨닫고 있다”면서“내가 지금 어디쯤 와 있는지 나의 남은 몫이 무엇인지를 외면하지 않으려 애쓰고 있다”고 적은 것으로 전해졌다.그러면서 “안그래도 힘든 세상, 하루하루 살아 내는 것도 힘드실 텐데 저까지 힘들게 해드려서 죄송하다”고도 했다.지난 18일 안테나 차원에서 ‘유희열의 스케치북’에서 하차하겠다는 공식 입장을 낸 이후 스케치북 마지막 방송에서도 표절 의혹 등과 관련해 별도의 심경을 밝히지 않은 유희열이 팬들에게는 개인적 소회를 전한 것이다.유희열을 둘러싼 표절 논란은 일본 음악가 사카모토 류이치의 ‘아쿠아’와 유사하다는 의혹이 제기된 ‘아주 사적인 밤’부터 시작돼 연이어 다른 곡으로까지 번졌다.유희열과 안테나는 이에 대한 입장문을 세 번 내며 유사성을 인정하고 사과하면서도 표절은 아니라는 취지의 해명을 했지만 논란은 더 커졌다. 이 이슈는 MBC ‘백분토론’의 주제로까지 올랐고록밴드 부활의 기타리스트이자 작곡가인 김태원, 음악평론가 임진모, 이대화 등이 출연해 비판적 의견을 전했다.결국 유희열은 지난 18일 13년간 진행해 온 ‘유희열의 스케치북’ 하차를 발표했다. 그러나 당일 낸 입장문에서 그는 “상당수 의혹은 각자의 견해이고 해석일 순 있으나 저로서는 받아들이기 힘든 부분”이라며 ‘아주 사적인 밤’ 외에 여러 표절 의혹에는 선을 그었다.그는 지난 22일 방송된 스케치북 최종회에서 “스케치북 시작 때 제 나이가 39살이었다. 그때만 해도 30대였는데 벌써 52살이 됐다”며 “13년3개월이 지나 오늘로 600회를 맞이했다. 모든 건 여러분 덕분”이라고 감사 인사를 전했다.그러면서 “600회 특집을 오랜 기간 준비했는데 오늘만큼은 지난날의 근심과 걱정은 내려놓으시고 환한 얼굴로 여러분이 주인공이 됐으면 좋겠다”면서 “여름날 사계절을 견뎌낸 여러분에게 건네는 마지막 선물”이라고 말했다.이날 방송에서 유희열은 표절 의혹 관련해선 언급하지 않았다.오후 11시30분 방송된 ‘스케치북’ 최종회의 시청률은 1.2％(닐슨코리아 기준)로 조사됐다."
문화일보,2022.07.19,https://n.news.naver.com/mnews/article/021/0002522611?sid=102,"유희열 안테나 인스타그램 캡처표절 논란이 일었던 가수 겸 작곡가 유희열이 지난 13년간 진행해온 KBS 2TV 음악 프로그램 ‘유희열의 스케치북’에서 하차한다.유희열은 소속사 안테나를 통해 18일 ""‘유희열의 스케치북’은 600회를 끝으로 마무리하려고 한다""며 ""13년 3개월이라는 긴 시간 아껴주신 많은 분들에게 진심으로 감사 인사를 올린다""고 밝혔다.유희열은 ""프로그램과 제작진들의 피해를 최소화하기 위해 이번 주까지 마지막 녹화를 진행하려한다""며 ""더 이상 피해가 가지 않도록 최선을 다해 남은 책임을 다하겠다""고 말했다.유희열의 표절 논란은 지난달 발매 예정이었던 프로젝트 음반 ‘생활음악’ 수록곡이 사카모토 류이치의 곡과 유사하다는 지적이 나오면서 불거졌다.유희열은 이에 대해 전적으로 동의하기는 어렵다는 입장을 내비쳤다. 그는 ""저는 지금 제기되는 표절 의혹에 동의하기 어려운 부분이 있다""며 ""올라오는 상당수의 의혹은 각자의 견해이고 해석일 순 있으나 저로서는 받아들이기가 힘든 부분""이라고 밝혔다. 이어 ""다만 이런 논란이 다시 생기지 않도록 저 자신을 더 엄격히 살피겠다""고 말했다.아래는 유희열의 입장 전문.""안녕하세요 유희열입니다.우선 긴 시간 동안 저와 관련한 논란으로 피로감을 안겨드려 다시 한번 진심으로 사과의 말씀을 전합니다.저의 방송 활동에 대한 결정은 함께하고 있는 제작진을 비롯한 많은 분들에게 준비할 시간이 필요했던 부분인 만큼 늦어진 점 너그러운 이해를 부탁드립니다.그동안 쏟아졌던 수많은 상황을 보며 제 자신을 처음부터 다시 돌아보게 되었습니다.지난 시간을 부정당한 것 같다는 이야기가 가장 가슴 아프게 다가왔습니다.상실감이 얼마나 크실지 감히 헤아리지 못할 정도입니다.저는 지금 제기되는 표절 의혹에 동의하기 어려운 부분이 있습니다.올라오는 상당수의 의혹은 각자의 견해이고 해석일 순 있으나 저로서는 받아들이기가 힘든 부분들입니다.다만 이런 논란이 다시 생기지 않도록 제 자신을 더 엄격히 살피겠습니다.<유희열의 스케치북>은 600회를 끝으로 마무리하려고 합니다.13년 3개월이라는 긴 시간 아껴주신 많은 분들에게 진심으로 감사 인사를 올립니다.끝까지 애써주신 제작진과 관계자 여러분께 진심으로 감사드립니다.프로그램과 제작진들의 피해를 최소화하기 위해 이번 주까지 마지막 녹화를 진행하려 합니다.더 이상 피해가 가지 않도록 최선을 다해 남은 책임을 다하겠습니다.제가 지금 어디에 와 있는지 저의 남은 몫이 무엇인지 시간을 가지고 심사숙고하며 외면하지 않겠습니다.음악을 아끼시는 많은 분들에게 심려를 끼쳐 다시 한번 죄송하다는 말씀을 드립니다.마지막으로 긴 시간 부족한 저를 믿어주시고 아껴주셨던 모든 분들에게 머리 숙여 감사 인사를 드립니다.감사합니다.""유희열_메인 (1)박세희 기자"
서울신문,2022.07.19,https://n.news.naver.com/mnews/article/081/0003288203?sid=103,"가수 겸 프로듀서 유희열. 소속사 제공뮤지션 겸 방송인 유희열의 표절 논란에 대해 정민재 대중음악평론가는 “제기된 의혹들 중 상당수는 네티즌의 광기처럼 느껴진다”며 표절 논란 과열을 지적했다.정 평론가는 지난 18일 트위터에 유희열의 입장문을 공유한 뒤 “나 역시 유희열 씨의 말처럼 현재 인터넷을 떠도는 ‘표절 의혹’에 공감하지 않는다”고 밝혔다.●유희열, 13년간 진행한 ‘스케치북’ 하차일본 영화음악의 거장 사카모토 류이치의 곡을 표절했다는 의혹을 받은 유희열은 13년여간 진행해온 KBS ‘유희열의 스케치북’ 하차를 결정했다.이날 유희열은 입장문을 내고 “방송 활동은 제작진 등 많은 분들에게 준비할 시간이 필요했던 만큼 (대응이) 늦어졌다”며 “‘스케치북’은 600회를 끝으로 마무리하려고 한다. 13년 3개월이라는 긴 시간 아껴주신 분들과 끝까지 애써주신 제작진, 관계자 여러분께 진심으로 감사드린다”고 전했다.유희열은 “그간 쏟아진 상황을 보며 자신을 처음부터 다시 돌아보게 됐다. 지난 시간을 부정당한 것 같다는 이야기가 가장 가슴 아프게 다가왔다”며 “상실감이 얼마나 크실지 헤아리지 못할 정도”라고 했다.다만 사카모토 류이치뿐 아니라 다른 음악과 관련해 불거진 표절 논란에 대해서는 “동의하기 어려운 부분이 있다”면서 “올라오는 상당수의 의혹은 각자 해석일 수 있으나 나로서는 받아들이기 힘들다”고 강조했다.그러면서도 유희열은 “이런 논란이 다시 생기지 않도록 자신을 더 엄격히 살피겠다”면서 “음악을 아끼시는 많은 분들에게 심려 끼쳐 다시 한번 죄송하다. 긴 시간 부족한 저를 믿어주고 아껴주셨던 분들에게 머리 숙여 감사 인사 드린다”고 덧붙였다.●정 평론가 “내 귀에 비슷하다고 표절 아냐”정 평론가 역시 “코드 진행 일부가 겹친다고 해서 표절이라고 할 수 없다”면서 ‘표절에 동의하기 어렵다’는 유희열의 주장에 동의했다.그는 “원곡자의 문제 제기가 있었다면 모를까, 찰나의 음표 진행 몇 개가 겹치는 것도 표절이 되지 않는다”며 “높낮이와 속도를 조정해서 비슷하게 들리는 곡 또한 마찬가지다. 내 귀에 비슷하게 들린다고, 내 기분이 나쁘다고 표절이 될 수는 없다”고 지적했다.유희열 표절논란 관련 임진모 김태원 발언. MBC 방송화면 캡처정 평론가는 그룹 부활의 멤버이자 싱어송라이터인 김태원의 앞선 발언을 지적하기도 했다. 김태원은 앞서 유희열을 향해 ‘8마디 정도가 흐트러짐 없이 똑같다’며 강하게 비판한 바 있다.정 평론가는 “원곡자가 확인한 사안을 두고 제3자가 왈가왈부할 필요도 없고, 별 의미도 없다. ‘8마디가 흐트러짐 없이 똑같다’는 말을 구태여 하는 건 스스로 우스워지는 꼴일 뿐만 아니라 원곡자를 모욕하는 것이기도 하다”며 “위 말의 당사자인 김태원 씨는 작가로서 두 곡의 8마디가 똑같다는 말에 책임질 수 있나”고 되물었다.그러면서 “그의 말과는 달리 실제로 두 곡의 8마디는 결코 똑같지 않다. 일부 다른 부분이 있다”며 “닮았다는 말과 ‘흐트러짐 없이 똑같다’는 말의 무게감은 천지차이다. 김태원 씨는 음악인으로서 치명적인 말실수를 했다”고 목소리를 높였다.이어 정 평론가는 “유희열의 대응이 그래서 아쉽다”며 “일부 닮은 부분은 있지만 서로 다른 곡이라는 것을 분명히 해야 했다. ‘순수 창작물로 생각했지만 두 곡의 유사성은 인정할 수밖에 없었다’는 식으로 말하니 마치 표절을 인정한 것 인양 기사들이 퍼졌다. 여기서부터 이미 바로잡긴 어려워졌다”며 안타까워을 드러냈다.정민재 대중음악평론가 트위터 캡처네티즌이 제기한 추가 표절 의혹에 대해선 “일부 비슷하게 들리는 곡도 있었지만, 그저 비슷하게 들릴 뿐 표절이라고 할 만큼 일치하는 곡은 없었다. 원곡자가 문제를 제기한다면 모르겠으나, 그 정도 유사성으로 권리 다툼까지 가는 경우는 드물다”고 지적했다.그러면서 “‘아주 사적인 밤’의 유사성까진 인정하나, 지금 제기된 의혹 중 상당수는 네티즌의 광기처럼 느껴진다. 애초에 이렇게까지 올 일이 아니었다”며 “표절은 명백히 법적 문제다. 표절이 아닌 곡들을 내 귀에 의거해 표절로 몰아가는 행위에 공감하기 어렵다. 이쯤에선 소동이 마무리됐으면 한다”고 덧붙였다."
서울신문,2022.07.19,https://n.news.naver.com/mnews/article/081/0003288214?sid=103,"과거 자신이 진행하던 라디오 방송에서‘난 남자다’와 산타나 노래 유사성 언급여러 예능서 재미있는 에피소드로 활용논란 커지자 13년 진행 ‘스케치북’ 하차“표절 의혹 동의하기 어려운 부분 있어”작곡가 겸 방송인 유희열. 안테나 제공표절 의혹에 휩싸인 작곡가 겸 방송인 유희열이 18일 13년간 진행해온 KBS2 ‘유희열의 스케치북’에서 하차한다고 밝힌 가운데 그가 과거 한 방송에서 레퍼런스(차용)을 인정하는 발언을 했던 것이 온라인상에서 화제가 되고 있다.유희열은 과거 진행하던 KBS 쿨FM ‘유희열의 라디오천국’에서 자신이 작곡하고 김장훈이 부른 ‘난 남자다’(2001년)에 대해 김장훈과 얘기를 나눴다.김장훈이 두 노래 전주의 유사성을 말하면서 “참 잘 빠져나가, 법적으로. 음악계의 변호사”라고 하자 유희열은 폭소하면서 “김장훈씨가 ‘희열아, 산타나 ‘유로파’(Europa) 우라까이(베끼기) 좀 해봐’라고 그러셨잖아”라며 받아쳤다.그러자 김장훈도 웃으면서 “뭔 소리야. 제가 그랬죠. ‘희열아, 산타나 ‘유로파’ 차용해봐’ 이렇게 얘기했죠”라고 말했다. 이어 “그때 솔직히 도용이라고 하려다가 그거 걸릴 것 같아서 차용하자고 얘기했죠”라고 덧붙였다.유희열과 김장훈은 이 에피소드를 여러 방송에서도 언급해왔다. 2010년 SBS ‘절친노트2’에 유희열과 함께 출연한 김장훈은 ‘난 남자다’의 인트로 부분은 산타나의 ‘유로파’ 일부이며, ‘시골영감’, ‘미리미리 미리뽕’, ‘아무거나 냅시다’, 영화 ‘애마부인’ 테마곡 등을 ‘난 남자다’에서 찾아볼 수 있다고 했다.유희열은 2017년 ‘해피투게더3’에 출연해서도 ‘남 남자다’ 작곡 뒷이야기를 풀어놓으며 산타나의 ‘유로파’를 흥얼거려 웃음을 안겼다.유희열(맨 왼쪽)이 2017년 5월 4일 방송된 KBS2 ‘해피투게더3’에 출연해 김장훈의 ‘난 남자다’ 도입부가 산타나의 ‘유로파’(Europa)와 비슷하다고 말하고 있다. ‘해피투게더3’ 방송화면 캡처유희열은 이 같은 작곡 방식이 레퍼런스일 뿐 표절은 아니라고 생각했기에 방송에서 재미있는 에피소드 중 하나로 활용했겠지만, 표절 논란이 터진 지금 이를 보는 네티즌들의 시선을 곱지 않다.다수의 네티즌들은 ‘남 남자다’ 에피소드에 대해 “부끄러운 줄 모르고 예술한다고 하네”, “알면서도 손뼉 쳐준 동료들이 더 소름이다”, “표절 무용담을 아무렇지 않게 웃음 소재로 쓰고 있네” 등 반응을 보였다.일부 네티즌들은 “유희열만의 문제가 아니고 당시 관행처럼 이어져온 잘못된 행위다”, “보통 곡을 의뢰할 때 특정 곡처럼 만들고 싶다고 얘기하기도 한다”며 유희열 개인의 잘못만은 아니라는 의견을 내기도 했다.앞서 유희열의 표절 논란은 지난달 발매 예정이었던 프로젝트 음반 ‘생활음악’의 2번째 트랙 ‘아주 사적인 밤’이 일본의 영화음악 거장 사카모토 류이치의 ‘아쿠아’(Aqua)와 비슷하다는 의혹이 제기되면서 불거졌다.논란이 커지자 유희열은 지난달 14일 소셜미디어에 “검토 결과 곡의 메인 테마가 충분히 유사하다는 것에 동의하게 됐다”며 “발표 당시 나의 순수 창작물로 생각했지만 두 곡의 유사성은 인정할 수밖에 없었다. 충분히 살피지 못하고 많은 분들에게 실망을 드린 것에 대해 사과의 말씀을 드린다”고 밝혔다.하지만 이후 2013년 MBC ‘무한도전-자유로 가요제’를 통해 발표한 ‘플리즈 돈트 고 마이 걸(Please Don’t Go My Girl)’, 2002년 발매한 성시경 ‘해피 버스데이 투 유(Happy Birthday to You)’ 등 여러 곡들이 연달아 표절 의혹에 휩싸였다.18일 ‘유희열의 스케치북’ 하차를 밝힌 유희열의 입장문. 안테나 페이스북 캡처이에 유희열은 18일 소속사 안테나를 통해 ‘유희열의 스케치북’ 하차의 뜻을 밝힌 입장문에서 “그동안 쏟아졌던 수많은 상황을 보며 제 자신을 처음부터 다시 돌아보게 됐다. 지난 시간을 부정당한 것 같다는 이야기가 가장 가슴 아프게 다가왔다. 상실감이 얼마나 크실지 감히 헤아리지 못할 정도”라며 팬들에 대한 미안함을 드러냈다.다만 본인이 유사성을 인정한 ‘아주 사적인 밤’ 외에도 끊임없이 표절 의혹이 쏟아지는 것과 관련해선 “지금 제기되는 표절 의혹에 동의하기 어려운 부분이 있다. 올라오는 상당수의 의혹은 각자의 견해이고 해석일 순 있으나 저로서는 받아들이기가 힘든 부분들이다”면서 “다만 이런 논란이 다시 생기지 않도록 제 자신을 더 엄격히 살피겠습니다”라고 말했다."
서울신문,2022.07.20,https://n.news.naver.com/mnews/article/081/0003288616?sid=103,"KBS 제공가수 겸 작곡가 유희열이 표절 시비에 의연히 대처하다 결국 13년 만에 KBS 2TV ‘유희열의 스케치북(스케치북)’에서 하차하자 그 배경에 관심이 쏠렸다.스포츠서울은 19일 방송 관계자 말을 인용해 유희열이 지난 5일 방영된 MBC ‘100분 토론’ 이후 제작진에게 하차 의사를 전달했다고 보도했다.이 방영분에는 록밴드 부활의 기타리스트이자 작곡가인 김태원, 음악평론가 임진모, 이대화 등이 출연해 유희열의 표절 의혹에 대한 의견을 나눴다. 이들은 해당 의혹을 반면교사 삼자는 등의 발언을 했다.이러한 내용 탓에 유희열은 음악계 동료들이 자신을 비판한 것에 충격을 받았다는 말이 나온다. 이에 따라 스케치북 제작진의 만류에도 완강히 하차 의사를 고집했다는 설명이다.한 방송 관계자는 “600회나 진행할 만큼 스케치북에 대한 유희열의 애착이 강했지만 100분 토론에서 음악 동료들이 자신을 파렴치한 표절범으로 몰아가는 것을 본 후 완전히 무너졌다”고 전했다.또다른 관계자는 “새로운 진행자로 대체할 수는 있지만 제대로 검증조차 되지 않은 의혹으로 13년이나 진행해온 프로그램에서 불명예 하차하는 현실이 안타깝다”고 말했다.유희열은 전날 안테나를 통해 “지금 제기되는 표절 의혹에 동의하기 어려운 부분이 있다”며 “올라오는 상당수의 의혹은 각자의 견해이고 해석일 순 있으나 저로서는 받아들이기가 힘든 부분들인데, 다만 이런 논란이 다시 생기지 않도록 제 자신을 더 엄격히 살피겠다”고 강조했다.제작진도 같은날 “MC 유희열이 프로그램에서 하차하겠다는 공식 입장을 밝혔고, KBS는 하차 의사를 받아들이기로 했다”며 “섭외와 방청 신청이 완료된 22일 방송분까지 정상 방송하고, 이후부터는 방송을 중단할 예정”이라고 알렸다.MBC 토론 프로그램 ‘100분 토론’ 캡처. MBC 100분 토론 유튜브"
서울신문,2022.07.20,https://n.news.naver.com/mnews/article/081/0003288754?sid=103,"이무진, 소속사 통해 공식 입장 발표“본인이 겪은 감정으로 만든 창작물”이무진은 “아무래도 경연은 임팩트 있는 무대가 더 시선을 받기 마련인데, 사실 나는 임팩트 남는 무대를 한 적이 없다고 생각한다.  그런데도 좋은 결과를 얻게 돼 감사하다”고 강조했다. JTBC 제공가수 이무진이 히트곡 ‘신호등’을 둘러싼 표절 의혹에 대해 반박하며 강경 대응 방침을 밝혔다.이무진 소속사 빅플래닛메이드는 20일 공식입장을 통해 “‘신호등’은 아티스트 본인이 직접 겪은 감정을 토대로 만들어진 창작물”이라면서 “전체적인 곡의 구성과 멜로디, 코드 진행 등을 분석한 결과 유사 의혹이 제기된 곡과는 무관하다”고 말했다.이어 “아티스트의 많은 고민과 노력으로 탄생한 음악에 의혹이 제기돼 매우 유감스러운 마음”이라면서 “향후 확인되지 않은 루머의 확산과 근거 없는 추측성 보도는 자제해달라”라고 촉구했다.빅플래닛메이드는 이와 함께 “이무진의 권익 보호를 위해 지속적인 모니터링을 거쳐 허위 사실 유포에 대해서는 강경하게 대응할 예정”이라고 덧붙였다.앞서 위키트리는 지난해 5월 발매된 이무진의 ‘신호등’이 일본 가수 세카이노 오와리가 2015년 발매한 ‘드래곤 나이트’와 유사하다고 표절 의혹을 제기했다.또 일본 밴드 ‘데파페코’가 2018년 ‘드래곤 나이트’를 어쿠스틱 버전으로 커버한 곡과도 흡사하다고 주장했다.14일 신곡을 발표한 가수 이무진은 “노래가 음원사이트에 나오면 어떤 기분일까 자주 상상하면서 발매하는 날을 기다렸다”고 했다. 쇼플레이엔터테인먼트표절 논란 유희열 ‘스케치북’ 하차잇단 표절 의혹에 가요계가 술렁이고 있다. 앞서 가수 겸 작곡가 유희열이 지난해 9월 발매한 ‘아주 사적인 밤’이 일본 가수 사카모토 류이치가 1999년 발표한 곡 ‘아쿠아’를 표절했다는 의혹이 불거져 논란이 일었다.유희열은 소속사 안테나를 통해 2009년 4월부터 13년간 진행해온 KBS 2TV 음악 프로그램 ‘유희열의 스케치북’에서 하차한다고 밝혔다.유희열은 지난 18일 “‘유희열의 스케치북’은 600회(오는 22일 예정)를 끝으로 마무리하려고 한다”면서 “13년 3개월이라는 긴 시간 아껴주신 많은 분들에게 진심으로 감사 인사를 올린다”고 밝혔다.유희열은 “프로그램과 제작진들의 피해를 최소화하기 위해 이번 주까지 마지막 녹화를 진행하려한다”면서 “더 이상 피해가 가지 않도록 최선을 다해 남은 책임을 다하겠다”고 말했다.이무진의 ‘신호등’은 지난 5월 발매 이후 꾸준히 차트 상위권을 유지하고 있다. 쇼플레이 엔터테인먼트 제공빅플래닛메이드 공식입장 전문안녕하세요 빅플래닛메이드엔터입니다.소속 아티스트 이무진의 ‘신호등’과 관련한 공식 입장을 말씀드립니다.‘신호등’은 아티스트 본인이 직접 겪은 감정을 토대로 만들어진 창작물이며 전체적인 곡의 구성과 멜로디, 코드 진행 등을 분석한 결과 유사 의혹이 제기된 곡과는 무관함을 알려드립니다.당사는 아티스트의 많은 고민과 노력으로 탄생한 음악에 의혹이 제기돼 매우 유감스러운 마음입니다.이에 향후 확인되지 않은 루머의 확산과 근거 없는 추측성 보도는 자제해 주시길 간곡히 부탁드립니다.당사는 소속 아티스트 이무진의 권익 보호를 위하여 지속적인 모니터링을 거쳐 허위 사실 유포에 대해서는 강경하게 대응할 예정입니다.이무진의 음악과 활동에 보내주시는 관심에 감사의 말씀을 드리며 앞으로도 기대해 주시는 만큼 더욱 좋은 음악으로 찾아뵙겠습니다. 감사합니다."
서울신문,2022.07.25,https://n.news.naver.com/mnews/article/081/0003289765?sid=103,"가수 겸 프로듀서 유희열. 소속사 제공표절 의혹에 휩싸이며 KBS ‘유희열의 스케치북’에서 13년 만에 하차한 가수 겸 작곡가 유희열(51)이 오랜 시간 자신을 지켜봐 온 팬들에게 사과했다.유희열은 최근 자신의 팬사이트인 ‘토이뮤직’을 통해 ‘모두에게 감사하고 미안하다’는 글을 올렸다.해당 글에서 유희열은 “나이랑 경험이 많다고 모두 다 깊어지는 게 아니란 걸 하나하나 자신을 돌아보며 절실히 깨닫고 있다”면서 “내가 지금 어디쯤 와 있는지 나의 남은 몫이 무엇인지를 외면하지 않으려 애쓰고 있다. 저도 예전과는 많이 달라지고 지치기도 했다”고 전했다.특히 그는 “지난 추억이 모두 날아가 버렸다는 얘기는 평생 가슴에 흉터로 새기며 살아가겠다. 각자의 지난 추억들은 그 추억들대로 가슴 한 켠에 잘 간직하셨음 좋겠다”면서 “이건 저의 부족함이지, 그 시간 속 여러분은 잘못한 것이 아무것도 없다”고 말했다.또 “안 그래도 힘든 세상, 저까지 힘들게 해드려 죄송하다”며 “걱정해주셔서 감사드린다. 예전처럼 평범한 안부 인사를 아무렇지 않게 서로 웃으면서 나눌 수 있는 날이 오길 그려본다”고 덧붙였다.● 13년간 진행해 온 ‘스케치북’ 하차13년 이상 굳건하게 심야 음악 방송으로 자리잡았던 KBS 2TV ‘유희열의 스케치북’은 지난 22일 방송을 끝으로 시청자들과 작별했다.유희열은 ‘스케치북’ 하차에 대해선 “제작진들에게도 준비할 시간이 필요해 늦었지만 이제야 말씀을 드린다”며 “생계가 걸려 있는 수많은 사람들과 수많은 사정들이 있다. 산다는 건 딱 잘라서 결정하고 바로 해결할 수 없는 일들이 더 많더라”고 전했다.그러면서 “‘스케치북’은 적은 제작진과 제작비로 진심을 다해 만드는 소중한 프로그램이다. 유일하게 남은 음악 라이브 토크쇼가 잘 이어질 수 있도록 여러분들께서 지켜 주시길 부탁드린다”고 부탁했다.마지막으로 그는 “안그래도 힘든 세상, 저까지 힘들게 해드려 죄송하다”며 “걱정해주셔서 감사드린다. 예전처럼 평범한 안부 인사를 아무렇지 않게 서로 웃으면서 나눌 수 있는 날이 오길 그려본다”고 덧붙였다.● 표절 논란의 시작…‘아주 사적인 밤’앞서 유희열은 ‘생활음악’ 프로젝트의 두 번째 트랙인 ‘아주 사적인 밤’이 일본 영화 음악의 거장 사카모토 류이치의 ‘아쿠아(Aqua)’와 유사하다는 표절 의혹에 휩싸였다.이에 대해 유희열은 “긴 시간 가장 영향받고 존경하는 뮤지션이기에 무의식중에 내 기억 속에 남아있던 유사한 진행 방식으로 곡을 쓰게 됐다”며 “발표 당시 순수 창작물로 생각했지만 두 곡의 유사성은 인정할 수밖에 없었다. 충분히 살피지 못하고 많은 분께 실망을 드린 것에 대해 사과의 말씀을 드린다”고 사과했다.하지만 이후에도 유희열은 2013년 방송된 MBC 예능프로그램 ‘무한도전-자유로 가요제’에서 발표된 ‘플리즈 돈트 고 마이 걸(Please Don’t Go My Girl)‘과 그룹 퍼블릭 어나운스먼트의 ‘보디 범핀(Body Bumpin’)’의 흐름이 유사하다는 의혹을 받았고, 2002년 발매된 성시경의 곡 ‘해피 버스데이 투 유(Happy Birthday to You)’가 1998년 일본 유명 록밴드 안전지대 멤버 겸 싱어송라이터 타마키 코지가 발표한 곡 ‘HAPPY BIRTHDAY ~愛が生まれた~’와 유사하다는 의혹을 받았다."
조선일보,2022.07.19,https://n.news.naver.com/mnews/article/023/0003704635?sid=103,"가수 유희열. /안테나 페이스북스타 작곡가 유희열의 표절 논란을 두고 대중음악계에서 엇갈린 목소리가 나오고 있다. 자성과 비판의 목소리가 나온 한편 논란이 지나치게 과열됐다는 목소리가 나왔다.정민재 “유희열 논란 과열, 표절 의혹 공감 안 한다”정민재 음악평론가가 18일 트위터에 남긴 글./트위터정민재 음악평론가는 18일 트위터를 통해 “논란이 필요 이상으로 과열되는 것 같아 괜히 보태고 싶지 않았지만 인터넷을 떠도는 표절 의혹에 공감하지 않는다”고 했다.그는 “처음 문제가 된 ‘아주 사적인 밤’과 ‘Aqua’의 경우 유희열과 사카모토 류이치의 말처럼 ‘메인 테마의 유사성’이 느껴지는 정도”라며 “말 그대로 메인 테마가 닮았다는 것이지 표절과는 다르다. 그렇기에 원곡자 역시 유사한 것은 인정하나 표절은 아니며 후속 조치가 필요치 않다고 한 것”이라고 했다.특히 록밴드 부활의 노래 대부분을 작곡한 기타리스트 김태원이 유희열의 표절 논란에 대해 “8마디 정도가 흐트러짐 없이 똑같다”고 한 발언을 겨냥하기도 했다.정 평론가는 “원곡자가 확인한 사안을 두고 제3자가 왈가왈부할 필요도 없고, 별 의미도 없다. 8마디가 흐트러짐 없이 똑같다’는 말을 구태여 하는 건 스스로 우스워지는 꼴일 뿐만 아니라 원곡자를 모욕하는 것”이라며 “김태원씨는 작가로서 두 곡의 8마디가 똑같다는 말에 책임질 수 있나. 그의 말과는 달리 실제로 두 곡의 8마디는 결코 똑같지 않다. 일부 다른 부분이 있다. 일부 닮고 일부 다르기 때문에 원곡자도 돌려보낸 것”이라고 했다.그러면서 “닮았다는 말과 ‘흐트러짐 없이 똑같다’는 말의 무게감은 천지차이”라며 “김태원씨는 음악인으로서 치명적인 말실수를 했다”고 주장했다.정 평론가는 “아쉬웠던 건 유희열의 첫 대응”이라며 “일부 닮은 부분은 있지만 서로 다른 곡이라는 것을 분명히 했어야 한다. ‘순수 창작물로 생각했지만 두 곡의 유사성은 인정할 수밖에 없었다’는 식으로 말하니 마치 표절을 인정한 것인 양 기사들이 퍼졌다. 여기서부터 이미 바로잡긴 어려워졌다”고 했다.유희열이 작곡한 다른 곡들에 추가로 제기된 의혹에 대해선 네티즌들에게 책임을 돌렸다. 그는 “네티즌은 그 즉시 그동안 자신의 귀에 비슷하게 들리던 곡들을 끌고 와 표절 의혹을 제기했다”며 “일부 비슷하게 들리는 곡도 있었지만 그저 비슷하게 들릴 뿐 표절이라고 할만큼 일치하는 곡은 없었다. 원곡자가 문제를 제기한다면 모르겠으나, 그 정도 유사성으로 권리 다툼까지 가는 경우는 드물다”고 했다.'반면교사’ 언급한 김태원·임진모·이대화록밴드 부활의 기타리스트 김태원이 5일 MBC '100분토론'에 출연했다. /MBC김태원 뿐 아니라 임진모 음악평론가, 이대화 음악평론가 등 여러 음악계 인사들은 유희열의 표절 의혹을 비판하며 ‘반면교사’ 의견을 꺼내 들었다.김태원은 MBC ‘100분 토론’을 통해 1990년대초부터 만연했던 음악계 표절 의혹을 언급하며 안타까워 했고, 임진모 평론가는 표절을 ‘도덕적 해이’라고 지적하며 이번 논란에 대해 “한 곡을 만드는데 얼마나 엄격해야 하는지 일깨워주고 경종을 울렸다”고 해석했다.한국대중음악상 선정위원이기도 한 이대화 평론가는 19일 페이스북에 “유희열은 레퍼런스와 창작의 경계가 아슬한 사람”이라며 “유튜버들의 의혹제기가 허망하다고 하는데, 내가 듣기에 ‘Happy Birthday To You’는 정말 비슷하고 심지어 내가 찾아낸 것도 있다”고 짚었다.그는 “무에서 유가 창조되는 일은 당연히 없다. 특정 아티스트와 곡에서 영감을 받아 음악을 만드는 방식도 문제될 것 없다”면서도 “하지만 정도가 지나치다 생각하면 스스로 멈춰야 한다. 그런 것에 관대해지면 결국 이런 문제들이 터진다”고 했다.아울러 일부 옹호 의견에 대해선 “’레퍼런스하더라도 이렇게 하면 나중에 문제된다’의 예로 평가하고 반면교사로 삼아야지 왜 기준을 낮추자는 쪽으로 분위기가 가는가”라고 했다."
조선일보,2022.07.19,https://n.news.naver.com/mnews/article/023/0003704564?sid=103,"표절의혹 제기된 지 한달 만에/뉴스1가수 겸 작곡가 유희열이 13년간 진행했던 KBS 2TV 음악 프로그램 ‘유희열의 스케치북’을 떠난다. 그가 사카모토 류이치의 곡을 표절했다는 의혹이 제기된 지 한 달여 만이다.KBS는 18일 프로그램 홈페이지를 통해 “MC 유희열씨가 프로그램에서 하차하겠다는 공식 입장을 밝힘에 따라, KBS는 하차 의사를 받아들이기로 했다”고 밝혔다. 이에 따라 섭외와 방청 신청이 완료된 오는 22일 600회 방송분을 끝으로 ‘유희열의 스케치북’ 방송이 중단된다.앞서 유희열은 자신의 소속사 안테나를 통해 “그동안 쏟아졌던 수많은 상황을 보며 제 자신을 처음부터 다시 돌아보게 됐다”며 “‘유희열의 스케치북’은 600회를 끝으로 마무리하려고 한다”고 밝혔다. 다만 표절 논란에 대해선 “제기되는 표절 의혹에 동의하기 어려운 부분이 있다”고 했다."
조선일보,2022.07.20,https://n.news.naver.com/mnews/article/023/0003705031?sid=103,"“허위 사실 유포 시 강경 대응”가수 이무진. /뉴스1가수 이무진 측이 최근 온라인상에서 불거진 ‘신호등’ 표절 의혹을 부인하며 허위 사실 유포에 대한 법적 대응에 나서겠다고 경고했다.이무진 소속사 빅플래닛메이드는 20일 입장문을 내고 “‘신호등’은 아티스트 본인이 직접 겪은 감정을 토대로 만들어진 창작물이고 전체적인 곡 구성과 멜로디, 코드 진행 등을 분석한 결과 유사 의혹이 제기된 곡과는 무관함을 알린다”고 밝혔다.앞서 일부 온라인 커뮤니티와 소셜미디어에서는 지난해 5월 발매된 이무진의 자작곡 ‘신호등’이 일본 가수 세카이노 오와리의 2015년 곡 ‘드래곤 나이트’와 유사하다는 의혹이 제기됐다. 또 일본 밴드 데파페코가 2018년 ‘드래곤 나이트’를 어쿠스틱 버전으로 편곡한 것과도 비슷하다는 주장이 나왔다.이는 최근 음악계를 뒤흔든 작곡가 유희열의 표절 논란과 겹쳐지며 빠르게 확산했다. 유튜브 등 동영상 플랫폼에는 ‘신호등’과 ‘드래곤 나이트’를 편집해 만든 비교 영상까지 다수 올라왔다. 오디션 프로그램을 통해 데뷔한 이무진의 첫 히트곡이자 음원차트를 휩쓴 노래로, 대중의 큰 사랑을 받았던 것을 언급하며 실망감을 드러낸 네티즌도 있었다.빅플래닛메이드는 “아티스트의 많은 고민과 노력으로 탄생한 음악에 의혹이 제기돼 매우 유감스러운 마음”이라며 “향후 확인되지 않은 루머의 확산과 근거 없는 추측성 보도는 자제해 주길 간곡히 부탁드린다”고 했다.이어 “당사는 이무진의 권익 보호를 위해 지속적인 모니터링을 거쳐 허위 사실 유포에 대해서는 강경하게 대응할 예정”이라며 “이무진의 음악과 활동에 보내주시는 관심에 감사 말씀드리고 앞으로도 더욱 좋은 음악으로 찾아뵙겠다”고 덧붙였다."
중앙일보,2022.07.20,https://n.news.naver.com/mnews/article/025/0003211081?sid=103,"가수 이무진의 소속사 빅플래닛메이드엔터테인먼트가 20일 히트곡 ‘신호등’이 표절이라는 의혹에 대해 “아티스트 본인이 직접 겪은 감정을 토대로 만들어진 창작물이며 전체적 곡 구성과 멜로디, 코드 진행 등을 분석한 결과 의혹이 제기된 곡과는 무관하다”고 반박하며 “이무진의 권익 보호를 위해 지속적 모니터링 거쳐 허위 사실 유포에 대해서는 강경 대응하겠다”고 밝혔다.가수 이무진 측이 표절 논란에 대해 반박하며 강경대응을 예고했다. 연합뉴스앞서 위키트리는 지난해 5월 발매된 이무진의 ‘신호등’이 일본 가수 세카이노 오와리가 2015년 발매한 ‘드래곤 나이트’와 유사하다고 표절 의혹을 제기했다. 또 일본 밴드 ‘데파페코’가 2018년 ‘드래곤 나이트’를 어쿠스틱 버전으로 커버한 곡과도 흡사하다고 주장했다.빅플래닛메이드엔터테인먼트는 “아티스트의 많은 고민과 노력으로 탄생한 음악에 의혹이 제기돼 매우 유감스러운 마음”이라며 “향후 확인되지 않은 루머의 확산과 근거 없는 추측성 보도는 자제해주길 부탁한다”고 대응했다.이어 “이무진의 음악과 활동에 보내주는 관심에 감사하며, 앞으로 더욱 좋은 음악으로 찾아뵙겠다”고 했다.현재 음악계는 가수 유희열이 지난해 9월 발매한 ‘아주 사적인 밤’이 일본 가수 사카모토 류이치가 1999년 발표한 곡 ‘아쿠아’를 표절했다는 의혹이 불거져 논란이 뜨겁다."
중앙일보,2022.07.23,https://n.news.naver.com/mnews/article/025/0003211717?sid=103,"가수 겸 작곡가 유희열. [KBS2 '유희열의 스케치북' 캡처]표절 논란에 휘말린 가수 겸 작곡가 유희열이 13년 넘게 진행한 '유희열의 스케치북' 마지막 방송에서 ""모든 건 여러분 덕이다. 다시 한번 감사하다""고 말했다.22일 방송된 KBS2 '유희열의 스케치북'은 600회 특집이자 마지막 방송이 그려졌다.이날 방송에서 유희열은 ""'스케치북' 시작 때 제 나이가 39살이었다. 그때만 해도 30대였는데 벌써 52살이 됐다. 13년 3개월이 지나 오늘로써 600회를 맞이했다. 여러분 덕분""이라고 말했다.유희열은 ""오늘만큼은 지난 걱정 근심 내려놓고 환한 얼굴과 힘찬 박수로 여러분이 주인공이 되었으면 하는 마음으로 꾸며봤다. 그동안 보내주신 응원에 감사하다""고 말했다.이날 방송에는 '우리들의 여름날'이라는 주제로 폴킴과 멜로망스, 10CM, 헤이즈, 데이브레이크, 오마이걸의 효정과 승희, 김종국, 씨스타, 거미 등이 출연했다.KBS '유희열의 스케치북' 600회. [사진 KBS]가수들의 무대가 끝난 후 유희열은 ""저는 여기서 인사를 드리지만, 음악인들이 꿈꾸는 이 소중한 무대 음악 라이브 토크쇼가 거의 없다. 요즘 세상에는 자기 노래를 발표하고 이야기하는 순간들이 거의 없다. 이 소중한 무대가 계속해서 이어질 수 있도록 여러분께서 많이 아껴 주시고 응원해 주시기를 진심으로 부탁드린다. 이 귀한 자리 함께할 수 있어서 진심으로 영광이었다""고 말했다.한편 유희열은 최근 '유희열의 생활음악' 프로젝트 두 번째 트랙인 '아주 사적인 밤'이 일본 영화음악 거장 사카모토 류이치의 '아쿠아'와 비슷하다는 의혹이 제기되면서 표절 논란에 휩싸였다.이와 관련해 유희열은 ""그동안 쏟아졌던 수많은 상황을 보며 저 자신을 처음부터 다시 돌아보게 됐다""며 ""저는 지금 제기되는 표절 의혹에 동의하기 어려운 부분이 있다. 올라오는 상당수의 의혹은 각자의 견해이고 해석일 순 있으나 저로서는 받아들이기가 힘든 부분들""이라고 밝혔다. 그러면서 ""다만 이런 논란이 다시 생기지 않도록 저 자신을 더 엄격히 살피겠다""고 덧붙였다."
중앙일보,2022.07.25,https://n.news.naver.com/mnews/article/025/0003211969?sid=103,"뮤지션 겸 방송인 유희열 [사진 KBS]표절 의혹으로 KBS ‘유희열의 스케치북’에서 13년 만에 하차한 가수 겸 작곡가 유희열(51)이 “안 그래도 힘든 세상 저까지 힘들게 해드려서 죄송하다”며 팬들에게 사과했다.유희열은 최근 자신의 팬사이트인 ‘토이뮤직’을 통해 ‘모두에게 감사하고 미안하다’는 글을 올렸다.유희열은 “나이랑 경험이 많다고 모두 다 깊어지는 게 아니란 걸 하나하나 자신을 돌아보며 절실히 깨닫고 있다”고 밝혔다.이어 “내가 지금 어디쯤 와 있는지 나의 남은 몫이 무엇인지를 외면하지 않으려 애쓰고 있다”면서도 “저도 예전과는 많이 달라지고 지치기도 했다”고 말했다.그는 “지난 추억이 모두 날아가 버렸다는 얘기는 평생 가슴에 흉터로 새기며 살아가겠다. 각자의 지난 추억들은 그 추억들대로 가슴 한 켠에 잘 간직하셨음 좋겠다”라며 “이건 저의 부족함이지, 그 시간 속 여러분은 잘못한 것이 아무것도 없다”고 말했다.또 “안 그래도 힘든 세상, 저까지 힘들게 해드려 죄송하다”며 “걱정해주셔서 감사드린다. 예전처럼 평범한 안부 인사를 아무렇지 않게 서로 웃으면서 나눌 수 있는 날이 오길 그려본다”고 덧붙였다.유희열은 지난달 ‘생활음악’ 프로젝트를 통해 발표한 ‘아주 사적인 밤’이 사카모토 류이치의 ‘아쿠아’와 곡 진행이 유사하다는 지적을 받으며 표절 의혹에 휩싸였다.이에 대해 유희열은 곡의 메인 테마가 유사하다는 것에 동의한다며 “긴 시간 가장 영향받고 존경하는 뮤지션이기에 무의식중에 저의 기억 속에 남아있던 유사한 진행 방식으로 곡을 쓰게 됐다”고 사과문을 올리고 음원 발매를 취소했다.하지만 이후에도 유희열은 또 다른 표절 논란에도 휩싸였다. 2013년 방송된 MBC 예능프로그램 ‘무한도전-자유로 가요제’에서 발표된 ‘플리즈 돈트 고 마이 걸(Please Don’t Go My Girl)(Feat. 김조한)’과 그룹 퍼블릭 어나운스먼트의 ‘보디 범핀(Body Bumpin’)’의 흐름이 유사하다는 의혹을 받았고, 2002년 발매된 성시경의 곡 ‘해피 버스데이 투 유(Happy Birthday to You)’가 1998년 일본 유명 록밴드 안전지대 멤버 겸 싱어송라이터 타마키 코지가 발표한 곡 ‘HAPPY BIRTHDAY ~愛が生まれた~’와 유사하다는 의혹을 받았다.이번 논란으로 유희열은 지난 22일 방송된 스케치북 최종회를 마지막으로 방송에서 하차했다. 또 JTBC 예능 프로그램 ‘뉴페스타’에서도 하차하기로 결정했다."
중앙일보,2022.07.27,https://n.news.naver.com/mnews/article/025/0003212538?sid=110,"유성운 문화팀 기자‘지도에 나온/조선국 자리 위에/시커멓도록/먹물을 칠해가며/가을바람을 듣네.’ -‘9월 밤의 불평(九月の夜の不平)’ 중.일본 시인 이시카와 다쿠보쿠(石川啄木)는 1910년 9월, 일본의 조선 병합에 대한 분노를 단카(短歌)로 적었다. 지도 위 일본과 같은 색깔로 그려진 조선을 보고 싶지 않았는지 먹으로 칠했다. 그는 일본 이와테현 출신이다. 혼슈 북부로 근대화에서 비켜선 ‘깡촌’이었다.일러스트 = 김지윤 기자 kim.jeeyoon@joongang.co.kr그는 26세로 요절할 때까지 많은 단카를 남겼는데, 고향에 대한 그리움과 도시에서 느끼는 쓸쓸함 등을 서정적으로 담아 많은 사랑을 받았다. 이시카와를 좋아했던 평북 정주 출신의 시인 백기행은 필명을 백석(白石)으로 지었다. 이시카와(石川)의 ‘石’을 가져온 것이다. 도쿄에서 공부한 백석도 도시적 감성보다 평안도 사투리를 녹인 향토색 짙은 시를 남겼다. 그에게서 이시카와의 영향을 찾는 평론가도 있다.한국과 일본은 정치적 긴장 속에서도 문화적으로 많은 영향과 자극을 주고받았다. 그런 가운데 양국 문화가 발전해왔다. 2018년 칸영화제에서 황금종려상을 받은 고레에다 히로카즈 감독과 2020년 미국 아카데미상을 휩쓴 봉준호 감독은 서로 팬을 자처하는 사이다.최근 유희열의 사카모토 류이치 표절 의혹은 씁쓸한 뒷맛을 남겼다. 이후 1990~2000대를 풍미했던 많은 가요에서 일본 음악과의 유사성이 지적되고 있다. “추억을 도둑맞은 기분”이라는 반응도 나온다. 상대에 대한 존중과 영향을 인정하는 것이 그토록 어려웠을까. 아쉬울 뿐이다."
한국일보,2022.07.21,https://n.news.naver.com/mnews/article/469/0000687309?sid=103,"[K팝의 그늘, 표절 논란]  ①꼬리 무는 표절 뒤지기작곡가 겸 프로듀서 유희열. 안테나 제공국내 대중음악계가 잇딴 표절 논란으로 몸살을 앓고 있다. 작곡가 겸 프로듀서인 유희열로 촉발된 가요계 표절 의혹이 가수 이적 등으로 번지며 장기화하고 있고  일부 네티즌들은 과거 표절 시비가 일었던 곡들까지 다시 끄집어내고 있다. 표절 여부는 법적으로 당사자 간 문제인 데다 표절과 레퍼런스(참조), 영향 등의 경계가 모호해 제3자가 속단하는 것은 위험하다는 시각이 있지만, 가요계의 잘못된 관행을 이번 기회에 바로잡아야 한다는 주장도 힘을 얻고 있다.'천재 작곡가'에 대한 환상 깨지며 배신감도 커져작곡가로 시작해 기획사 대표를 거쳐 인기 방송인으로 오랫동안 시청자들과 함께해온 유희열은 18일 모든 방송 활동을 중단하겠다고 밝혔다. 그가 13년간 진행을 맡았던 KBS2 ‘유희열의 스케치북’을 폐지에 이르게 한 건 팬들의 실망과 분노였다. 유희열은 지난해 9월 발표한 ‘아주 사적인 밤’이 일본 대중음악의 거장 사카모토 류이치의 곡 ‘아쿠아’와 유사하다는 의혹이 지난달 제기되자 ""무의식 중에 기억 속에 남아 있던 유사한 진행 방식으로 곡을 쓰게 됐다”며 “두 곡의 유사성은 인정할 수밖에 없다”고 사과했다.사카모토 류이치. 빈체로 제공사카모토가 두 곡의 유사성을 인정하면서도 “법적 조치가 필요한 수준이라고 볼 수는 없다”며 유희열을 격려했지만 논란은 가라앉지 않았다. 이후 같은 앨범에 수록될 예정이었던 ‘내가 켜지는 시간’, 2002년 성시경에게 준 ‘해피 버스데이 투 유’, 토이 3집 수록곡 ‘넌 어떠니’, 2013년 MBC  ‘무한도전’ 출연을 위해 썼던 ‘플리스 돈트 고 마이 걸’ 등이 잇따라 도마 위에 올랐다. 유희열로 촉발된 표절 의혹은 이적에게로 이어졌다. 그가 2013년 발표한 ‘거짓말 거짓말 거짓말’이 브라질 가수 라이문두 파그네르의 1995년 곡 ‘루비 그레나(Rubi Grena)’와 유사하다는 주장이 제기된 것. 그러나 소속사 측은 “대응할 가치가 없다”면서 표절이 아니라고 선을 그었다.‘아주 사적인 밤’ 한 곡으로 시작한 논란이 일파만파 커진 것은 무엇보다 유희열이 ‘서울대 출신 천재 작곡가’로 명성을 쌓아온 것과 무관하지 않다. 팬들은 ""추억을 도둑맞은 듯한 배신감을 느꼈다""고 말한다. 최규성 대중음악평론가는 “여러 TV 오디션 프로그램에서 창작의 중요성을 설파했던 인물에게 가졌던 환상이 깨지면서 사태의 여파가 더 큰 듯하다”고 말했다. 천재에 대한 우리 사회의 과도한 집착과 이를 이용하는 마케팅으로 인해 결과적으로 대중의 배신감이 더 커졌다는 얘기다. 김헌식 대중문화평론가는 “우리 사회가 천재병에 걸려 지나치게 창작자들을 떠받드는 경향이 있는데 유희열은 그런 측면에서  과대 포장된 면이 있다""고 말했다.가수 겸 작곡가 유희열이 표절 논란에 휩싸이면서 유희열은 18일 '유희열의 스케치북'을 포함한 모든 방송에서 하차하겠다고 밝혔다. KBS2 제공""표절 시비는 당사자 간 문제""  VS ""대중들 반응에 맞춰 변화해야""유희열과 사카모토가 해당 곡의 유사성을  인정했지만 이를 바라보는 시각은전문가들 사이에서도 의견이 갈린다.록 밴드 부활의 리더인 김태원은 지난 5일 방송된 MBC '100분 토론'에서 ""8마디가 흐트러짐 없이 똑같다""고 단언했으나 정민재 대중음악평론가는 ""일부 닮고 일부는 다르다""고 반박했다. 정 평론가는 다른 곡들에 대해서도 ""'아주 사적인 밤'의 유사성까진 인정하나, 표절이라고 할 만큼 일치하는 곡은 없었다""고 맞섰다. 하지만다소 중립적인 입장에 있는 이들도 일부 곡은 도가 지나쳤다고 말한다.이대화 평론가는 ""유희열은 창작과 레퍼런스 사이의 경계가 아슬아슬한 사람""이라면서  선을 넘어서는 레퍼런스나 모방은 문제가 될 수 있다는 반면교사로 삼아야 한다고 말했다.물론 유희열이 방송활동까지 중단했지만 법적으로 따지면 표절이라고 할 수 없다.  표절은 원작자가 고소해야 성립되는 친고죄인데, 당사자인 사카모토가 법적 조치를 취하지 않겠다고 밝혔기 때문이다.신현준 성공회대 교수는 “저작권법 위반은 피해자가 고소를 해야 표절 여부를 판단할 수 있는 민사 문제인데 정의를 바로 세우는 시민운동이나 인민재판처럼 흐르는 경향이 있다”고 지적했다.실제 온라인상에선 유사한 대목만 비교한 뒤 표절로 몰아가는 경우도 적지 않아 '마녀사냥'에 대한 우려도 크다.김학선 평론가는 “표절이라고 단정하기 어려운 곡들까지도 일부 네티즌과 유튜버들이 확증 편향에 빠져 표절로 몰아가고 있다”고 꼬집었다.하지만대중의 사랑을 받아야 하는 대중음악인이 대중의 정서를 외면한 채 법 형식만 따지는 것도 모순적 태도다. 법적 소송과 무관하게 다수의 팬들이특정 형태의 곡을 표절로 인식한다면 창작자도 이에 맞춰 대응해야 한다는 주장이 나오는 배경이다.특히 다른 곡을 레퍼런스 삼아 곡을 만들면서출처를 밝히지 않는 제작 방식은 오랫동안 논란거리였다. 표절이라 할 만큼 선율이 같지 않고 화성 전개도 다르지만 전체적 구성이 유사한 경우가 적지 않기 때문이다. 김작가 대중음악평론가는 “선율이 중심이었던 시절에는 관행적으로 사운드 구성 전반과 선율을 참고하며 레퍼런스라고 했지만 리듬과 비트가 중심인 요즘 관점에서 보면 그건 레퍼런스가 아닌 샘플링”이라며 “과거의 창작 관행과 요즘 음악 소비자의 인식이 일치하지 않는 것”이라고 진단했다. 이번 논란을 계기로 대중음악 창작의 방식을 바로잡아야 한다는 얘기다. 김헌식 평론가는 “논문을 쓸 때 세세하게 각주를 달듯 레퍼런스든 샘플링이든 출처를 명확하게 밝혀주는 문화가 필요하다”며 “K팝이 세계적으로 주목받는 상황에서  관행처럼 이어지는 잘못된 창작의 행태를 바로잡지 않으면 더 큰 위기가 올 수 있다”고 말했다.""대중 수준 낮게 보는 풍토 있었다""...저작권 법 개정과 함께 인식도 제고돼야제작자나 작곡가 등 음악 제작에 직접 관련된 이들 사이에선 한탄과 자성의 목소리도 나온다. 이번 사태와 별개로 그간 한국에 대한 해외의 무관심을 악용해 교묘하게 외국 곡을 모방해 곡을 만드는 악습이 없지 않았기 때문이다. 익명을 요구한 20년 경력의 작곡가 겸 제작자는 “어떻게 하면 표절을 교묘히  피해갈 수 있는지 사석에서 공공연히 말하는 작곡가들도 여럿 있다”며 “잘 알려지지 않은 외국 음악을 쓰면 모르겠지 하며 음악 소비자들의 수준을 낮게 보는 풍토가 있었다""고 말했다. 그는 “K팝이 성장하면서 해외 작곡가와 협업하거나 집단 창작을 하는 방식이 일반화했지만 이전엔 소수의 스타 작곡가들에게 지나치게 의존하다 보니, 여러 곡을 의뢰받은 작곡가가 마감에 쫓겨 유혹에 넘어갈 수 있었다”고 말했다.미국이나 유럽에선 표절 시비가 법정 공방으로 이어지는 일이 종종 벌어지지만 국내에서 표절 소송이 흔치 않은 것도 악의적 모방의 배경으로 꼽힌다.미국에선 2013년 로빈 시크의 히트곡 ‘블러드 라인’이 마빈 게이의 곡을 표절했다는 판결을 받으며 60억 원가량을 배상한 사례가 있다. 레드 제플린의 명곡 '스테어웨이 투 헤븐'도 지난 2014년 6,000억 원에 이르는 배상금이 걸린 저작권 침해 소송에 휘말렸는데 6년간의 공방 끝에 표절이 아니라는 판정을 받았다.미국 가수 로빈 시크. 유니버설뮤직 제공하지만 국내에선2013년 프라이머리의 '아이 갓 시'가 해외 곡과 표절 시비에 휘말리자 저작권 일부를 양도하며 정리했던 것처럼 소송에 이르기 전 당사자 간 협의로 끝나는 경우가 대다수다. 강일권 대중음악평론가는 “궁극적으로 표절을 최대한 줄이려면 저작권 침해에 관해 강력한 징벌적 손해배상제도를 도입해야 한다”고 주장했다. 표절 관련 소송으로 배상받을 수 있는 금액이 많지 않으니 애초에 소송 자체가 제기되기 어렵다는 것이다.신승훈 김건모 클론 등을 제작한 김창환 미디어라인엔터테인먼트 회장은 “우리나라는 저작권과 관련한 교육이 부족한 탓에 논문표절, 기사표절, 상표표절 등 여러 분야에서 저작권 침해가 양심의 가책 없이 이뤄지고 있다는 생각이 든다”고 말했다."
한국일보,2022.07.21,https://n.news.naver.com/mnews/article/469/0000687336?sid=103,"[K팝의 그늘, 표절 논란] ②덮고 갈 수 없는 일본 베끼기가수 민해경이 1986년 정규 6집 앨범(왼쪽)과 일본 가수 마쓰다 세이코가 1984년 발표한 앨범 '윈디 섀도' 앨범. 전체적인 구도나 포즈, 색감 등이 유사하다.지난달 유희열이 자신의 곡 ‘아주 사적인 밤’이 일본 출신의 세계적인 작곡가 사카모토 류이치의 ‘아쿠아’와 유사하다는 점을 인정하자 후속 ‘고발’이 잇따랐다. 2002년 성시경에게 준 ‘해피 버스데이 투 유’는 일본 그룹 안전지대 멤버인 다마키 고지의 동명 곡을 표절했다는 의혹을 받고, 그가 작곡하고 가수 이승환이 1997년 발표한 ‘가족’은 일본 가수 안리의 곡과 닮았다는 말을 듣는다. 유희열의 1인 프로젝트 밴드 토이의 6집에 수록된 ‘나는 달’의 도입부는 일본 밴드 쿠루리의 곡과 나란히 비교된다.  유희열 곡을 표절이라고 단정하기  어렵지만공교롭게도 모두 일본 음악가의 곡과 관련한 의혹이다.유희열 논란과 별도로 일본 곡을 표절한 것이 아니냐는 의혹을 받는 국내 가요는 수없이 많다. 대다수는 일본 대중음악 수입이 전면 금지됐던 1990년대 이전에 발표된 곡들이다. 일본 곡을 리메이크 수준으로 베끼거나 표절을 교묘하게 피해 도용하는 관행은 일본 문화가 개방된 1990년대 후반 이후 일본 가요의 정식 리메이크가 쏟아지는 가운데서도 계속됐다. 당시의 풍경을 보여주는 대표적인 예가 김민종과 룰라의 곡이다. 배우 겸 가수 김민종은 1996년 작곡가 서영진에게 받은 ‘귀천도애’가 일본 밴드 튜브의 곡을 표절한 것으로 밝혀져 한동안 음악 활동을 중단했고, 같은 해 룰라는 ‘천상유애’가 일본 그룹 닌자의 곡을 표절했다는 의혹을 받으며 앨범 홍보 활동을 멈췄다.1995년 발표된 룰라의 '천상유애' 뮤직비디오 촬영 장면. 한국일보 자료사진일본 모방은 문화 전반에 만연했다. “1960~70년대 영화 시나리오 작업은 일본 시나리오의 번안 작업이었다”는 원로 영화인의 증언처럼 당시 국내 영화계엔 염치 없는 베끼기가 일상적이었다. 실제로 이형표 감독의 ‘명동에 밤이 오면’(1964)은 나루세 미키오 감독의 ‘여자가 계단을 오를 때’(1960)의 기본 플롯은 물론, 장면들 순서, 미장센, 대사, 인물의 동선까지 복사하듯 표절한 사실이 뒤늦게 드러나 비판을 받았다. 1999년 방영된 장동건 김현주 주연의 드라마 ‘청춘’은 일본 드라마 ‘러브 제너레이션’을 표절했다는 의혹에 휩싸이며 조기 종영되기도 했다.TV 예능 프로그램도 표절 시비는 일상다반사였다. KBS1 ‘전국노래자랑’은 NHK ‘젠코쿠 노도지만’을, KBS2 ‘TV는 사랑을 싣고’는 후지TV ‘헤이세이 조연담의’를, KBS2 ‘퀴즈쇼 진품명품’은 TV도쿄 ‘운수대통! 무엇이든 감정단’과 유사하다는 의혹을 받았다. 문학계도 예외는 아니다. 작가 신경숙은 비교적 최근인 2015년 단편 ‘전설’에서 일본 작가 미시마 유키오의 ’우국’을 일부 표절했다는 사실을 인정하며 수년간 활동을 중단했다. 신현준 성공회대 교수는 “특히 1980~1990년대에는 대중음악뿐 아니라 문화, 사회, 산업 전반에서 일본을 모방했다”며 “대중이 (일본의 영향을 알았든 몰랐든) 일본을 모방한 제품을 환영했고 실제로 잘 팔렸기에 계속 이어질 수 있었다”고 말했다.지금은 K팝이 중국 등 다른 나라들의 모방과 표절로 골치를 앓고 있지만 과거에는 우리가 노골적인 방식으로 일본 문화를 모방한 흑역사를 갖고 있는 것이다. 최규성 대중음악평론가는 “대중음악의 경우 1960년대 일본 곡 표절이 특히 심했는데 일제강점기 영향으로 비슷한 정서가 있어 통하는 부분이 있었다”며 “문화 교류가 단절됐던 시기에 무차별로 가져다 쓴 경향이 있고, 심지어 그런 행위를 자랑스럽게 여기는 이들도 있었다”고 말했다.1960년대 고급 술집에서 일하는 '바걸'의 삶을 소재로 한 영화 '명동에 밤이 오면'은 일본 영화 '여자가 계단을 오를 때'의 표절작이다. 한국영상자료원 제공유희열을 두고 표절 의혹 논란이 커진 데는 이런 흑역사가 젊은 세대에게 뒤늦게 알려진 것도 적지 않게 작용했다. 온라인상에는 ""이런 곡도 표절이었냐""며 배신감을 토로하는 글들이 이어진다.이에 대해 일본 문화 모방이 부정적인 것만은 아니었다는 주장도 나온다. 정도의 차이는 있지만 일본이 미국이나 유럽 문화를 모방하며 자국만의 것을 만들어냈듯 우리나라 역시 미국과 유럽, 일본 문화를 함께 받아들이며 성장했다는 것이다. 한 가요기획사 대표는 “일본 음악도 미국과 영국의 팝 음악을 많이 모방하며 자신들만의 음악을 만들어갔다”며 “우리나라에만 있는 문제는 아니다”고 주장했다.대중음악의 흑역사를 공론화해 재평가를 해야 한다는 목소리도 나온다.업계 관계자는 ""일본문화 모방 문제를 제대로 정리하지 못해서 표절 작곡자를 '레전드'로 떠받드는 일이 벌어지고 있다""며 ""'가짜 레전드'를 만들고 방관해왔기 때문에 논란이 커진 측면이 있다. 일본문화 모방이 긍정적 역할을 한  점을 인정하기 위해서라도 흑역사를 공론화해 균형감 있게 논의할 필요가 있다""고 말했다."
한국일보,2022.07.23,https://n.news.naver.com/mnews/article/469/0000687752?sid=103,"토이뮤직 카페에 글 올려KBS2 '유희열의 스케치북' 마지막 방송 전파22일 음악프로그램 '유희열의 스케치북' 마지막 방송을 진행한 유희열. KBS2 방송 캡처잇따른 표절 의혹으로 구설에 오른 가수 겸 작곡가 유희열(51)이 ""지난 추억이 모두 날아가 버렸다는 얘기는 평생 가슴에 흉터로 새기며 살아가겠다""고 했다.23일 가요계 관계자에 따르면 유희열은 최근 토이뮤직 홈페이지에 ""나이랑 경험이 많다고 모두 다 깊어지는 게 아니란 걸 하나하나 자신을 돌아보며  절실히 깨닫고 있다""고 글을 올렸다. 아울러 ""내가 지금 어디쯤 와 있는지 나의 남은 몫이 무엇인지를 외면하지 않으려 애쓰고 있다""며 ""안그래도 힘든 세상, 하루하루 살아 내는 것도 힘드실 텐데 저까지 힘들게 해 드려서 죄송하다""고도 했다.가수 겸 작곡가인 유희열. 안테나 제공유희열을 둘러싼 표절 논란은 일본 음악가 사카모토 류이치의 '아쿠아'와 유사하다는 의혹이 제기된 '아주 사적인 밤'부터 시작돼 연이어 다른 곡들로 번졌다. 유희열이 작곡하고 성시경이 부른 '해피 버스데이 투 유'(2002)가 일본 그룹 안전지대 멤버인 다마키 고지가 1998년 발표한 동명의 곡과 비슷하다는 의혹 등이다. 이 과정에서 유희열과 소속사가 '아쿠아'와의 유사성 논란을 두고 세 차례 입장문을 냈는데, 일부 내용이 '의도적인 게 아닌 무의식중에 벌어진 일'이라는 취지의 해명으로 받아들여져 온라인에선 '유체이탈' 사과란 비판이 쏟아졌다. 표절 논란이 지속하자 유희열은 18일 KBS2 '유희열의 스케치북' 하차를 발표했다. 그러나 당일 낸 입장문에서 그는 ""상당수의 의혹은 각자의 견해이고 해석일 순 있으나 저로서는 받아들이기 힘든 부분들이다""며 '아주 사적인 밤' 외 여러 표절 의혹에는 선을 그었다.22일 음악프로그램 '유희열의 스케치북' 마지막 방송을 진행한 유희열. KBS2 제공유희열의 '스케치북' 마지막 방송은 22일 전파를 탔다.이 방송에서 유희열은 ""'스케치북'을 시작했을 때 나이가 서른아홉이었고 그때만 해도 삼십 대였는데 벌써 쉰둘이 됐다""며 ""그때로부터 13년 3개월이 지나서 오늘로써 '스케치북' 600회를 맞이했다. 이 모든 건 여러분 덕분이다. 다시 한번 감사드린다""고 600회를 맞은 소감을 전했다. 그리고 ""그동안 이 공간을 찾아주셨던 관객분들의 수를 어림잡아 세봤더니 무려 49만 4,650분이 이곳을 함께해 주셨다""며 ""여름날 사계절을 견뎌낸 여러분에게 건네는 마지막 선물""이란 말도 보탰다. 이날 방송에서 유희열은 표절 의혹 관련해선 언급하지 않았다.전날 오후 11시 30분 방송된 '스케치북' 최종회 시청률은 1.2％(닐슨코리아 기준)로 조사됐다.  2009년 4월부터 마이크를 잡은 유희열의 하차로 '스케치북'은 이날 폐지됐다."
