Office,Date,Link,Identity
,2024.10.15,https://m.entertain.naver.com/article/021/0002665230,m0002665230
문화일보,2024.10.31,https://n.news.naver.com/mnews/article/021/0002668675?sid=101,n0002668675
서울신문,2024.10.02,https://n.news.naver.com/mnews/article/081/0003484106?sid=103,n0003484106
세계일보,2024.11.17,https://n.news.naver.com/mnews/article/022/0003986417?sid=105,n0003986417
,2024.11.26,https://m.entertain.naver.com/article/022/0003989025,m0003989025
,2024.11.27,https://m.entertain.naver.com/article/022/0003989333,m0003989333
조선일보,2024.08.13,https://n.news.naver.com/mnews/article/023/0003852337?sid=102,n0003852337
한겨레,2024.08.28,https://n.news.naver.com/mnews/article/028/0002704681?sid=103,n0002704681
한겨레,2024.09.07,https://n.news.naver.com/mnews/article/028/0002706390?sid=103,n0002706390
한겨레,2024.09.23,https://n.news.naver.com/mnews/article/028/0002708278?sid=102,n0002708278
,2024.09.11,https://m.entertain.naver.com/article/469/0000822764,m0000822764
