Office,Date,Link,Identity
,2022.06.14,https://m.entertain.naver.com/article/005/0001533094,m0001533094
동아일보,2022.05.26,https://n.news.naver.com/mnews/article/020/0003430784?sid=103,n0003430784
동아일보,2022.05.27,https://n.news.naver.com/mnews/article/020/0003430926?sid=103,n0003430926
,2022.05.04,https://m.entertain.naver.com/article/021/0002512312,m0002512312
서울신문,2022.06.07,https://n.news.naver.com/mnews/article/081/0003278251?sid=103,n0003278251
서울신문,2022.06.09,https://n.news.naver.com/mnews/article/081/0003278807?sid=103,n0003278807
서울신문,2022.06.14,https://n.news.naver.com/mnews/article/081/0003280069?sid=103,n0003280069
,2022.05.21,https://m.entertain.naver.com/article/022/0003697864,m0003697864
,2022.06.07,https://m.entertain.naver.com/article/022/0003702916,m0003702916
,2022.06.11,https://m.entertain.naver.com/article/022/0003704303,m0003704303
,2022.06.14,https://m.entertain.naver.com/article/022/0003705255,m0003705255
세계일보,2022.06.14,https://n.news.naver.com/mnews/article/022/0003704946?sid=103,n0003704946
조선일보,2022.06.13,https://n.news.naver.com/mnews/article/023/0003697206?sid=103,n0003697206
조선일보,2022.06.14,https://n.news.naver.com/mnews/article/023/0003697473?sid=103,n0003697473
중앙일보,2022.05.15,https://n.news.naver.com/mnews/article/025/0003194930?sid=103,n0003194930
중앙일보,2022.05.24,https://n.news.naver.com/mnews/article/025/0003197338?sid=102,n0003197338
중앙일보,2022.06.07,https://n.news.naver.com/mnews/article/025/0003200547?sid=102,n0003200547
중앙일보,2022.06.14,https://n.news.naver.com/mnews/article/025/0003202318?sid=103,n0003202318
,2022.05.06,https://m.entertain.naver.com/article/469/0000673538,m0000673538
,2022.05.17,https://m.entertain.naver.com/article/469/0000675406,m0000675406
,2022.05.17,https://m.entertain.naver.com/article/469/0000675419,m0000675419
,2022.05.21,https://m.entertain.naver.com/article/469/0000676316,m0000676316
,2022.05.24,https://m.entertain.naver.com/article/469/0000676764,m0000676764
,2022.05.25,https://m.entertain.naver.com/article/469/0000676944,m0000676944
,2022.06.07,https://m.entertain.naver.com/article/469/0000679264,m0000679264
,2022.06.09,https://m.entertain.naver.com/article/469/0000679873,m0000679873
,2022.06.11,https://m.entertain.naver.com/article/469/0000680113,m0000680113
,2022.06.14,https://m.entertain.naver.com/article/469/0000680674,m0000680674
