Office,Date,Link,Identity
경향신문,2020.10.09,https://n.news.naver.com/mnews/article/032/0003036472?sid=103,n0003036472
경향신문,2020.10.22,https://n.news.naver.com/mnews/article/032/0003039141?sid=103,n0003039141
경향신문,2020.11.08,https://n.news.naver.com/mnews/article/032/0003041901?sid=103,n0003041901
,2020.09.24,https://m.entertain.naver.com/article/005/0001365338,m0001365338
국민일보,2020.10.06,https://n.news.naver.com/mnews/article/005/0001368178?sid=102,n0001368178
국민일보,2020.10.07,https://n.news.naver.com/mnews/article/005/0001368471?sid=102,n0001368471
,2020.10.13,https://m.entertain.naver.com/article/005/0001370330,m0001370330
국민일보,2020.10.22,https://n.news.naver.com/mnews/article/005/0001373592?sid=103,n0001373592
,2020.10.22,https://m.entertain.naver.com/article/005/0001373556,m0001373556
,2020.10.23,https://m.entertain.naver.com/article/005/0001373887,m0001373887
,2020.10.23,https://m.entertain.naver.com/article/005/0001373873,m0001373873
,2020.10.23,https://m.entertain.naver.com/article/005/0001373692,m0001373692
,2020.10.23,https://m.entertain.naver.com/article/005/0001373726,m0001373726
,2020.10.23,https://m.entertain.naver.com/article/005/0001373756,m0001373756
,2020.10.23,https://m.entertain.naver.com/article/005/0001373773,m0001373773
국민일보,2020.10.24,https://n.news.naver.com/mnews/article/005/0001373954?sid=102,n0001373954
국민일보,2020.10.29,https://n.news.naver.com/mnews/article/005/0001375632?sid=103,n0001375632
,2020.11.02,https://m.entertain.naver.com/article/005/0001376537,m0001376537
,2020.11.02,https://m.entertain.naver.com/article/005/0001376680,m0001376680
국민일보,2020.11.02,https://n.news.naver.com/mnews/article/005/0001376782?sid=103,n0001376782
동아일보,2020.10.16,https://n.news.naver.com/mnews/article/020/0003314968?sid=103,n0003314968
,2020.10.23,https://m.entertain.naver.com/article/020/0003316314,m0003316314
동아일보,2020.10.26,https://n.news.naver.com/mnews/article/020/0003316739?sid=103,n0003316739
문화일보,2020.10.08,https://n.news.naver.com/mnews/article/021/0002445038?sid=103,n0002445038
,2020.10.10,https://m.entertain.naver.com/article/021/0002445208,m0002445208
,2020.10.11,https://m.entertain.naver.com/article/021/0002445225,m0002445225
,2020.10.23,https://m.entertain.naver.com/article/021/0002446763,m0002446763
문화일보,2020.10.28,https://n.news.naver.com/mnews/article/021/0002447280?sid=103,n0002447280
서울신문,2020.09.25,https://n.news.naver.com/mnews/article/081/0003126933?sid=103,n0003126933
,2020.10.09,https://m.entertain.naver.com/article/081/0003130065,m0003130065
,2020.10.22,https://m.entertain.naver.com/article/081/0003133546,m0003133546
,2020.10.22,https://m.entertain.naver.com/article/081/0003133316,m0003133316
,2020.10.23,https://m.entertain.naver.com/article/081/0003133704,m0003133704
,2020.10.23,https://m.entertain.naver.com/article/081/0003133854,m0003133854
,2020.10.23,https://m.entertain.naver.com/article/081/0003133554,m0003133554
서울신문,2020.11.05,https://n.news.naver.com/mnews/article/081/0003137008?sid=103,n0003137008
서울신문,2020.11.13,https://n.news.naver.com/mnews/article/081/0003139659?sid=104,n0003139659
,2020.10.05,https://m.entertain.naver.com/article/022/0003509223,m0003509223
,2020.10.07,https://m.entertain.naver.com/article/022/0003510180,m0003510180
세계일보,2020.10.12,https://n.news.naver.com/mnews/article/022/0003511634?sid=102,n0003511634
,2020.10.15,https://m.entertain.naver.com/article/022/0003513092,m0003513092
,2020.10.18,https://m.entertain.naver.com/article/022/0003513848,m0003513848
,2020.10.18,https://m.entertain.naver.com/article/022/0003513845,m0003513845
,2020.10.18,https://m.entertain.naver.com/article/022/0003513836,m0003513836
,2020.10.18,https://m.entertain.naver.com/article/022/0003513750,m0003513750
,2020.10.18,https://m.entertain.naver.com/article/022/0003513835,m0003513835
,2020.10.18,https://m.entertain.naver.com/article/022/0003513829,m0003513829
,2020.10.22,https://m.entertain.naver.com/article/022/0003515607,m0003515607
,2020.10.22,https://m.entertain.naver.com/article/022/0003515326,m0003515326
,2020.10.22,https://m.entertain.naver.com/article/022/0003515297,m0003515297
,2020.10.22,https://m.entertain.naver.com/article/022/0003515388,m0003515388
,2020.10.22,https://m.entertain.naver.com/article/022/0003515408,m0003515408
,2020.10.22,https://m.entertain.naver.com/article/022/0003515476,m0003515476
,2020.10.23,https://m.entertain.naver.com/article/022/0003515961,m0003515961
,2020.10.23,https://m.entertain.naver.com/article/022/0003515878,m0003515878
,2020.10.23,https://m.entertain.naver.com/article/022/0003515819,m0003515819
,2020.10.23,https://m.entertain.naver.com/article/022/0003515815,m0003515815
,2020.10.23,https://m.entertain.naver.com/article/022/0003515780,m0003515780
,2020.10.24,https://m.entertain.naver.com/article/022/0003516128,m0003516128
,2020.10.26,https://m.entertain.naver.com/article/022/0003516641,m0003516641
,2020.10.28,https://m.entertain.naver.com/article/022/0003517509,m0003517509
,2020.10.29,https://m.entertain.naver.com/article/022/0003517774,m0003517774
,2020.10.29,https://m.entertain.naver.com/article/022/0003517772,m0003517772
,2020.11.02,https://m.entertain.naver.com/article/022/0003518963,m0003518963
,2020.11.02,https://m.entertain.naver.com/article/022/0003518947,m0003518947
,2020.11.05,https://m.entertain.naver.com/article/022/0003520305,m0003520305
조선일보,2020.09.29,https://n.news.naver.com/mnews/article/023/0003565507?sid=004,n0003565507
조선일보,2020.10.01,https://n.news.naver.com/mnews/article/023/0003565767?sid=102,n0003565767
조선일보,2020.10.23,https://n.news.naver.com/mnews/article/023/0003570840?sid=103,n0003570840
조선일보,2020.10.23,https://n.news.naver.com/mnews/article/023/0003570802?sid=004,n0003570802
중앙일보,2020.10.02,https://n.news.naver.com/mnews/article/025/0003040060?sid=103,n0003040060
중앙일보,2020.10.03,https://n.news.naver.com/mnews/article/025/0003040148?sid=101,n0003040148
중앙일보,2020.10.07,https://n.news.naver.com/mnews/article/025/0003041334?sid=102,n0003041334
중앙일보,2020.10.14,https://n.news.naver.com/mnews/article/025/0003043278?sid=102,n0003043278
,2020.10.22,https://m.entertain.naver.com/article/025/0003045867,m0003045867
,2020.10.24,https://m.entertain.naver.com/article/025/0003046285,m0003046285
중앙일보,2020.10.24,https://n.news.naver.com/mnews/article/025/0003046301?sid=103,n0003046301
한겨레,2020.10.22,https://n.news.naver.com/mnews/article/028/0002517291?sid=102,n0002517291
,2020.10.04,https://m.entertain.naver.com/article/469/0000541018,m0000541018
,2020.10.07,https://m.entertain.naver.com/article/469/0000541866,m0000541866
,2020.10.08,https://m.entertain.naver.com/article/469/0000542279,m0000542279
,2020.10.20,https://m.entertain.naver.com/article/469/0000546090,m0000546090
,2020.10.22,https://m.entertain.naver.com/article/469/0000546844,m0000546844
,2020.10.23,https://m.entertain.naver.com/article/469/0000547169,m0000547169
한국일보,2020.10.23,https://n.news.naver.com/mnews/article/469/0000547035?sid=102,n0000547035
,2020.10.24,https://m.entertain.naver.com/article/469/0000547293,m0000547293
,2020.10.24,https://m.entertain.naver.com/article/469/0000547319,m0000547319
,2020.10.29,https://m.entertain.naver.com/article/469/0000549011,m0000549011
,2020.11.01,https://m.entertain.naver.com/article/469/0000549665,m0000549665
,2020.11.02,https://m.entertain.naver.com/article/469/0000550094,m0000550094
,2020.11.02,https://m.entertain.naver.com/article/469/0000549869,m0000549869
,2020.11.22,https://m.entertain.naver.com/article/469/0000556074,m0000556074
