Office,Date,Link,Identity
경향신문,2024.07.27,https://n.news.naver.com/mnews/article/032/0003311093?sid=103,n0003311093
동아일보,2024.07.20,https://n.news.naver.com/mnews/article/020/0003577479?sid=103,n0003577479
동아일보,2024.08.16,https://n.news.naver.com/mnews/article/020/0003582078?sid=102,n0003582078
서울신문,2024.07.20,https://n.news.naver.com/mnews/article/081/0003466282?sid=102,n0003466282
,2024.07.20,https://m.entertain.naver.com/article/022/0003952481,m0003952481
조선일보,2024.07.20,https://n.news.naver.com/mnews/article/023/0003847463?sid=102,n0003847463
중앙일보,2024.07.20,https://n.news.naver.com/mnews/article/025/0003374468?sid=102,n0003374468
중앙일보,2024.08.16,https://n.news.naver.com/mnews/article/025/0003380090?sid=102,n0003380090
,2024.07.19,https://m.entertain.naver.com/article/469/0000813066,m0000813066
,2024.07.20,https://m.entertain.naver.com/article/469/0000813232,m0000813232
