Office,Date,URL,Content
경향신문,2020.12.29,https://n.news.naver.com/mnews/article/032/0003051282?sid=102,"“인용·각주 표기 소홀 인정”[경향신문]한국사 강사 설민석씨(50·사진)가 역사 왜곡 논란에 이어 불거진 석사 논문 표절 의혹에 사과하고 출연 중인 모든 프로그램에서 하차하겠다고 밝혔다.설씨는 29일 자신의 페이스북에 “석사 논문을 작성함에 있어 연구를 게을리하고, 다른 논문들을 참고하는 과정에서 인용과 각주 표기를 소홀히 하였음을 인정한다”면서 “변명의 여지없는 저의 과오다. 교육자로서, 역사를 공부하는 사람으로서 안일한 태도로 임한 점 다시 한번 깊이 사과드린다”고 말했다.이어 “제 강의와 방송을 믿고 들어주신 모든 분들, 학계에서 열심히 연구 중인 학자, 교육자분들께 누를 끼쳐 죄송하다. 보내주셨던 과분한 기대와 신뢰에 미치지 못해 참담한 심정”이라며 “책임을 통감해 출연 중인 모든 방송에서 하차하겠다”고 했다.앞서 연예 매체 디스패치는 이날 설씨의 연세대 교육대학원 석사 논문인 ‘한국 근현대사 교과서 서술에 나타난 이념 논쟁연구’(2010)가 2008년 서강대 교육대학원생 등이 쓴 40편의 논문 문장을 인용 없이 그대로 사용하거나 일부만 바꿔 작성됐으며 논문 전체의 표절률은 52%에 달한다고 보도했다.설씨의 하차 선언에 방송가에는 적지 않은 후폭풍이 예고된다. tvN <설민석의 벌거벗은 세계사>는 2화 클레오파트라 편 방송 직후 ‘사실 오류’라는 비판을 받으며 논란의 중심에 선 바 있다. 현재 3화까지 방송된 이 프로그램은 폐지 위기에 놓였다. MBC <선을 넘는 녀석들> 역시 설씨가 연예인들과 함께 우리가 몰랐던 역사를 되돌아본다는 취지의 프로그램이다.김지혜 기자 kimg@kyunghyang.com▶ 인터랙티브:자낳세에 묻다▶ 경향신문 바로가기▶ 경향신문 구독신청하기©경향신문(www.khan.co.kr), 무단전재 및 재배포 금지"
국민일보,2020.12.29,https://n.news.naver.com/mnews/article/005/0001395803?sid=102,"전문가들로부터 꾸준히 강의 내용 오류 지적받던 중논문 표절 의혹까지역사 왜곡 논란을 부른 강사이자 작가인 설민석이 뒤이은 논문 표절 의혹에 모든 방송에서 하차하겠다는 입장을 밝혔다.설민석은 29일 페이스북에 올린 글을 통해 “금일 보도된 석사 논문 표절 사태로 많은 분들께 불편과 심려를 끼쳐드려 죄송하다. 머리 숙여 사죄한다”고 썼다. 이날 연예매체 디스패치는 설민석이 2010년 연세대 교육대학원 석사 논문으로 제출한 ‘한국 근현대사 교과서 서술에 나타난 이념 논쟁연구’를 논문 표절 검증 사이트 ‘카피킬러’로 분석한 결과 52%의 표절률을 보였다고 보도했다.설민석은 “연구를 게을리하고, 다른 논문들을 참고하는 과정에서 인용과 각주 표기를 소홀히 하였음을 인정한다”며 “변명의 여지가 없는 저의 과오다. 교육자로서, 역사를 공부하는 사람으로서 안일한 태도로 임한 점 다시 한 번 깊이 사과드린다”고 했다.이어 “앞으로 출연 중인 모든 방송에서 하차하겠다”며 “겸손한 마음으로 다시 더 배우고 공부하겠다”고 덧붙였다.설민석은 현재 tvN ‘설민석의 벌거벗은 세계사’와 MBC ‘선을 넘는 녀석들 리턴즈’에 출연 중이다.설민석의 방송 하차 결정은 논문 표절에 앞서 나온 강의 내용 오류 사건이 영향을 미쳤을 가능성이 크다. 그는 방송에서 사실 관계에 맞지 않은 이야기를 했다는 비판을 최근 여러 명의 전문가로부터 받았다. 곽민수 한국 이집트학 연구소장은 ‘설민석의 벌거벗은 세계사’의 클레오파트라 편에서 설민석이 한 이야기를 두고 “사실관계가 자체가 틀린 게 너무 많아서 하나하나 언급하기가 힘들 지경” “‘구라 풀기’가 아니라 ‘역사 이야기’라면 사실과 풍문을 분명하게 구분해 언급해줘야 한다” 등의 말로 공개 비판했다.또 설민석이 유튜브에서 음악 관련 역사를 말한 부분을 두고도 뒷말이 나왔다. MBC ’배철수의 음악캠프’ 작가이자 음악평론가 배순탁은 “재즈, 블루스, 일렉트릭 블루스, R&B, 초기 로큰롤에 대한 역사를 다룬 원서 한 권이라도 읽었다면 그런 말도 안 되는 소리는 할 수가 없다. 이 정도면 허위사실 유포나 마찬가지”라고 지적했다.다음은 설민석이 페이스북에 올린 입장 전문이다.설민석입니다.금일 보도된 석사 논문 표절 사태로많은 분들께 불편과 심려를 끼쳐드려 죄송합니다.머리 숙여 사죄합니다.저는 2010년 연세대학교 교육대학원 역사교육과 석사 논문으로 제출한<한국 근현대사 교과서 서술에 나타난 이념 논쟁연구>를 작성함에 있어 연구를 게을리하고, 다른 논문들을 참고 하는 과정에서인용과 각주 표기를 소홀히 하였음을 인정합니다.변명의 여지가 없는 저의 과오입니다.교육자로서, 역사를 공부하는 사람으로서 안일한 태도로 임한 점다시 한 번 깊이 사과드립니다.제 강의와 방송을 믿고 들어주신 모든 분들,학계에서 열심히 연구 중인 학자, 교육자분들께누를 끼쳐 죄송합니다.다시는 이런 일이 반복되지 않도록모든 일에 더 신중히 임하겠습니다.저에게 보내주셨던 과분한 기대와 신뢰에 미치지 못해참담한 심정입니다.저는 책임을 통감하여앞으로 출연 중인 모든 방송에서 하차하겠습니다.겸손한 마음으로 다시 더 배우고 공부하겠습니다.다시 한 번 진심으로 사과드립니다.신은정 기자 sej@kmib.co.kr▶ 네이버에서 국민일보를 구독하세요(클릭)▶ 국민일보 홈페이지 바로가기GoodNews paper ⓒ국민일보(www.kmib.co.kr), 무단전재 및 수집, 재배포금지"
국민일보,2020.12.29,https://n.news.naver.com/mnews/article/005/0001395690?sid=103,"뉴시스유명 역사강사 설민석이 석사학위 논문을 표절했다는 의혹이 나왔다.연예매체 디스패치는 29일 설민석이 2010년 연세대 교육대학원 석사 논문으로 제출한 ‘한국 근현대사 교과서 서술에 나타난 이념 논쟁연구’를 논문 표절 검증 사이트 ‘카피킬러’로 분석한 결과 52%의 표절률을 보였다고 보도했다.보도에 따르면 설민석의 석사 논문은 총 747개 문장으로 이루어져 있다. 이 중 187개 문장이 표절률 100%를 기록했고, 90% 이상은 56개, 80% 이상은 110개였다.설민석이 참고한 것으로 보이는 논문은 40개였다. 특히 ‘한국 근현대사 교과서의 일제식민지시기 서술분석’에서 46문장, ‘검정 교과서 한국 근현대사의 차별성 분석 연구’에서 35문장을 그대로 가져오는 등 ‘복사 붙여넣기’한 부분도 있었다.단어만 바꾼 문장도 있다. 예를 들어 대학원생 A씨가 2008년에 쓴 ‘한국 근현대사 식민지 근대화론 비판’에서 “포럼 교과서의 등장으로 촉발된 한국 근현대사에 대한 이와 같은 논란을 접하면서 역사에 있어 균형 잡힌 역사인식이 얼마나 어려운 것인가를 느끼게 한다”라는 문장 중 ‘포럼’만 ‘대안’으로, ‘한다’만 ‘된다’로 바꾼 식이다.설민석은 논문 1장에서 각주를 달며 “이러한 분석을 시도한 연구들은 대개 역사교육과 석사 논문들로, 대표적인 것은 다음과 같다”는 문장을 통해 A씨의 논문을 언급하기는 했다. 그러나 다수의 연구자들은 “문장이 인용 표시도 없이 타인과 똑같다는 것은 상상할 수 없다”며 명백한 표절이라고 지적했다.가장 심각한 것은 논문 초록과 결론이었다. 특히 결론 부분은 A씨의 2007년 논문 결론을 통으로 베꼈다. A4용지 1장이 넘는 분량이다. 한 현직 교수는 “자신의 연구 결과를 쓰는 부분이 완전히 같다는 것은 표절이라고 볼 수밖에 없다”고 디스패치에 밝혔다.박은주 기자 wn1247@kmib.co.kr▶ 네이버에서 국민일보를 구독하세요(클릭)▶ 국민일보 홈페이지 바로가기GoodNews paper ⓒ국민일보(www.kmib.co.kr), 무단전재 및 수집, 재배포금지"
동아일보,2020.12.29,https://n.news.naver.com/mnews/article/020/0003329117?sid=102,"“인용과 각주 표기 소홀함 인정”“겸손한 마음으로 더 배우고 공부할 것”설민석.스타 강사 설민석이 29일 불거진 석사 논문 표절 사태에 “책임을 통감해 출연 중인 모든 방송에서 하차하겠다”고 밝혔다.설민석은 이날 자신의 페이스북에 “금일 보도된 석사 논문 표절 사태로 많은 분께 불편과 심려를 끼쳐드려 죄송하다. 머리 숙여 사죄한다”면서 이같이 올렸다.이어 “2010년 연세대 교육대학원 역사교육과 석사 논문을 작성함에 있어 연구를 게을리하고 다른 논문들을 참고하는 과정에서 인용과 각주 표기를 소홀히 하였음을 인정한다”고 했다.그러면서 “변명의 여지가 없는 과오”라며 “내 강의와 방송, 학계에서 열심히 연구 중인 학자와 교육자분들께 죄송하다”고 사과했다.설민석 입장문. 출처= 페이스북설민석은 “과분한 기대와 신뢰에 미치지 못해 참담함 심정”이라며 “앞으로 출연 중인 모든 방송에서 하차한 후 겸손한 마음으로 다시 더 배우고 공부하겠다”고 덧붙였다.앞서 디스패치는 설민석의 석사 논문을 두고 표절 의혹을 제기했다. 보도에 따르면 논문 표절 검사 소프트웨어인 ‘카피킬러’로 확인한 결과 표절률이 52%로 나타났다.해당 논문은 747개 문장으로 이뤄져 있다. 이중 100% 표절률을 기록한 문장은 187개, 표절 의심 문장은 332개로 파악된 것으로 전해졌다.설민석은 지난 19일 방송된 tvN ‘벌거벗은 세계사’ 이집트 편에서는 역사 왜곡 논란에 휩싸였다. 이에 대해 그는 “모든 잘못은 저에게 있다”고 직접 사과한 바 있다.조혜선 동아닷컴 기자 hs87cho@donga.com▶ 네이버에서 [동아일보] 채널 구독하기▶ 증발에 운다…그렇게 부모가 되지 못했다▶ “말이 안 통해”… 극과 극이 만난다면?ⓒ 동아일보 & donga.com, 무단 전재 및 재배포 금지"
동아일보,2020.12.29,https://n.news.naver.com/mnews/article/020/0003329136?sid=102,"설민석 /사진제공=tvN © 뉴스1한국사 스타강사 설민석 씨(사진)가 자신이 석사 논문을 표절했다고 사과하며 모든 방송에서 하차하겠다고 밝혔다.설 씨는 29일 오후 6시 자신의 페이스북에 “금일 보도된 석사 논문 표절 사태로 많은 분들께 불편과 심려를 끼쳐드려 죄송하다”며 “석사 논문을 작성함에 있어 연구를 게을리하고 인용과 각주 표기를 소홀히했음을 인정한다”고 말했다. 그는 “책임을 통감하며 앞으로 출연 중인 모든 방송에서 하차하겠다”고 덧붙였다. 설 씨는 현재 MBC ‘선을 넘는 녀석들’, tvN ‘설민석의 벌거벗은 세계사’ 등에 출연하고 있다.이에 앞서 인터넷 연예매체 디스패치는 설 씨가 2010년 쓴 연세대 교육대학원 석사 논문 ‘한국 근현대사 교과서 서술에 나타난 이념 논쟁연구’가 서강대 교육대학원생의 2008년 논문을 표절한 것이라고 보도했다.설 씨를 둘러싼 왜곡 논란은 최근 잇달아 불거졌다. 그가 ‘설민석의 벌거벗은 세계사’ 2회에서 클레오파트라에 대해 설명하면서 역사를 왜곡했다는 비판이 나왔고, 자신의 유튜브 채널에서 재즈와 R&B 장르에 대해 설명하며 잘못된 정보를 전했다는 지적도 이어졌다.임희윤기자 imi@donga.com▶ 네이버에서 [동아일보] 채널 구독하기▶ 증발에 운다…그렇게 부모가 되지 못했다▶ “말이 안 통해”… 극과 극이 만난다면?ⓒ 동아일보 & donga.com, 무단 전재 및 재배포 금지"
동아일보,2020.12.29,https://n.news.naver.com/mnews/article/020/0003329096?sid=102,"사진제공=tvN최근 역사 왜곡 논란을 빚은 ‘스타 역사 강사’ 설민석 씨가 이번엔 석사 논문 표절 의혹에 휩싸였다.디스패치는 29일 설 씨의 연세대 교육대학원 석사 논문을 입수했다고 밝히며 표절 의혹을 제기했다.보도에 따르면 설 씨의 논문은 747개의 문장으로 이뤄져있다. 이 중 100% 표절률을 기록한 문장은 187개, 표절 의심 문장은 332개로 파악됐다.설 씨의 석사 논문을 카피킬러(표절 검사 소프트웨어) 에 의뢰한 결과 52%의 표절률을 보였다. 그가 표절했을 것으로 의심되는 눈문의 개수를 약 40여개라고 제시했다.특히 2008년 대학원생 A 씨가 제출한 석사 논문 ‘한국 근현대사 식민지 근대화론 비판’과 2010년 설민석이 제출한 ‘한국 근현대사 교과서 서술에 나타난 이념 논쟁연구’를 비교했을 때 A4 용지 1장이 넘는 분량이 A씨와 100% 일치하는 것으로 드러났다.사진출처=설민석 유튜브 채널설 씨는 단국대학교 연극영화학을 전공하고 2010년 연세대 교육대학원에서 ‘한국 근현대사 교과서 서술에 나타난 이념 논쟁연구’ 논문으로 석사학위를 받았다.역사 관련 각종 TV프로그램에 출연해 일반인들이 이해하기 쉽게 역사를 강의하던 그는 큰 인기를 얻으며 스타 강사로 승승장구했다.그러다 최근 tvN ‘설민석의 벌거벗은 세계사’에서 역사 왜곡 논란을 일으켰다. 그는 21일 방송에서 이집트 역사에 대해 이야기 했고 이후 곽민수 한국이집트학연구소장은 “사실관계 자체가 틀린 게 너무 많아 하나하나 언급하기 힘들 지경이다. 지도도 다 틀렸다”라고 말했다.논란이 커지자 설민석은 자신의 유튜브 채널을 통해 사과한 바 있다.한편, 설민석은 석사 논문 표절에 대한 자신의 입장을 내놓지 않고 있다.조유경 동아닷컴 기자 polaris27@donga.com▶ 네이버에서 [동아일보] 채널 구독하기▶ 증발에 운다…그렇게 부모가 되지 못했다▶ “말이 안 통해”… 극과 극이 만난다면?ⓒ 동아일보 & donga.com, 무단 전재 및 재배포 금지"
서울신문,2020.12.29,https://n.news.naver.com/mnews/article/081/0003151650?sid=103,"설민석 사과 방송 유튜브 캡처스타강사 설민석의 석사 논문이 표절과 짜깁기로 이뤄졌다는 의혹이 제기됐다.디스패치는 29일 설씨의 2010년 연세대 교육대학원 석사 논문을 입수해 논문 표절 검사 소프트웨어 ‘카피킬러’로 확인한 결과 표절률이 52%로 나타났다고 보도했다.747개 문장으로 이뤄진 설민석의 논문은 187개 문장이 100% 표절률을 기록했고, 표절 의심 문장이 332개였다. 카피킬러는 설씨가 약 40편의 논문을 표절했을 것으로 의심했다.카피킬러는 설민석의 논문 ‘제5장 결론 및 제언’ 부분과 2007년 서강대학교 교육대학원 석사 논문의 결론 부분이 100% 일치하는 것으로 판단했다. A4용지 한장 분량에 달하는 결론 부분이 한 대학원생의 앞선 논문과 동일했다는 것이다.설민석은 단국대학교에서 연극영화학을 전공하고, 2010년 연세대 교육대학원에서 ‘한국 근현대사 교과서 서술에 나타난 이념 논쟁연구’ 논문으로 석사 학위를 받았다. 최근 자신의 이름을 건 역사방송에서 사실과 다른 내용을 강의했다가 사과했다.일반적으로 대학 현장에서는 표절률 20% 미만을 기준으로 요구한다. 최근 학위가 취소된 가수 홍진영의 경우 같은 검사에서 표절률 74%를 기록했다. 조선대는 홍진영의 논문을 표절로 최종 결론 짓고 학위를 취소했다.김유민 기자 planet@seoul.co.kr▶네이버에서 서울신문 구독하기 클릭!▶세상에 이런 일이▶[연예계 뒷얘기] 클릭!ⓒ 서울신문(www.seoul.co.kr), 무단전재 및 재배포금지"
서울신문,2020.12.29,https://n.news.naver.com/mnews/article/081/0003151705?sid=103,"설민석 사과 방송 유튜브 캡처역사 왜곡 이어 석사 논문 표절 의혹까지설씨, SNS 통해 모든 방송 하차 의사 밝혀“책임 통감해…불편과 심려 끼쳐드려 죄송”역사 왜곡 논란에 이어 석사 논문 표절 의혹이 제기된 ‘스타 강사’ 설민석(50)씨가 결국 모든 방송 프로그램에서 하차하겠다고 밝혔다.설씨는 29일 자신의 페이스북을 통해 “금일 보도된 석사 논문 표절 사태로 많은 분들께 불편과 심려를 끼쳐드려 죄송하다. 머리 숙여 사죄한다”며 사과했다. 이어 “책임을 통감하여 앞으로 출연 중인 모든 방송에서 하차하겠다”고 밝혔다.그는 “저는 2010년 연세대학교 교육대학원 역사교육과 석사 논문으로 제출한 ‘한국 근현대사 교과서 서술에 나타난 이념 논쟁연구’를 작성함에 있어 연구를 게을리하고, 다른 논문들을 참고 하는 과정에서 인용과 각주 표기를 소홀히 하였음을 인정한다”며 “변명의 여지가 없는 저의 과오”라고 잘못을 인정했다.이어 “교육자로서, 역사를 공부하는 사람으로서 안일한 태도로 임한 점 다시 한 번 깊이 사과드린다”며 “제 강의와 방송을 믿고 들어주신 모든 분들, 학계에서 열심히 연구 중인 학자, 교육자분들께 누를 끼쳐 죄송하다”고 썼다.이날 디스패치는 설씨의 해당 논문이 2008년 서강대 교육대학원생이 쓴 논문과 50% 이상 같다고 보도했다.앞서 설씨는 지난 22일 tvN ‘설민석의 벌거벗은 세계사’ 이집트 편에서의 강의 내용 오류 지적에 대해서도 직접 사과했다. 당시 고고학자 곽민수 한국 이집트학 연구소장이 오류를 지적했고, 설씨는 “제가 많이 부족하고 모자라서 생긴 부분인 것 같다. 더 성실하고 더 열심히 준비하는 모습을 보여드리도록 하겠다”고 밝혔다.‘벌거벗은 세계사’를 진행하는 설민석 - tvN 캡처방송사 교양형 예능 ‘부실’ 지적도설씨의 프로그램 하차로 방송가는 직격탄을 맞았다. 특히 ‘설민석의 벌거벗은 세계사’는 프로그램 폐지에 무게가 실리고 있다. MBC ‘선을 넘는 녀석들’ 역시 설씨가 없으면 진행이 불가능해 난감한 상황이다.설씨가 모든 방송에서 하차하면서 방송사들의 교양형 예능 제작 과정의 문제점도 지적된다. 새로운 아이템이나 인물을 발굴하기보다 기존에 스타성을 인정받은 한 사람에게 프로그램을 내맡겼다는 비판이다.설씨 정도까지는 아니지만 앞서 교양형 예능의 시작을 알린 tvN ‘알쓸신잡’(알아두면 쓸데없는 신비한 잡학사전)도 일부 정보 전달에서 오류가 있다는 논란이 일기도 했다.최선을 기자 csunell@seoul.co.kr▶네이버에서 서울신문 구독하기 클릭!▶세상에 이런 일이▶[연예계 뒷얘기] 클릭!ⓒ 서울신문(www.seoul.co.kr), 무단전재 및 재배포금지"
조선일보,2020.12.29,https://n.news.naver.com/mnews/article/023/0003586516?sid=103,"한국사 스타강사 설민석씨가 29일 의혹이 제기됐던 석사 논문 표절을 인정하고 모든 방송에서 하차하겠다는 입장을 밝혔다./설민석 유튜브설씨는 이날 오후 6시 자신의 페이스북에 “금일 보도된 석사 논문 표절 사태로 많은 분들께 불편과 심려를 끼쳐드려 죄송하다”며 “석사 논문을 작성함에 있어 연구를 게을리하고 인용과 각주 표기를 소홀히했음을 인정한다”고 했다. 이어 “책임을 통감하며 앞으로 출연 중인 모든 방송에서 하차하겠다”고 했다.설민석 페이스북 캡처/페이스북설민석씨는 현재 MBC ‘선을 넘는 녀석들' tvN ‘설민석의 벌거벗은 세계사' 등에 출연하고 있다. 이들 방송에서 하차하겠다는 것이다. 설씨는 앞서 지난 25일 유튜브 ‘설민석' 채널의 영상 중 사과 영상 1개를 빼놓고 모두 비공개로 전환한 바 있다.<설민석의 페이스북 전문>설민석입니다.금일 보도된 석사 논문 표절 사태로많은 분들께 불편과 심려를 끼쳐드려 죄송합니다.머리 숙여 사죄합니다.저는 2010년 연세대학교 교육대학원 역사교육과 석사 논문으로 제출한<한국 근현대사 교과서 서술에 나타난 이념 논쟁연구>를 작성함에 있어 연구를 게을리하고, 다른 논문들을 참고 하는 과정에서인용과 각주 표기를 소홀히 하였음을 인정합니다.변명의 여지가 없는 저의 과오입니다.교육자로서, 역사를 공부하는 사람으로서 안일한 태도로 임한 점다시 한 번 깊이 사과드립니다.제 강의와 방송을 믿고 들어주신 모든 분들,학계에서 열심히 연구 중인 학자, 교육자분들께누를 끼쳐 죄송합니다.다시는 이런 일이 반복되지 않도록모든 일에 더 신중히 임하겠습니다.저에게 보내주셨던 과분한 기대와 신뢰에 미치지 못해참담한 심정입니다.저는 책임을 통감하여앞으로 출연 중인 모든 방송에서 하차하겠습니다.겸손한 마음으로 다시 더 배우고 공부하겠습니다.다시 한 번 진심으로 사과드립니다.[양지호 기자 yang.jiho@chosun.com]▶네이버에서 조선일보 받아보기▶당신의 맞춤뉴스 '뉴스레터' 신청하세요▶조선일보 로그인하고 영화 공짜로 보자!"
조선일보,2020.12.29,https://n.news.naver.com/mnews/article/023/0003586483?sid=100,"지난 15일 설민석씨가 자신의 유튜브 채널에서 리듬 앤 블루스가 흑인의 음악 르네상스로 나왔다고 주장하는 장면/설민석 유튜브 캡처최근 ‘역사 왜곡’ 논란을 일으킨 설민석씨에 대해 석사 논문 표절 의혹이 제기됐다.온라인 매체 디스패치는 29일 설씨의 석사 논문을 입수해 논문 표절 검사 소프트웨어인 ‘카피킬러’로 확인한 결과 표절률이 52%로 나타났다고 전했다.설민석 석사논문 표절률/디스패치 홈페이지 캡처매체에 따르면 설씨의 논문은 747개 문장으로 이뤄져 있다. 이 중 100% 표절률을 기록한 문장은 187개, 표절 의심 문장은 332개로 파악됐다. 아울러 카피킬러 소프트웨어는 설씨가 표절했을 것으로 의심되는 논문의 개수를 약 40여개라고 제시했다.특히 ‘카피킬러’는 설씨의 논문 ‘제5장 결론 및 제언’ 부분과 2007년 서강대학교 교육대학원 석사 논문의 결론 부분이 100% 일치하는 것으로 판단했다. A4용지 한장 분량에 달하는 결론 부분이 한 대학원생의 앞선 논문과 동일했다는 주장이다.설씨는 단국대학교에서 연극영화학을 전공하고, 2010년 연세대 교육대학원에서 ‘한국 근현대사 교과서 서술에 나타난 이념 논쟁연구’ 논문으로 석사 학위를 받았다. 최근 tvN ‘설민석의 벌거벗은 세계사’가 역사 왜곡 논란을 일으켜 사과를 하기도 했다.카피킬러는 대중적인 논문 표절 검사 프로그램으로, 일반적으로 대학 현장에서는 표절률 20% 미만을 기준으로 요구하고 있다. 가수 홍진영씨도 최근 카피킬러 검사에서 논문 표절률이 74%로 나타나 석사 학위가 취소된바 있다.앞서 ‘설민석의 벌거벗을 세계사’의 역사 왜곡 논란은 고고학자인 곽민수 한국 이집트학 연구소장이 20일 소셜미디어에 이 프로그램의 이집트 편을 공개 저격하면서 시작됐다. 곽 소장은 19일 방송에 대해 “사실관계 자체가 틀린 게 너무 많아서 하나하나 언급하기가 힘들 지경”이라고 지적했다.설민석은 최근 ‘음악사 왜곡 논란’에도 휩싸였다. 자신의 유튜브 채널에서 “재즈가 초심을 잃어 탄생한 것이 R&B(리듬앤블루스)”라는 취지의 주장을 했다가 음악 전문가들로부터 “허위사실 유포” 등의 비판을 받았다.설민석은 이에 대한 입장은 아직까지 내놓지 않고 있다. 대중은 설민석이 한국학 등 자신의 전문 분야 강의에 대한 전문성은 인정하면서도, 다른 전문 분야에 대해 접근할 때는 신중해야 한다는 목소리를 내고 있다.[김명성 기자 tongilvision@chosun.com]▶네이버에서 조선일보 받아보기▶당신의 맞춤뉴스 '뉴스레터' 신청하세요▶조선일보 로그인하고 영화 공짜로 보자!"
조선일보,2020.12.29,https://n.news.naver.com/mnews/article/023/0003586536?sid=102,"한국사 분야 스타강사인 설민석씨가 29일 석사 논문 표절을 인정하고 ‘모든 방송에서 하차하겠다’는 입장을 밝힌 가운데, 이재명 경기지사의 과거 가천대 석사학위 논문 표절 의혹도 다시 회자되고 있다.설씨는 이날 페이스북에 “금일 보도된 석사 논문 표절 사태로 많은 분들께 불편과 심려를 끼쳐드려 죄송하다. 책임을 통감하며 앞으로 출연 중인 모든 방송에서 하차하겠다”고 했다. 그는 “다른 논문들을 참고하는 과정에서 인용과 각주 표기를 소홀히 하였음을 인정한다. 변명의 여지가 없는 저의 과오”라며 “진심으로 사과드린다. 겸손한 마음으로 다시 더 배우고 공부하겠다”고 덧붙였다.설씨는 단국대 연극영화학과를 졸업해 2010년 연세대 교육대학원에서 석사 학위를 받았다. 일부 매체들이 논문 표절 검사 소프트웨어 ‘카피킬러’로 확인한 결과, 해당 논문 표절률이 52%에 달했다는 보도가 나오며 논란이 일었다. 카피킬러는 대중적인 논문 표절 검사 프로그램으로, 일반적으로 대학 현장에서는 표절률 20% 미만을 기준으로 요구하고 있다.이재명 경기지사도 성남시장 시절인 2013년 석사학위 논문 표절 의혹이 제기된 적이 있다. 이 지사가 2005년 경원대(현 가천대) 행정대학원에 석사 학위 논문으로 제출한 ‘지방정치 부정부패의 극복방안에 관한 연구’에 대해 미디어워치 산하 연구진실성검증센터가 “논문의 50∼98%가 표절로 의심된다”고 문제를 제기한 것이다. 같은 해 성남시민협회원 2명도 이 지사의 논문표절 여부를 심사해달라고 가천대에 의뢰했다.논란이 이어지자 이 지사는 이듬해 “표절은 아니나 정치적 동기로 인한 불필요한 논란에 휩싸이고 싶지 않다”며 석사학위를 가천대에 자진 반납했을 뿐 끝내 사과는 하지 않았다. 2016년 부산대총학생회 초청강연에서는 “중앙대를 졸업했고, 사법시험을 합격한 변호사인데 제가 어디 이름도 모르는 대학의 석사 학위가 필요하겠나?”고 말해 ‘가천대 비하 논란’을 일으키기도 했다.가천대는 연구윤리위원회 조사 절차를 진행했지만, 2016년 말 “학칙에 정한 ‘5년 시효’가 지나 부정 여부를 심사할 대상이 아닌 것으로 결론을 내렸다”며 이 지사의 석사 학위 논문이 표절 심사 대상 자체가 아니라는 결론을 발표했다. 결국 이 지사 논문 표절 의혹은 진상 규명도, 사과도, 후속조치도 없이 흐지부지 마무리됐다.[김승현 기자 mykim010@chosun.com]▶네이버에서 조선일보 받아보기▶당신의 맞춤뉴스 '뉴스레터' 신청하세요▶조선일보 로그인하고 영화 공짜로 보자!"
조선일보,2020.12.29,https://n.news.naver.com/mnews/article/023/0003586506?sid=103,"한국사 스타강사 설민석씨가 tvN ‘설민석의 벌거벗은 세계사’ 방송에서 하차하기로 한 것으로 29일 확인됐다. 최근 ‘역사 왜곡’ 논란에 이어 석사 논문 표절 의혹까지 터져나오면서 방송 진행에 부담을 느낀 것이라는 지적이 나온다.방송계 관계자는 본지에 “설민석씨가 하차하겠다는 의사를 제작진에 전달한 것으로 안다”고 했다. 오는 2일 오후 10시 40분 방송 예정이었던 ‘설민석의 벌거벗은 세계사 4회'는 편성에서 제외될 전망이다.'설민석의 벌거벗은 세계사' 이집트편/tvN설민석은 지난 열흘동안 2번의 역사 왜곡 논란과 석사논문 표절 논란에 휩싸였다. 지난 20일 고고학자인 곽민수 한국 이집트학 연구소장이 소셜미디어에 벌거벗은 세계사 이집트 편의 오류를 공개 지적했다. 곽 소장은 19일 방송에 대해 “사실관계 자체가 틀린 게 너무 많아서 하나하나 언급하기가 힘들 지경”이라고 했다. 설씨는 이같은 지적에 지난 22일 개인 유튜브 채널에 사과 영상을 올리고 “제가 부족 했다. 제작진 잘못은 없다”고 사과했다.그러나 이 사과 영상이 올라온 유튜브 채널에 설씨가 올린 ‘노동요’ 관련 영상이 재차 논란이 됐다. 설씨는 해당 영상에서 “재즈가 초심을 잃어 탄생한 것이 R&B(리듬앤블루스)”라는 취지의 주장을 했다가 배순탁 음악평론가로부터 “허위사실 유포나 마찬가지인 주장”이라고 비판 받았다. 설씨는 이에 해당 유튜브 채널에서 사과 영상을 제외한 나머지 강연 영상을 모두 내렸다.지난 15일 설민석씨가 자신의 유튜브 채널에서 리듬 앤 블루스가 흑인의 음악 르네상스로 나왔다고 주장하는 장면/설민석 유튜브 캡처29일에는 여기에 논문 표절 논란까지 터졌다. 설씨는 단국대 연극영화학과를 나와서 2010년 연세대 교육대학원에서 석사 학위를 받았다. 그런데 논문 표절 검사 소프트웨어 ‘카피킬러’로 확인한 결과 해당 논문 표절률이 52%에 달했다는 보도가 나온 것이다. 카피킬러는 대중적인 논문 표절 검사 프로그램으로, 일반적으로 대학 현장에서는 표절률 20% 미만을 기준으로 요구하고 있다. 가수 홍진영씨도 최근 카피킬러 검사에서 논문 표절률이 74%로 나타나 석사 학위가 취소된바 있다.[양지호 기자 yang.jiho@chosun.com]▶네이버에서 조선일보 받아보기▶당신의 맞춤뉴스 '뉴스레터' 신청하세요▶조선일보 로그인하고 영화 공짜로 보자!"
중앙일보,2020.12.29,https://n.news.naver.com/mnews/article/025/0003065448?sid=103,"역사 강사 설민석이 22일 자신의 유튜브 채널에 올린 영상. [유튜브 캡처]유명 역사 강사설민석씨가 모든 방송에서 하차한다.설씨는 29일 페이스북에 입장글을 올려 ""저에게 보내주셨던 과분한 기대와 신뢰에 미치지 못해 참담한 심정""이라며 ""저는 책임을 통감하여 출연 중인 모든 방송에서 하차하겠다""고 밝혔다. “다른 논문들을 참고하는 과정에서 인용과 각주 표기를 소홀히 하였음을 인정한다. 변명의 여지가 없는 저의 과오”라며 ""진심으로 사과드린다. 겸손한 마음으로 다시 더 배우고 공부하겠다""고 덧붙였다.설씨는 현재 tvN의 '설민석의 벌거벗은 세계사'와 MBC '선을 넘는 녀석들 리턴즈'에 출연 중이다. 주말 황금시간대에 편성된 두 프로그램은 각각 5~7%대의 비교적 높은 시청률로 선전하고 있다.앞서 이날 오후 디스패치는 설씨가 2010년 연세대 교육대학원에서 석사 학위를 받은 논문 '한국 근현대사 교과서 서술에 나타난 이념 논쟁연구'가 다른 논문을 표절했으며, 논문 표절 검사 소프트웨어로 확인한 결과 표절률이 52%로 나타났다고 보도했다.이투스·메가스터디 등 유명 온라인 교육업체에서 한국사 강사로 활동한 그는 2012년 MBC '무한도전'에 출연하면서 대중적 인지도를 쌓았다. 이후 SBS '영재 발굴단', tvN '어쩌다 어른' 등 활발한 방송 활동이 이어지고, 그가 쓴 『설민석의 무도 한국사 특강』 『설민석의 조선왕조실록』 『설민석의 삼국지』 등이 베스트셀러에 오르면서 큰 명성을 얻었다.그는 지난 15일 이투스에서 은퇴를 선언하면서 19년간 활동한 인터넷 강의를 그만두겠다고 밝혀 방송이나 대중 활동에 집중할 것이라는 관측이 이어지기도 했다.[사진 tvN '어쩌다 어른' 방송 캡처]하지만 공교롭게도 그 무렵 위기가 닥쳤다.20일 영국에서 이집트 고고학을 전공한 곽민수 한국이집트학연구소장이 소셜미디어를 통해 설씨가 출연한 '벌거벗은 세계사'의 오류를 지적하면서 ""사실관계가 자체가 틀린 게 너무 많아서 하나하나 언급하기가 힘들 지경이다. 차라리 보지마라""고 비판한 것이다.곽 소장은 알렉산드리아 도서관을 마케도니아의 알렉산드로스가 세웠다고 한 부분이나 프톨레마이오스-클레오파트라 등의 이름을 '단군'이라는 칭호와 연결한 점 등을 지적하면서 ""'구라 풀기'가 아니라 '역사 이야기'라면 사실과 풍문을 분명하게 구분해야 한다""고 말했다.논란이 확산하자 설씨는 22일 유튜브를 통해 ""모든 잘못은 제작진이 아닌 저한테 있다""고 사과했다.하지만 23일에는 MBC 라디오 '배철수의 음악캠프' 작가이자 음악평론가인 배순탁씨가 설씨를 비판하고 나섰다. 설씨가 15일 올린 유튜브 영상( '노동요에 선덕여왕이 왜 나와')에서 ""재즈가 초심을 잃어서 알앤비(R&B)가 탄생했다""고 주장했는데 사실과 다르다는 것.배씨는 자신의 인스타그램에 ""아무런 공부 없이 내뱉은 발언이 오늘 또 터졌다. (설씨는) 재즈, 블루스, 일렉트릭 블루스, 리듬 앤 블루스, 초기 로큰롤에 대한 역사를 다룬 원서 한 권이라도 본 적 없을 게 분명하다""며 ""만약 읽었다면 그런 말도 안 되는 소리는 할 수가 없기 때문이다. 이 정도면 허위사실 유포나 마찬가지""라고 비난했다.[사진 설민석 유튜브 캡처]설씨를 둘러싼 논란이 확산했지만 tvN은 26일 '설민석의 벌거벗은 세계사'를 예정대로 방송했고, 시청률은 5.5%를 기록했다. 이전 회차와 비슷한 수준의 시청률이다.하지만 결국 논문 표절에서 발목이 잡혔다. 이에 대해 CJ ENM 관계자는 ""앞선 논란은 '실수'로 넘어갈 수도 있었지만 논문 표절은 교육자적 자질과 연관된 만큼 더 이어갈 수는 없었을 것""이라고 말했다유성운 기자 pirate@joongang.co.kr"
중앙일보,2020.12.29,https://n.news.naver.com/mnews/article/025/0003065430?sid=102,"tvN '설민석의 벌거벗은 세계사'. [사진 CJ E&M]최근 역사 왜곡 논란을 부른 설민석씨가 자신이 진행 중인 모든 방송 프로그램에서 하차하겠다고 29일 밝혔다. 설씨는 tvN '설민석의 벌거벗은 세계사'와 MBC '선을 넘는 녀석들 리턴즈'를 진행 중이다. 이날 온라인 매체를 통해 제기된 논문 표절 의혹에 대해서도 사과했다.이날 설씨는 자신의 페이스북을 통해 ""금일 보도된 석사 논문 표절 사태로 많은 분들께 불편과 심려를 끼쳐드려 죄송하다""며 ""머리 숙여 사죄한다""고 밝혔다.그는 2010년 연세대학교 교육대학원 역사교육과 석사 논문으로 제출한 〈한국 근현대사 교과서 서술에 나타난 이념 논쟁연구〉가 다른 논문을 표절했다는 이날 논란에 대해서도 ""연구를 게을리하고, 다른 논문들을 참고하는 과정에서 인용과 각주 표기를 소홀히 하였음을 인정한다""고 했다.설씨는 ""변명의 여지가 없는 저의 과오""라며 ""교육자로서, 역사를 공부하는 사람으로서 안일한 태도로 임한 점 다시 한 번 깊이 사과드린다""고 부연했다.아울러 설씨는 ""앞으로 출연 중인 모든 방송에서 하차하겠다""며 ""겸손한 마음으로 다시 더 배우고 공부하겠다""고 덧붙였다.[설민석씨 페이스북 캡처]▶더 보기 - 설민석, 이번엔 석사 논문 표절 의혹...""표절률 52%""이날 설씨는 CJ E&M 측에 직접 '설민석의 벌거벗은 세계사' 하차 의사를 전달한 것으로 전해졌다. 이에 따라 오는 2일 방송될 예정이었던 프로그램도 편성에서 빠질 전망이다.설씨는 지난 19일 방송된 해당 프로그램에서 역사 왜곡 논란을 일으켰다. 방송 하루 뒤인 지난 20일에는 곽민수 한국 이집트학 연구소장이 소셜미디어를 통해 설씨의 방송 내용을 공개적으로 비판했다. 설씨는 별도의 유튜브 영상 등을 통해 사과했지만, 29일 온라인매체 디스패치가 설씨의 석사 논문 표절 의혹을 제기하며 논란이 이어졌다.오원석 기자 oh.wonseok@joongang.co.kr"
중앙일보,2020.12.29,https://n.news.naver.com/mnews/article/025/0003065358?sid=102,"설민석씨. [페이스북 캡처]최근 자신의 이름을 내건 역사 강의 방송에서 왜곡 논란을 부른 설민석씨의 석사 논문이 표절이라는 의혹이 제기됐다.온라인 매체 디스패치는 29일 설씨의 2010년 연세대 교육대학원 석사 논문을 입수해 논문 표절 검사 소프트웨어 '카피킬러'로 확인한 결과 표절률이 52%로 나타났다고 전했다.매체에 따르면 설씨의 논문은 747개 문장으로 이뤄져 있다. 이 중 100% 표절률을 기록한 문장은 187개, 표절 의심 문장은 332개로 파악됐다. 아울러 '카피킬러'는 설씨가 약 40편의 논문을 표절했을 것으로 의심했다. 설씨가 표절과 짜깁기로 석사논문을 작성했을 가능성을 제시한 것이다.설민석씨의 연세대 교육대학원 2010년 논문. [논문 캡처]특히 '카피킬러'는 설씨의 논문 '제5장 결론 및 제언' 부분과 2007년 서강대학교 교육대학원 석사 논문의 결론 부분이 100% 일치하는 것으로 판단했다. A4용지 한장 분량에 달하는 결론 부분이 한 대학원생의 앞선 논문과 동일했다는 주장이다.설씨는 단국대학교에서 연극영화학을 전공하고, 2010년 연세대 교육대학원에서 〈한국 근현대사 교과서 서술에 나타난 이념 논쟁연구〉 논문으로 석사 학위를 받았다. 최근엔 자신이 진행하는 tvN ‘설민석의 벌거벗은 세계사’가 역사를 왜곡했다는 지적을 받고 사과하기도 했다.일반적으로 대학 현장에서는 표절률 20% 미만을 기준으로 요구하고 있다. 가수 홍진영씨의 석사 논문도 최근 '카피킬러' 검사에서 표절률이 74%라는 결과를 받았다. 조선대는 홍씨의 논문을 표절로 최종 결론 짓고 학위를 취소했다.오원석 기자 oh.wonseok@joongang.co.kr"
중앙일보,2020.12.29,https://n.news.naver.com/mnews/article/025/0003065170?sid=110,"장혜수 스포츠팀장토미 터커와 지미 존스, 두 소년이 있다. 터커는 양치질을 잘해 치아가 건강하지만, 존스는 그 반대다. 결국 존스는 치통을 앓고 학교에도 가지 못한다. 1922년 월트 디즈니가 데니어 치과 연구소 의뢰로 제작한 10분짜리 교육용 무성영화 ‘토미 터커의 치아(Tommy Tucker's Tooth)’ 줄거리다. 두 소년 모습을 교차해 보여주며, 선생님이 치아 관리를 설명한다. 영화를 보는 사이 아이들은 자연스럽게 양치질의 중요성을 배운다.교육(education) 목적의 오락(entertainment), 또는 오락(물)을 활용한 교육을, 두 단어 합성어인 에듀테인먼트(edutainment)라 부른다. 영화 ‘토미 터커의 치아’는 에듀테인먼트 시청각물의 효시로 꼽힌다. 사실 에듀테인먼트 콘텐트는 영화, TV, 라디오 등 시청각물에 한정되지 않는다. 교육 목적 게임, 장난감, 박물관, 테마파크 등도 에듀테인먼트의 일종이다. 그래도 에듀테인먼트라고 하면 TV나 라디오 등 방송부터 떠올린다.한국전쟁 중이던 1951년 6월 문교부(현 교육인적자원부)는 전란으로 교육이 중단되는 걸 막기 위해 ‘전시 하 교육 특별조치’를 시행했다. 그 일환이 ‘라디오 학교’ 서비스였다. 라디오를 통해 교육 정보를 전달한 건데, 교육방송의 모태다. ‘재미’가 없어 청취율은 낮았다. TV를 통한 교육방송은 1966년부터다. 초기에는 방송 시간 일부를 할애하는 방식이었고, 81년 전용 채널(KBS3)이 출범했다. 90년 한국교육개발원 부설 교육방송(EBS) 체제로 바뀌었다.1989년 정부는 “과열된 과외 풍조를 뿌리 뽑겠다”며 교육방송을 통한 ‘TV 과외’를 시작했다. 80년대 서울 노량진 단과반 국어 명강사 서한샘(2019년 작고)은 TV 과외를 통해 전국구 스타가 됐다. ‘밑줄 쫙’‘돼지 꼬리 땡야’ 등 유행어를 퍼뜨린 1세대 에듀테이너(edutainer)다. 에듀테이너는 교육과 연예인(entertainer)의 합성어로, 사전적 의미는 ‘교육과 엔터테인먼트적 요소를 결합해, 창의적으로 수업을 디자인하여 전달하는 사람 또는 직업’이다. 최근 국내 에듀테이너의 대표주자인 역사 스타강사 설민석(50)이 역사 왜곡 논란에 휩싸였다. 에듀테인먼트든, 에듀테이너든, 방점이 찍혀야 할 쪽은 오락(연예인)이 아니라 교육이다.장혜수 스포츠팀장"
한국일보,2020.12.29,https://n.news.naver.com/mnews/article/469/0000567146?sid=103,"스타강사 설민석이 최근 불거진 역사 오류 논란에 대해 자신의 유튜브 채널에서 공식 사과했다. 설민석 유튜브 캡처한국사 스타 강사이자 방송인인 설민석(50)이 역사 왜곡 논란에 이어 석사 논문 표절 의혹까지 불거지자 결국 출연 중인 모든 프로그램에서 하차하겠다고 밝혔다.설씨는 29일 자신의 소셜미디어(SNS)에 ""논문을 작성함에 있어 연구를 게을리하고 다른 논문들을 참고하는 과정에서 인용과 각주 표기를 소홀히 했음을 인정한다""며 ""변명의 여지가 없는 저의 과오이며 교육자로서 역사를 공부하는 사람으로서 안일한 태도로 임한 점 깊이 사과드린다""고 말했다.이어 ""제 강의와 방송을 믿고 들어주신 모든 분들, 학계에서 열심히 연구 중인 학자, 교육자분들께 누를 끼쳐 죄송하다""면서 ""책임을 통감해 출연 중인 모든 방송에서 하차하겠다""고 했다.앞서 이날 연예 전문 매체 디스패치는 설씨의 2010년 연세대 교육대학원 석사 논문인 '한국 근현대사 교과서 서술에 나타난 이념 논쟁연구'를 2008년 서강대 교육대학원생이 쓴 논문 등 여러 편의 기존 논문과 비교 분석한 결과 표절률이 52%에 이른다고 보도했다. 총 747개 문장으로 이뤄진 논문에서 100% 표절률을 기록한 문장은 187개, 표절 의심 문장은 332개에 이르며 약 40명의 논문을 참고한 것으로 보인다고 전했다. 설씨는 tvN '설민석의 벌거벗은 세계사' 2회 클레오파트라 편에서 언급한 내용이 곽민수 한국 이집트학 연구소장에게 비판받으면서 논란의 중심에 서기도 했다.설씨의 프로그램 하차로 방송가는 직격탄을 맞았다. 설씨는 tvN '설민석의 벌거벗은 세계사'와 MBC '선을 넘는 녀석들'에 출연 중이다.  두 방송사는 아직 공식 입장을 내놓지 않았다.고경석 기자 kave@hankookilbo.com▶[독자 참여] 엄마의 이야기 보내주세요▶[코로나 1년] 아이들 두고 의료봉사 갔다 확진 ""노모의 눈빛이...""▶한국일보닷컴 바로가기"
