﻿Video_ID,comment_text,comment_likes,comment_date
jLAFCfo5JwQ,물론 역사 왜곡과 논문 표절 잘못했다고 생각함 그 부분은 평생 반성해야댐 근데 나는 설민석이 우리나라 사람들의 역사에 대한 관심을 최대치로 끌어올린 공이 있다고 생각함. 잘 준비해서 이제는 논란없게 방송했음 좋겠음.,26384,2024-07-19T15:13:06Z
jLAFCfo5JwQ,"학위를  한 번 내준 학교 측에서 실수를 바로 잡으라고  다시 받아준것도 멋지지지만, 잘못 인정하고 다시 시작하는 설민석도 대단하네.",13402,2024-07-19T19:34:10Z
jLAFCfo5JwQ,핑계만 대는 정치인들보다 훨씬 정직하고 용기있는 설민석 선생님 멋지네요 이제 더이상 설민석을 비판하지 못할거예요 새로운 인생 멋지게 살아주세요!!  응원합니다,9170,2024-07-20T01:34:38Z
jLAFCfo5JwQ,논란 터지고 무작정 쉬다가 헤헤...이제 나올게요..? 이러는 거보다 설민석처럼 개선의지도 보이고 자기가 문제점을 해결하려는 모습을 보인다는게 진짜 자숙을 했다는 증거고 멋있음,8777,2024-07-22T00:59:32Z
jLAFCfo5JwQ,"잘못 없다며 뻔뻔한게 아니라 깔끔히 인정하고 사과하고 다시 시작하는 모습이 진짜 멋있습니다. 이런게 책임감이죠 스스로에 대한, 한국사에 대한 책임감",8292,2024-07-20T02:30:25Z
jLAFCfo5JwQ,3년 자숙에 이정도 진심이라.. 살면서 본 반성중에 가장 멋집니다. 저도 살면서 이런 실수를 할 일이 올 수 있겠죠. 그 때 저도 이렇게 용기있게 행동할 수 있길... 고생많으셨습니다. 이 세상이 앞으로도 사과와 용서가 있는 곳이면 좋겠습니다.,7220,2024-07-21T14:47:35Z
jLAFCfo5JwQ,"해명, 변명, 핑계가 아닌 사과로 시작했다는 점 그 자체부터가 될 사람이다.",5010,2024-07-20T13:38:17Z
jLAFCfo5JwQ,핑계없이 겸허히받아들이는 진정한어른이자 선생님이다.,4944,2024-07-20T04:46:49Z
jLAFCfo5JwQ,"진짜 흡입력 하나는 원탑이다 ,,,",4588,2024-07-20T16:33:41Z
jLAFCfo5JwQ,지금 이 대한민국에서 자신의 잘못을 인정하고 그에 맞게 고치고 수정하며 책임지는 사람이 얼마나 될까요 멋지네요 설민석이라는 한사람의 역사로 다른 수많은 사람들의 역사가 빛나는 날이 왔으면 좋겠습니다,4185,2024-07-19T19:15:35Z
jLAFCfo5JwQ,솔직히 변명하고 무작정 덮고갔더라면 다신 보고싶지 않았을텐데 그래도 한때 이룬것도 많고 전국에 얼굴팔릴정도로 유명했던 사람이 대중앞에서 본인의 잘못을 까발리고 변명없이 마주하는 것은 정말 큰 용기라고 생각해서 응원함,4042,2024-07-22T20:11:02Z
jLAFCfo5JwQ,잘못을인정하고 다시일어서는설민석님 인생을 응원합니다,3602,2024-07-20T00:33:34Z
jLAFCfo5JwQ,이제껏 봤던 자숙중에 제일 진실되고 진심이 담긴 참회고 자숙이네요 응원할게요,3163,2024-07-20T15:55:57Z
jLAFCfo5JwQ,"말 진짜 더럽게 잘하네. 웃었다 울었다 몇번을 반복한 지•• 한국사를 사랑하는 사람으로서 영상 보기 전까지는 제작진이 왜 다시 저분 데려왔나 생각했는데, 영상 보고나서는 설민석이라는 강사가 우리나라 역사교육계에 필요하다는 생각 밖에 안든다. 새로운 시작 응원합니다.",2880,2024-07-22T07:47:46Z
jLAFCfo5JwQ,진짜 설민석 존나 응원한다ㅋㅋㅋㅋㅋㅋㅋ<br>개멋있다ㅋㅋㅋㅋㅋ,2705,2024-07-20T00:04:54Z
jLAFCfo5JwQ,솔직히 귀에 속속 박히게 잘 말해주는 사람은 이 사람 밖에 없더라.. 진짜 좋아했는데 다시 돌아와줘서 기뻤음,2005,2024-07-20T09:35:28Z
jLAFCfo5JwQ,잘못을 인정하고 어떻게든 수습하려고 하는 사람에게 더이상 돌던지지 마라. 사람을 죽인것도 아니고 죄 이상의 죄를 물리지 마라. 설민석씨 힘내십시오. 당신이 걸어온 모든 길을 거짓이라 생각하지 않습니다 응원합니다.,1999,2024-07-23T11:16:02Z
jLAFCfo5JwQ,세상에 완벽한 사람은 없습니다<br>잘못을 하지 않고 사는  사람도 없습니다<br>삶에 대해 이렇게 순수하고 진지하게 용기를 내준 설민석강사님 존경합니다 화이팅입니다,1869,2024-07-19T15:26:28Z
jLAFCfo5JwQ,잘못은 하셧지만 논란 생기자마자 압도적 죄송 박아버리고 처음부터 다시 시작한다는게 보통 용기가 필요한게 아닐텐데 너무 대단하심<br>우리나라 역사에 흥미와 재미를 불어넣은 분인건 부정 못하니까 꼭 다시 재기하셨으면 좋겠네요,1683,2024-07-26T22:42:59Z
jLAFCfo5JwQ,이게 진짜 어른이지. 잘못한거 인정 반성 다시 용기내고 시작,1480,2024-07-20T00:20:22Z
jLAFCfo5JwQ,난 설민석이 잘못을 한 걸 옹호하는 건 아니고 그이 편을 드는 것도 아니다.근데 이렇게 잘못이 드러나고 밝혀진다고 해서 진짜 숨을 못 쉴 정도로 힘이 들어 미칠 정도로 그냥 죽는게 낫겠다 싶을 정도로 욕하는 건 우리나라 모든 사람이 그만해야 한다고 생각함.이런 영상을 보면 항상  일찍 세상을 떠난 사람들이 생각남.그러니까 우리나라 국민들이 좀 이런 면은 인지해주면 좋겠음,1465,2024-07-20T04:02:17Z
jLAFCfo5JwQ,보기전엔 굳이 왜 또 방송에 불렀을까 했는데 보고나니 진심으로 반성하고 바로잡으려는 노력하시는게 보여서 대단하네요.... 솔직히 더한범죄 저지르고도 잘살아가는 사람들 많은데 너무 유명해서 더 크게 다가왔던듯....  화이팅...,1442,2024-07-20T21:17:11Z
jLAFCfo5JwQ,안좋게 봤었는데... 진짜 대단한사람이라고 느껴진다...<br>싸이가 군대 2번 갔다와서 잘된만큼... 논문 2번쓰고 최고의 역사 강사로 인정받으시면 좋겠습니다.,1354,2024-07-24T21:23:31Z
jLAFCfo5JwQ,"나이 오십에 누가 자기 잘못 방송에서 공개 시인하고 뉘우치고 고칩니까? 죄는 미워하되 사람은 미워하지 말라고 했어요. 저는 저분이 대단하다고 생각해요. 앞으로 더 좋은 역사 강의 많이 하셔서 어린 세대 역사 교육하는 것으로, 가족들 앞에서 부끄럼없이 떳떳해지면 되는거죠. 전 화이팅 👏🏼 입니다.",1185,2024-07-19T20:48:21Z
jLAFCfo5JwQ,위기에 대처하는 방식이 정말 정말 어른입니다. 반갑고 응원하고싶습니다.,1027,2024-07-21T04:22:34Z
jLAFCfo5JwQ,난 아무리 설민석이 논란이 있다고 해도 강의실력만큼은 탑이라고 생각함,995,2024-07-20T15:28:43Z
jLAFCfo5JwQ,연세대 교육대학원생입니다.  다른전공이지만 정말 진솔하시고 열정적으로 수업을 듣고 계신 것을 보며 저 또한 마음을 다잡고 교육자에 대한 존경과 꿈을 꾸게 되었습니다. 응원합니다!!,972,2024-07-23T13:26:28Z
jLAFCfo5JwQ,책 읽어드립니다 한 번만 더 해주세요ㅜㅜ 진짜 설민석 쌤 강의 너무 재밌었어요 이해도 제일 잘 되고ㅜㅜ,896,2024-07-20T10:33:06Z
jLAFCfo5JwQ,솔찍히 자신의 과오를 인정하고 이렇게 다시 정직하게 자신의 역사를 만들어가는 사람 처음보는 것 같습니다. 설민석 선생님 화이팅입니다!!,801,2024-07-20T05:04:19Z
jLAFCfo5JwQ,보다 울컥해서 눈물 났다.....살면서 실수하고 무너지더라도 정말 외면하지 않고 다 온전히 받아들이면서 올곧게 앞으로 걸어간다는 게 정말 대단한건데...정말 좋다 설민석,783,2024-07-29T12:28:14Z
jLAFCfo5JwQ,확실히 연기전공이라 그런가 딕션이 확 꽂히네 괜히 설득력있음,764,2024-07-19T15:31:35Z
jLAFCfo5JwQ,"설샘이 20대때 강의 하셨던 분당 아름마을에 있는 ㅅㅇ 학원이라는 작은 학원에서 중학교때 배웠던 학생이었습니다. 그때가 강사를 시작하셨던 처음이라고 느끼지 않았을만큼 국사 시간이 정말 재미있었습니다. 중간중간 고등학교때 친한 친구들과 학교 교사 화장실에서의 에피소드 등을 얘기들도 해주셨죠. 이제 저도 어른이 돼서 사회생활을 오래 했는데 나이를 먹고 번듯한 직장을 다니면서도 항상 미래가 불안하고 지금 잘 사는지에 대한 걱정은 더 커지더라구요… 어릴 떈 역사 강의를 듣고 고등학교때도 국사가 어렵지 않았는데, 이제 선생님의 인생 강의를 듣고 나이 먹고도 사는 것에 대한 불안감을 잘 이겨내며 또 인생 후반기를 잘 살겠습니다. 감사합니다 선생님",747,2024-07-22T12:09:29Z
jLAFCfo5JwQ,"진짜 강한 사람이라고 생각합니다. 사람은 누구나 실수하고 잘못을 할 수 있습니다. 그걸 진심으로 인정하고 사죄하고 자신의 잘못을 바로 잡고 다시 개선하기 위해 이렇게 노력하는 사람, 설민석 선생님 진심으로 너무 멋있습니다. <br>그리고 잘못으로 낙인찍는 사회가 아니라 이렇게 진실한 마음으로 뉘우치고 노력하는 사람이 다시 나왔을 때, 같이 보듬어주고 다시 서로를 일으켜주는 이런 사회가 한국 사회로, 한국 문화로 자리잡았으면 좋겠습니다.",730,2024-07-29T14:01:35Z
jLAFCfo5JwQ,그래도.. 다른 사람들과 다른 것 같아요. 다른 사람들은 모두 회피하는데 설민석님은 인정하고 사과하고 또 나아가시잖아요. 과거에 대해서 말씀드리지 않겠습니다. 그저 현재로서 응원드리고 싶습니다.,709,2024-07-19T16:52:14Z
jLAFCfo5JwQ,사람은 누구나 다 잘못합니다 <br>설민석이라는 사람의 모든 면을 부정하면 안됩니다.. 잘못도 있지만 우리보다 좋은 면도 있을거에요.. 티비 나오는 모두 다 사람입니다. <br>잘못을 인정하고 반성하고 고쳐나가는게 인간이죠 .. 정말 역사로 사기칠 사람이라면 다시 대학원에 합격하고 논문을 쓸 생각을 하지 않을거같아요. 이 방송에서도 자신의 잘못을 인정하고 고쳐나가고 있다고 알리는게 멋있네요! <br>앞으로도 응원합니다^^,670,2024-07-19T16:54:49Z
jLAFCfo5JwQ,"찢어지게 가난했던 학창시절 설민석 선생님 인터넷 강의 듣고 수능 국사 다 맞고, 나머지 사탐도 다 맞았었어요. 그게 엊그제 같은데 벌써 40대 가장이 되어있네요. 누군가의 은인입니다 선생님. 힘내시고 다시 일어서실거라 믿습니다",654,2024-07-26T01:54:38Z
jLAFCfo5JwQ,과오를 덮어두고 잘했다 할수는 없지만 설민석이 몇명의 학생들에게 역사에 대한 꿈을 심어줬을까 생각해보면 다시 한번 기회가 주어져도 된다고 봅니다,630,2024-07-23T02:31:15Z
jLAFCfo5JwQ,진짜 선생님이다. 진짜 역사 가르칠 사람이다. 과거를 알고 바로잡는 것도 역사를 배우는 이유지. 돌아와서 너무 좋다. 기다렸음,588,2024-07-23T10:04:40Z
jLAFCfo5JwQ,"잘못을 인정하는 용기, 잘못에 대한 용서를 구할 용기, 잘못을 시정하는 용기. 잘못을 지었지만 반성하고 개선하려는 의지와 용기가 아름답게 보입니다. 항상 화이팅입니다",578,2024-07-28T02:51:14Z
jLAFCfo5JwQ,진짜 대단하다... 난 표절 안했다고 말하길빌었었는데 그냥 깔끔하게 인정하고 할말 하시는모습 정말로 멋있네요,560,2024-07-21T03:56:23Z
jLAFCfo5JwQ,"설민석의 역사강의를 좋아했던 애청자입니다. 트라우마로 남을수있는, 상상도 못할 정도의 큰 위기와 시련을 겪으면서, 피하지않고 위기외 두려움에 맞서는 용기가 어떤건지 알려주신것만으로도 역사공부보다 더 값진 가르침을 주셨네요! 직업에 대한 사명감, 책임감, 사랑을 모두 보여주시는 참된 스승의 모습에 감동했습니다. 위기를 딛고 더 강해진 모습으로 설민석의 역사강의 2막 다시 듣는날이 빨리오길 기대해봅니다~~",543,2024-07-26T10:28:25Z
jLAFCfo5JwQ,대단한 사람이다. 위험을 회피하지않고 마주하는 참된 어른.,527,2024-07-24T03:32:48Z
jLAFCfo5JwQ,연예인들 많이 공감하겠다..잘못을 인정하고 바로 잡으려고 노력하는 모습이 참 대단한 것 같습니다..저는 응원합니다,519,2024-07-20T15:46:40Z
jLAFCfo5JwQ,진짜 멋있다 자기 잘못 인정하고 다시 직면하서 자기 인생 살아가는게 리얼 멋있네 진짜 배워가고 응원합니다,500,2024-07-22T15:19:07Z
jLAFCfo5JwQ,저희 아들들도 쌤때문에 역사에 흥미를 엄청느끼고 좋아했어서 성적 잘나왔었어요<br>잘못하신 부분을 바로 잡으려 다시 공부하시는 책임감과 열정만큼은 인정하고 존경합니다,493,2024-07-20T00:36:01Z
jLAFCfo5JwQ,"대단하다. 이렇게 돌파한다고?다른유명인들은 잊혀지길바라며 공황장애를 호소하는게 시나리오인데..설민석 이렇게 정면돌파하는거 신선하고, 멋있다.<br><br>계속 지켜볼거임..응원하는 사람들을 다시 되돌려 응원해주시길",483,2024-07-29T15:14:44Z
jLAFCfo5JwQ,자신의 과오를 피하거나 묻는게 아니라 학교를 다시 들어가서 과오를 바로잡겠다는 모습이 정말 진심으로 대단하다....,482,2024-07-25T11:02:34Z
jLAFCfo5JwQ,댓글들 용서하는 모습이 너무 아름다움<br>뭐 우리가 뭐가 얼마나 잘났다고 사람들 용서하고 말고를 정하는지는 모르겠지만 그래도 평소에 잘못을 인정하고 사과를 하더라도 그사람이 얼마나 잘못했던 비난으로 돌아오는 경우를 너무 많이 봤기에 아름답게 느껴지네요<br>설민석씨 화이팅입니다,478,2024-07-25T10:59:18Z
jLAFCfo5JwQ,원래 한국사 자체를 싫어했는데 유일하게 좋아하게 만드신분,476,2024-07-30T03:45:56Z
jLAFCfo5JwQ,"잘못을인정하고 다시시작하는것이진정어른입니다,응원합니다",465,2024-07-19T14:22:51Z
jLAFCfo5JwQ,진짜 오래 기다렸어요ㅠㅜ 이제 방송 많이 나와주세요..진짜 한국사에 대한 관심을 가지게 해주신 분.. 응원합니다!,463,2024-07-20T12:53:39Z
jLAFCfo5JwQ,대한민국 초등학생들에게 한국사의 관심을 갖게 해준 고마운 선생님이다. 초등학생 뿐만 아니라 대한민국 국민들에게...,460,2024-07-24T02:02:22Z
jLAFCfo5JwQ,민석이형 좋아 하는데 . .조마조마 했어요. . 변명할까봐. . . 아니네요.. 멋지십니다. 잘못을 인정하는건 쉬운게 아니죠. 이렇게 기회도 생겼으니 복도 많으시고. 자주봐요 형!,448,2024-07-19T22:46:17Z
jLAFCfo5JwQ,부정하지 않고 진정으로 사과한 설민석님 지짜 용기 있으신분이네요.힘내시크 늘 응원합니다.3년동안 내내 기다렸습니다,439,2024-08-01T10:58:04Z
jLAFCfo5JwQ,인생 50은 지나온 삶을 재정비하고  다시 시작하는 나이라고 하더라구요. 몸도 마찬가지고!  <br>설쌤이 과오를 인정하고 반성하고 더 멋지게 나아가는삶 응원합니다.<br>역시 역사를 공부하는 사람은 다르구나! 했습니다.,432,2024-07-19T14:32:33Z
jLAFCfo5JwQ,잘못을 인정하고 다시 일어나는 용기에 응원합니다. 가장 높았을때 떨어지신거라 힘드셨을 텐데 눈물 한번 안흘리고 강연을 끝낸 선생님의 모습이 인상깊네요ㅠㅠ,431,2024-07-19T15:19:50Z
jLAFCfo5JwQ,"욕먹을거 각오하고 나오셨을 거고 그동안 반성했기에 다시 잘못한 부분을 극복하려고 재입학한 것도 대단한겁니다  시간과 돈, 명예가 다 걸려 있는 일인데요  우린 얼마나 반성하고 지키고 살아가는지 되돌아보게 되었네요  욕할 자격이 있는지 저 정도 각오로 반성해봤는지요",425,2024-08-01T03:48:43Z
jLAFCfo5JwQ,"우연히 강연프로그램 보고<br> 평소 안쓰는 댓글이 쓰고 싶어졌네요.<br>설민석씨는 귀한 말씀으로 세상을 움직이실 분입니다.<br>말속에 깊이가 있고 무게가 느껴져<br>모든 진심이 전해지네요,<br>누구나 그렇 듯<br>시련과 고난이 다가와도<br>꿋꿋이 앞으로 나아가 이겨내시길 간절히 바랍니다.",425,2024-07-21T03:20:41Z
jLAFCfo5JwQ,이 프로그램 너무 잘나오신거 같아요.진솔함이 느껴져서 너무 감동입니다. 다시 좋은 강의 많이 해주세요,416,2024-07-27T13:02:29Z
jLAFCfo5JwQ,좀 있으면 60대라는게 더 놀랍다...... 완전 초동안ㄷㄷ,408,2024-07-19T14:47:58Z
jLAFCfo5JwQ,"교사의 꿈을 꾸고있는 30대입니다. 대학원 시절, 한국사자격증이 필요했고, 별 기대없이 설민석 선생님의 온라인강의를 들었는데, 매 강의마다 흥미롭고 설레서 다음 강의를 듣는 것이 기다려질 정도였어요. 앞으로도 많은 사람들에게 한국사를 재미있고 설레게 알려주시는 일을 해주시길 소망합니다. 마음깊이 응원합니다 선생님!",393,2024-07-24T10:03:02Z
jLAFCfo5JwQ,정면돌파가 가장 시원하고 확실한 방법이지,387,2024-07-19T15:51:58Z
jLAFCfo5JwQ,설민석님 응원합니다,383,2024-07-19T14:37:13Z
jLAFCfo5JwQ,내가 한국사 포기 안 한 게 이형 덕분이었음<br>한창 논란 뜰 때 너무 아쉬웠는데<br>다시 돌아오니 보기 좋네요,381,2024-07-20T12:18:22Z
jLAFCfo5JwQ,기회를 주신 제작진분들 감사합니다. 잘못을 대하는 멋진 어른이시네요 .,373,2024-07-22T22:18:36Z
jLAFCfo5JwQ,대단하다.. 반성하는 모습… 발전하는 모습.. 존경스럽고.. 전보다 더 팬이되었다..,366,2024-09-04T16:25:05Z
jLAFCfo5JwQ,제가 태어나서 처음으로 두꺼운 책을 끝까지 다 읽어본것이 설민석의 조선왕조실록 이었습니다. 정말 응원합니다. 설민석 선생님😊,346,2024-07-21T03:49:08Z
jLAFCfo5JwQ,공개적으로 잘못을 인정하시고  솔직하고 진실되게 다시 시작하시는 모습이 이시대에 필요한 모습맞습니다. 살인자 사기꾼 삥뜯는 놈들도 뻔뻔한데 설샘 힘내세요 멋있어요 괜찮아요 용기내셔서 보기가 너무 좋습니다. 다시 나와주세요. 이시대는 진짜 설샘이 필요해요❤❤❤,341,2024-07-20T06:37:03Z
jLAFCfo5JwQ,반성하는 태도에 진정성이 느껴지니 설민석씨를 다시보게되는 개기가 됐어요,341,2024-07-22T04:48:03Z
jLAFCfo5JwQ,진짜 너무 멋있다 이게 어른이지ㅜㅜ 그냥 없었던 일인 척 철판 깔고 방송 나오는 사람들도 많고 본인도 충분히 그럴 수 있는데 과거를 바로 잡고자 학교를 다시 다니고 있다는 건 생각도 못했네 <br>멋있어요 본받을게요 응원합니다 🥲🥲🥲,336,2024-07-20T23:07:23Z
jLAFCfo5JwQ,나는 설민석 샘에게 역사 배우고 싶음.<br>재미있음,334,2024-07-19T16:18:57Z
jLAFCfo5JwQ,무엇보다 역사에 정말 진심이고 애정을 가득 품고 계신 분이라는게 이 영상만으로도 느껴질 정도임… 이렇게나 자신을 돌아보고 반성하는게 누구나 할 수 있는 쉬운 일이 아니라는걸 알고 있기에 앞으로 설쌤의 새로운 인생을 진심으로 응원하고 싶어요🎉,313,2024-07-19T17:06:42Z
jLAFCfo5JwQ,이번 강의 너무 감동적이었고 반가웠습니다.  누가뭐라해도 저에겐 최고의 역사선생님이십니다,301,2024-07-19T22:29:45Z
jLAFCfo5JwQ,멋있는 사람 그자체네<br>솔직히 인생 자체를 몰랐고 이슈만 알았으니깐<br>좋은 시선으로 보진 못했었는데.....<br>이거 보고 불편했던 것들 내 자세를 자세 고쳐 앉고 보기 시작함<br><br>설민석 멋있게 보임,288,2024-07-21T01:23:31Z
jLAFCfo5JwQ,타고난 이야기꾼임 <br>같은 내용도 이사람이 설명하면 재미있음 <br>애초에 이분이 제일 역사를 잘 안다고 생각 안함 근데 제일 알기쉽고 재미있게 설명함,288,2024-07-19T14:11:35Z
jLAFCfo5JwQ,설민석 선생님덕에 한국사에 관심을 가졌어요<br>국사는 따분하다생각했거든요<br>잘못을 인정하고 반성하고 다시 시작하시는 용기에 뭉클합니다.<br>앞으로 더 단단하고 깊이있게 대중들에게 다시 와주세요!!,284,2024-07-20T04:03:48Z
jLAFCfo5JwQ,이렇게 다시 일어서주시고 진솔한이야기나눠주시는 어른으로 살아줘서 고맙습니다!,277,2024-09-09T21:36:26Z
jLAFCfo5JwQ,아이 키우는 엄마입니다. 논문 표절 이후에도 아이가 설쌤 책과 어플을 계속 볼 때 걱정했어요. 나중에 쌤의 논문표절을 아이가 알게 되면 난 뭐라고 설명해줘야 하나... 걱정했는데... 설쌤이 이렇게 자신의 한계를 극복한 이야기를 들려주셔서 너무 감사드립니다. 선생님이 들려준 역사 이야기가 사기가 아니였다는 것을 이렇게 증명하시다니 너무 멋져요. 응원합니다.,275,2024-07-21T11:15:05Z
jLAFCfo5JwQ,이루어 놓은거 많으신데 잘못을 순수히 인정하고 다시 시작하는 용기와 진정성 참 인간적이고 멋있는 사람이네요 인간설민석 응원합니다,271,2024-07-21T03:47:50Z
jLAFCfo5JwQ,자기 잘못 인정하고 바로잡으려는게 진짜 용기있다 생각합니다,269,2024-07-29T15:25:05Z
jLAFCfo5JwQ,고딩때 설쌤 강의 듣고 저 수능 한국사 선택해서 1개 틀렸습니다. 그 당시 서울대 갈 애들만 한국사 봐서 아쉽게 2등급이었지만 진짜 수능 직전밤까지 설쌤 한국사 인강 들으면서 정말 재밌게 공부했어요. 아직도 [미미광어~!!] 외치던 그 모습과 광어 그래픽 잊지 못해요ㅠㅠ이거 기억나시나요? 솔직히 말하고 보니 신미양요인지 어디 파튼지 기억은 잘 안 나지만 암튼 진짜 그 당시 쌤 덕분에 원래도 한국사를 좋아했지만 더더 좋아하게되서 유일하게 한국사 전교만점이 저였어요. 설민석 쌤 물론 쌤의 표절 잘못이 정당화될 수 없다고 생각합니다. 그럼에도 인간은 누구나 잘못을 저지를 수 있고 그것을 몸소 용기내서 반성하시는 모습 고딩 때 보았던 설쌤 그대로네요ㅎㅎ설민석의 한국사책도 최근에 봤는데 대중의 사랑을 받는 쌤인만큼 앞으로 진정성있는 모습 기대합니다!,260,2024-07-23T14:44:54Z
jLAFCfo5JwQ,"논란이 생기고 시간이 지나면 아무렇지않게 다시 나오는 사람들 보다 논란을 정면으로 극복하고, 실수를 개선하려는 모습이 멋있습니다.",257,2024-07-23T23:45:52Z
jLAFCfo5JwQ,어떤 역사 강사보다<br>매력적이고 멋지십니다<br>당신의 역사사랑을 지지합니다,255,2024-07-20T08:55:49Z
jLAFCfo5JwQ,"설민석 선생님 ^^<br>너무너무 존경합니다.<br>저는 사학과를 졸업했지만, 선생님만큼   역사에 진심일 수없는데 ,,  넘  멋지세요^^",252,2024-08-11T07:52:32Z
jLAFCfo5JwQ,"정말 참된 스승이란게 보입니다..<br>자신의 잘못을 인정하고, 용서를 구하고, 모든 책임을 지고 물러서는것이 정말 어려울수도 있는데 그 모든것을 하고,그동안 자신이 쌓아온 스펙과 명성이 정말 일반인이 그저 이루기도 어려운 과정들을, 자신이 그동안 나눴던 역사들까지 거짓으로 만들 수 없다고 자신의 역사를 다시 쓴다고 그 모든 과정들을 처음부터 다시 시작한다니.. 정말 참 된 스승이자 인간인걸 다시 깨달았습니다. 정말 존경합니다",248,2024-07-25T10:31:26Z
jLAFCfo5JwQ,설민석 강사님 좌절과 실패에서 바닥으로 곤두박질 하였으나  다시금 바로설 수 있게 다시 시작해보고자 했던 기개가 너무 존경스럽네요. 그 원동력은 8수를 하면서도 응원해주셨던 할머니의 힘이였을까요? 가족의 사랑은 다시금 일어나가게 하는 힘인듯 합니다,245,2024-07-26T23:04:06Z
jLAFCfo5JwQ,설민석 선생님 덕분에 흥미를 느끼지 못했던 역사를 정말 재밌게 공부한 1인입니다 <br>대한민국 모든 국민들을 역사를 좀더 귀기울일수 있게 재밌게 풀어서 해주신 그 공은 정말 높다고 말씀 드리고싶습니다.,241,2024-08-16T12:17:39Z
jLAFCfo5JwQ,누구나 실수를 할 수 있고 그 실수를 인정하고 이겨내는 모습을 보인다면 다시 한번 기회를 주는 것도 우리 사회가 필요하다고 생각합니다. 그 실수가 치명적 일수록 더 많은 시간과 노력을 투자해서 돌려내야 하겠지만요. 실수를 인정하고 이겨내는 모습이 멋지십니다.,232,2024-07-19T15:17:47Z
jLAFCfo5JwQ,역사에 관심 없어 했던 전 국민들을 역사에 대한 관심에 불을 집혀주신 설민석님 감사합니다.,226,2024-09-01T10:40:12Z
jLAFCfo5JwQ,멋지십니다^^  한국사에 푹 빠지게 해주신 감사한 분~~~<br>앞으로도 방송에서 자주 뵈었으면 좋겠습니다,226,2024-07-19T14:41:49Z
jLAFCfo5JwQ,설민석님이 이렇게 긴장하신 거 처음 봐요. 그만큼 큰 용기를 내서 한걸음 내신거죠. 힘내십시오,219,2024-07-19T23:57:03Z
jLAFCfo5JwQ,유명했던만큼 더 부끄럽고 숨고 싶었을것 같은데.. 대단하다. <br>설민석이 주는 설득력과 몰입력이 아깝다 생각했던 입장에서 이런 행보 환영합니다.,217,2024-07-25T12:31:25Z
jLAFCfo5JwQ,워딩도 좋고 진심도 좋았다 설민석은 멘트와 매너가 참 좋다,203,2024-07-24T16:15:55Z
jLAFCfo5JwQ,다른건 몰라도 진심이란게 떨리는 목소리에서 고스란히 느껴집니다<br>건승하시길바랍니다,202,2024-07-27T09:34:49Z
jLAFCfo5JwQ,설민석님이 50대라니 믿어지지가 않네요~<br><br>다시 석사 학위 받고 승승장구하시길~,201,2024-07-26T22:53:06Z
jLAFCfo5JwQ,멋있다 이게 어른이구나,195,2024-07-22T19:00:19Z
jLAFCfo5JwQ,설민석갇이 역사를 잼나게 풀어나간 사람 없다고 생각. 그래도 그가 좋다.,192,2024-07-29T12:09:07Z
jLAFCfo5JwQ,인생을 살면서 자기 전공을 살려 그 전공으로 평생직업을 가지는 사람이 얼마나 있을까요<br>지난 과거의 잘못을 깊이 반성하고 인정하는 그 용기에 응원하고 싶습니다<br>앞으로도 역사에 대한 열정과 열의로 많은 분들에게 역사의 소중함을 널리 알려주세요,177,2024-07-19T20:02:02Z
jLAFCfo5JwQ,"변명하지않고 인정했다는거 자체로도 멋진 사람입니다,,<br>쉬워보여도 절대 쉬운게 아닙니다<br>더 깊은 학문을 보여주세요❤",174,2024-07-23T01:43:21Z
jLAFCfo5JwQ,자기 잘못을 정면으로 마주하고 바로 잡기위해 다시 시작하는 모습에서 울컥했어요 ㅠㅠ 여러 논란 속에서도 시간이 지난 후에 아무 말 없이 돌아오는 사람이 얼마나 많은데요<br>저 용기가 너무 멋있습니다,165,2024-07-20T13:40:41Z
jLAFCfo5JwQ,정말 존경심을 느낍니다.<br>졸업한 대학원에 다시 입학한다는게 얼마나 큰 결심이 필요할지<br>상상이 안 가네요.,160,2024-07-20T13:32:28Z
jLAFCfo5JwQ,잘못은 누구든 할 수 있는데 그 실수를 마주하고 다시 시작하는건 진짜 쉽지 않은 일인 거 같아요. 당신의 진심을 응원하겠습니다,158,2024-07-20T15:05:47Z
jLAFCfo5JwQ,위기를 기회로 바꾼다는 것이 이런것이구나를 제대로 보여주고 계시는 군요. 정말 멋집니다. 댓글을 다 읽어보진 않았지만 5천개의 댓글들이 다 비슷한 감동을 받지 않았을까 싶습니다. 멋지게 컴백해 주셔서 감사합니다.,155,2024-07-26T16:30:14Z
jLAFCfo5JwQ,잘못 인정하고 다시 일어서는 모습 응원합니다!,152,2024-07-19T16:42:32Z
jLAFCfo5JwQ,설민석 보다 역사를 재밌고 흥미롭게 강의하는 사람이 한국엔 없었다. 전부 지루하고 따분하고 싫었던 역사강의. 역사에 대해 집중하고 사랑하게 된 계기가 설민석 때문이었다. <br>응원합니다.  역사에 대해 앞으로도 진심으로 강연해주세요! 앞서했던 실수는 앞으로 더욱 좋은 강연으로 만회하시길 바랍니다. 응원합니다.,148,2024-07-24T02:04:12Z
jLAFCfo5JwQ,눈물 흘리며 보았습니다.<br>역시 설민석선생님 대체 불가한 능력 귀하게 여기시고 지금처럼 한결같은 저희들의 귀감이 되어 주세요~<br>다시 볼수 있어서 너무 고맙고 감사합니다.,140,2024-07-21T03:17:02Z
jLAFCfo5JwQ,정말 잘 나오셨습니다<br>그동안 쓰여진 역사를 전하셨다면<br>오늘은 당신의 역사를 쓰셨습니다.<br>그리고 여전히 감동이 밀려옵니다.,138,2024-08-12T04:35:32Z
jLAFCfo5JwQ,7년전. 우연히 TV에서 설민석 선생님을 보고 확 빨려들었어요.<br>역사에 푹 빠져 한국사능력시험까지 봐 심화3급 취득도 한 50대 주부입니다.<br><br>선생님 다시 용기내어 나와주셔서<br>감사합니다.~^^,137,2024-07-31T01:53:53Z
jLAFCfo5JwQ,"크건 작건 사람은 누구나 실수를 합니다. 그 크기가 클수록 따라오는 불안감은 더욱 크죠. 한순간에 무너져버린 일상이 얼마나 무섭고 두려웠을지 상상도 안갑니다.. 그 순간을 시간으로 해결하려는 사람들이 더 많을텐데 그걸 극복하려 하다니 정말 큰 결심이셨을것 같아요. 정말 대단하고 멋지십니다.. 마지막 꿈이 없더라도 지금 주어진 일에 충실하라는 말, 저에겐 너무 큰 힘이 되었습니다. 지금이 설민석님의 또다른 시작이라 생각되네요. 앞으로의 행보도 응원하고, 존경합니다!",135,2024-07-24T13:54:37Z
jLAFCfo5JwQ,학위 모르겠는데 강의하는 흡입력 장난아님 모든말을 흡입력있게 저렇게 하는건 진짜 대단함,129,2024-07-23T07:45:49Z
jLAFCfo5JwQ,강연 몰입도 하나는 진짜 원탑이다,128,2024-07-24T19:16:30Z
jLAFCfo5JwQ,역사가 재밌다. 라는걸 또 알게해주신 분으로 재확인 완료.,128,2024-07-19T14:54:11Z
jLAFCfo5JwQ,너무 멋있는 자기반성을 보여주셔서 감사해요ㅜ 같이 울었구만요~ 문제앞에서 극단적인 선택으로 끝내버리는분들 너무 많은데.  진짜 어른이 어떻게 인생의 역사를 써나가는지 보여주셔서 감사합니다~ 50대라뉴~~ 20대 대학생이라고해도 믿어의심치않아요~~ 감사해요 설쌤❤❤,126,2024-07-23T08:05:13Z
jLAFCfo5JwQ,감사합니다..극복해주셔서...살아내어주셔서.. <br>반복되는 한계에 좌절하는 청년들과..내게 꿈이 있었나 열정이 식어버린 40대인 저에게도 도전이 되고 희망이 되는 강의였습니다.. 그리고 무엇보다..선생님의 강의가 너무도 그리웠습니다!! 돌아와주셔서  용기내어주셔서 진심으로 감사해요..,126,2024-07-22T14:28:58Z
jLAFCfo5JwQ,강연은 하나는 진짜 끝내주게 하네. 정면돌파 멋있습니다. 응원합니다,125,2024-07-25T10:26:58Z
jLAFCfo5JwQ,"잘못을 했으면 인정하고 반성하고 징역이든, 벌금이든 그에 상응하는 대가를 치르면 된다 생각함. 통상적으로 논문표절, 음악, 도박, 음주 등 사회적 물의를 일으키고 1년~2년 자숙하고 활동하는 사람들보다 더 진정성이 느껴지니 좋네요. 완벽한 사람 없듯이 누구나 잘못하거나 실수할 수 있는데 그한번으로 평생 죄인취급하는 것도 안 좋은듯. 남잘못을 판단하고 평가하는 동안 본인 스스로를 먼저 돌아보고 말을 아낀다면 우리 사회가 좀 더 밝아질듯. 설민석 강사가 집중력, 흡입력 좋은 건 누가봐도 인정이고 강의력 또한 이미 검증받은 일타강사이기 때문에 이런 전문가를 논문표절 하나로 활동 못하게하는 건 국가적 손해임<br><br>설민석 강사님 늘 응원합니다~",125,2024-07-25T18:27:05Z
jLAFCfo5JwQ,강연봤는데 눈물나고 감동이다 진짜 레전드,124,2024-07-19T14:34:40Z
jLAFCfo5JwQ,표절이고 뭐고 다 빼더라도 강의 내용에 대한 집중도는 정말 좋지 않나요? 적절한 강약조절로 내용이 귀에 쏙 박히는 느낌. <br>본인 잘못에 대해 인정하고 반성하고 다시 공부까지 하셨으니까요. 용기 내어 다시 나와 주셔서 감사합니다.,123,2024-07-19T15:39:19Z
jLAFCfo5JwQ,"언젠가는 다시 돌아 오실 거라 믿었어요. 늘 기다리고 있었어요. 전공자가 아니라면 각종 텃새, 따돌림, 저지 투성이인 한국 사회에서... 역사학자로서 한 고비를 넘기신 거라고 생각해요. 선생님의 일을 계기로 사회가 조금이라도 변하길 바라고요.    응원합니다!!!",121,2024-07-22T14:37:08Z
jLAFCfo5JwQ,응원합니다<br>본인의 잘못에 도망가고 회피하지 않고 인정한다는게 힘든데 책임질줄알고 바로잡으려 하는 용기에 박수를 보냅니다 화이팅!!!!!,120,2024-07-19T23:37:05Z
jLAFCfo5JwQ,"선생님께 많은 영향을 받은 40대 학생입니다. <br>삶으로도 어른의 모습을 보여주셔서 감사합니다.<br>너무 좋아했던 대상이라 당시엔 충격도 컸지만, 이후 여정을 지켜보면서 역시 설민석이다 라는 생각과 믿음에 확신을 주셔서 고맙습니다! 응원하겠습니다!",119,2024-07-20T00:43:51Z
jLAFCfo5JwQ,"응원해요  다시 대학가서  논문 다시 쓴다는게,  어린 학생들과 다시 어울린다는게 쉽지 않아요 더군다나 이름이 알려진  논란이 있었던걸 나를 오픈한다는게  대단한 용기에요  회피하지않고 다시 도전한다는거 정말  용기있다 생각해요 설민석쌤 강의들으면서  요즘 많이 웃고 공부하고 있는데  국사울렁증있는 저에게  한줄기빛과 같은 분이라 저는 설민석 쌤 다시 복귀하셔서  다시 승승장구하길 바래봅니다 TV에 많이 나와주세요 꼭!",118,2024-07-23T07:57:16Z
jLAFCfo5JwQ,신도 실수를 한다는데 설민석님은 역사에 대해 정말 선한 영향력을 펼치고 있으시다고 생각합니다. 응원합니다.,118,2024-07-20T08:20:09Z
jLAFCfo5JwQ,너무 멋지다.. 그냥 마지막 맨트… <br>설민석 이였습니다! 가 심장을 울린다,117,2024-07-21T12:50:02Z
jLAFCfo5JwQ,"이게 진짜 멋진 어른이고 멋진 부모임. 설민석 아이들은 아빠가 이 자리에 나와 자신이 한 잘못을 또다시 인정, 그리고 상황을 개선하기 위해 최선의 최선을 다하는 모습을 보며 그 아이들도 긍정적으로 깨닫는 점들이 많을 것 같습니다. 동시에 국민들도 마찬가지고요. 자신이 감당할 수치심을 받아들이고, 그 앞으로 나아가는 것. 그것이 성숙한 어른이 가질 덕목이라 생각합니다. 정말 성숙한 어른의 참모습을 보여주신 것 같습이다.",113,2024-07-30T06:01:16Z
jLAFCfo5JwQ,본인의 잘못을 진심으로 뉘우치고 처음부터 다시 시작하는 모습이 정말 어른스럽네요. 명강의 잘 들었습니다!,112,2024-07-30T13:41:08Z
jLAFCfo5JwQ,논문표절..잘못한거긴하고 그때 좀 깜짝 놀랐긴했지만 전 욕할수는 없었어요..과제할때 블로그 글 짜집기해서 낸적도 있고 해피캠퍼스에서 산거 변형만 해서 낸 과제도 있었거든요..물론 논문은 좀 큰 거지만 작든크든 샬아가다보면 정직해지지못하는 순간 누구나 있는거같아요..논문 표절문제로 이분이 걸어오신 길 모두가 부정당하지만은 않길 바랍니다..,112,2024-07-19T16:15:24Z
jLAFCfo5JwQ,아침에 일어나  꿈인가   꿈이였으면 하는 생각 찐공감  였어요.인생을 살면서  대부분 이런경험들은 핬을거에요 응원합니다.힘내시고요.,105,2024-07-19T22:32:34Z
jLAFCfo5JwQ,저는 설민석 선생님 너무 응원해요 잘못을 인정하고 다시 돌아와줘서 기쁜마음이 더 큽니다 선생님이 대한민국 국민들에게 끼친 한국사 영향력이 어마어마하지요 강연자들을 기점으로 다시 시작해요 응원합니다 자라나는 어린이들에게 또 국민들에게 큰 가르침 많이 나눠주시길 바랍니다❤ 그리고 나이를 알고 깜짝 놀랐네요 30대 후반에서 40대 초반으로 생각하고 있었는데 최강 동안이시네요😮,103,2024-07-21T02:35:50Z
jLAFCfo5JwQ,"참으로 훌륭하신 역사선생님, <br>설민석!  존경합니다.",103,2024-07-29T20:53:16Z
jLAFCfo5JwQ,매우 현명한 대처를했다고 본다. 잘못된 것을 바로 잡는 방법중에 가장 최선은 진정한 반성과 사과다. 그대의 잘못은 용서가 안될지 모르겠지만 이해할수 있는 계기가 되리라 생각한다. 응원할게요 설민석씨,100,2024-07-23T12:54:02Z
jLAFCfo5JwQ,이게 정면돌파의 정석이지,100,2024-07-30T04:29:11Z
jLAFCfo5JwQ,응원합니다 저에겐 영원히 선생님이세요 인생을 살면서 잘못을 마주하는 올바른 방법을 몸소 보여주셨던것같아요 선생님 안계신 역사강의는 예전만큼 재미있거나 울림이 있지않았어요 다시 강연으로 돌아와주셔서 감사드립니다  넘그리웠습니다,98,2024-07-24T05:11:59Z
jLAFCfo5JwQ,진짜 우리나라에서는 잘못한걸 다시 바로 잡는게 절대 쉽지 않은 환경과 문제가 많은데 이 형은 진짜 다시 잡고 잘못된걸 개선할려는게 보여서 너무 멋지네...... <br><br>참 개선할려고 노력하는 사람들 욕하고 비난한다고 <br>해서 달라질꺼라 생각하는 악플러인간들은 <br>지 인생이 잘못되는지 모르고 살다가 뒤질꺼여,96,2024-07-25T20:35:09Z
jLAFCfo5JwQ,이 자리 이 기회 주신 mbc 감사합니다<br>설민석 선생님 멋있으십니다! 항상 응원할게요!,95,2024-07-20T03:06:01Z
jLAFCfo5JwQ,자신의 잘못에 분명한 책임을 질 수 있는 사람. 그리고 끝까지 자신의 인생을 놓아버리지 않은 멋진 사람. 존경하게 되었습니다. 설민석 강사님.,95,2024-07-20T05:13:25Z
jLAFCfo5JwQ,역시 정면 돌파!!!!! <br>저는 너무 그립고 보고 싶었어요^^!!!!<br>설민석쌤만큼 재밌고 신나게 역사강의 들었던 사람이 없었어요 !!!!!<br>돌아와 주셔서 넘 감사해요 ❤❤❤❤,93,2024-07-20T13:19:02Z
jLAFCfo5JwQ,"설민석씨!<br> 다 됐고 당신을 좋아하고, 믿고, 응원합니다!",93,2024-07-27T00:38:16Z
jLAFCfo5JwQ,설민석쌤 재수때 메가스터디에서 현강 들었던 학생이에요. 근현대사 6등급에서 수능때 1등급을 맞게 해주셔서 너무 감사했어요. 현강듣는데도 인강도 신청해서 독서실에서도 쉴때도 선생님 인강 보면서 ㅋㅋㅋ 거리면서 재미있게 봣던 기억이 있네요. 고딩때는 너무 재미없던 근현대사를 제일 재미있게 만들어주신 분이에요. 아직도 그때 공부했던 교재 가지고 있답니다. 누가 뭐라해도 쌤은 저에겐 최고의 역사쌤이세요! Feat.쌤 근데 왜 나이를 안먹으세요…? 그때랑 얼굴이 똑같으세요,87,2024-07-20T23:00:55Z
jLAFCfo5JwQ,근데 역사는 설민석이 재밌음<br>다른사람들은<br>귀에서 윙윙거리고 기억에 안남는데<br>설민석은 쉽게 스토리텔링으로<br>설명해주니 맥락을 이해하기 쉬워서 좋았음<br>역사강의 다시해주면 좋겠음,87,2024-07-26T00:43:15Z
jLAFCfo5JwQ,누구나 실수합니다. 다들 그러는데 모르는 척 사는 거죠. 진심 느껴지고 역사 샘으로 독보적인 분인건 확실합니다. 얼른 초등아이들에게 찐 역사 가르쳐주세요!!,87,2024-07-31T12:21:19Z
jLAFCfo5JwQ,잘못을 인정하고 반성하는 모습에 진정성이 느껴지네요 감사합니다 쌤,86,2024-07-20T09:27:58Z
jLAFCfo5JwQ,솔직하게 인정하시고 다시 재시험에 재입학해서 다시 해보겠다는 의지에 감동 받았어요^^인간의 삶은 항상 좌절과 수많은 시련들이 끊임없이 있는건지 얼만큼 견디는지 보자 라고 주시는건지 알수 없지만 좌절과 시련은 어떻게 이기는지는 자신만이 알겁니다❤❤,84,2024-07-21T04:12:46Z
jLAFCfo5JwQ,정말 대단한 분이긴하다... 이 부분은 진심으로 리스펙합니다.,84,2024-07-25T21:08:07Z
jLAFCfo5JwQ,기다렸어요. <br>설쌤은 성인이 된 저의 유일한 역사선생님이 생긴것 같았어요. 이렇게 진솔하게 마음을 여신것도 다시 돌아오신것도 환영합니다. 응원할께요,81,2024-07-23T22:28:49Z
jLAFCfo5JwQ,보면 안되는 이유 보다 봐야 할 이유가 더 많은 사람이다,81,2024-07-22T20:13:51Z
jLAFCfo5JwQ,다시 용기내서 나와주셔서 감사합니다!!,81,2024-07-19T14:47:51Z
jLAFCfo5JwQ,정말 큰 용기입니다. 박수를 보내드리고 싶어요. 힘든 시기를 견뎌내고 다시 일어서는<br>모습에 정말 리스펙합니다.👍👍,80,2024-07-20T09:11:22Z
jLAFCfo5JwQ,"잘못을 바로잡으려는 의지와 노력. <br>정말 존경스럽습니다. <br>몇 달 전에 역사 강의를 듣고 싶어서 선생님 이름을 검색했는데, 들을 수 있는 강의는 없고 그제야 소식을 접했습니다. <br>역사포기자였던 학창시절을 지금에서야 바로잡고싶어서 강의가 너무 듣고싶었는데 들을 수 없어서 아쉬운 마음이 컸습니다. 다시 기다리겠습니다! <br>다시 일어서주시고, 역사 재미있게 가르쳐주셔서 미리 감사합니다.",78,2024-07-21T23:32:13Z
jLAFCfo5JwQ,믿고 기다렸습니다<br>힘든시간 버텨주셔서 고맙습니다<br>뚜벅뚜벅 걸어가볼께요<br>함께해주셔서 감사해요,78,2024-07-28T10:14:08Z
jLAFCfo5JwQ,"초,중학교때 저는 한국사 아니, 역사라는 과목 그 자체를 싫어하던 사람이었습니다. 저는 고등학교에 올라가면 역사때문에 이과로 진학할 생각을 하기도 했구요. 하지만 설민석이라는 사람을 방송에서 만나고 새벽까지 설민석이 역사를 알려주는 프로그램을 본 경험이 있습니다. 부모님께선 밤 늦게까지 방송을 보는 제가 걱정되면서도 한편으론 역사를 그렇게 싫어하던 애가 역사를 재밌게 보고있으니 기쁘셨다고도 했어요. 저는 현재 고등학교에 들어와서 동아시아사, 세계사를 모두 들을만큼 역사를 사랑합니다. 설민석선생님은 제게 역사의 참재미를 알려주신 스승님입니다. 그 꼬마팬이, 설민석 선생님의 만화책까지 모두 사서 봤던 그 꼬마팬이 논문표절이라는 말을 들었을때 너무 큰 배신감이 몰려와 사람들과 함께 욕하기도 했습니다. 하지만 제 마음속에서 논문 표절을 한 선생님일지라도 나에게 참역사를 알려준 스승님이었기에 다시 보고싶은 맘도 들었습니다. 이렇게 다시 보고, 선생님의 이야기를 들으니 좋네요. 항상 응원합니다.",78,2024-07-25T18:40:44Z
jLAFCfo5JwQ,저는 이슈가 있을 때 부터 설민석 강사  그 자체로  믿었습니다. 우리는   모두 완벽하지 않고 실수도 하고 살면서 때론 타협할 때도 있기 때문 입니다 ᆢ 너무 멋있고 응원합니다! 진실된 마음이 다가옵니다.  다시 자주 뵙으면 합니다.,77,2024-08-09T15:24:41Z
jLAFCfo5JwQ,난 그냥 이사람이 잘됬으면 좋겠다 재능이 너무 많은 사람이다,76,2024-07-25T22:38:49Z
jLAFCfo5JwQ,진짜 신기하다 이런 거 볼 때마다 세상이 나를 상대로 몰카하는 거 같음 진짜 워렌버핏 말이 틀린 게 하나가 없다,76,2024-07-21T09:52:42Z
jLAFCfo5JwQ,오늘 방송을 통해 삶의 태도를 배웁니다<br>사과는 저렇게 하는거다<br>극복은 저렇게 하는거다<br>설쌤 응원하고 지지합니다❤,74,2024-07-19T22:51:04Z
jLAFCfo5JwQ,강연을 들으면서도 저 사람은 진심일까 하는 생각이 들어서 사과문을 찾아봤다 사과문은 짧고 간결했다 각주와 인용을 제대로 쓰지 않았다는것 소홀 했다는 말도 인상적이었다 적어도 오늘 본 강연과 사과문을 보면서 진솔한 사람이겠구나 싶었다 본인의 잘못을 인정하고 스스로 떳떳하 위해 노력한 모습은 인정해줘야 싶었다 그리고 강연하는 표정은 자신감이 없어 보였는데 거기서 진정성이 느껴졌다 솔직히 말하면 자신의 잘못으로 꼬꾸라지고 일어선게 저 사람에게 기회가 된 것 겉다 사람이 너무 잘 나가면 돌아볼 기회도 없으니까 한번은 기회를 줘야하지 않나 더 잘못하고 사는 사람도 반성하지 않는데 똑같운 실수하지 않길 바란다,74,2024-07-19T17:25:24Z
jLAFCfo5JwQ,설민석 대단하다<br>멋진 인간이다,73,2024-07-28T03:07:11Z
jLAFCfo5JwQ,성공할 자격 충분합니다~~응원해요^^,73,2024-07-19T23:17:04Z
jLAFCfo5JwQ,그때는 몰랐어요 저렇게 사죄하고 반성하는 것이 얼마나 어려웠을지... 요즘 유튜버나 정치인들보면 사과하는게 어려워서 끝까지 가는구나라는 생각을 많이 해요... 응원합니다.,72,2024-07-20T15:32:34Z
jLAFCfo5JwQ,"안녕하세요 현재 고3 학생입니다.<br>설민석 선생님이 제 댓글을 보시게 될지는 모르겠지만 어렸을때 제가 하도 공부를 못하고 관심이 없어서 저희 부모님께서 설민석 강의를 중2?때 첨으로 보여주셨어요. 그때 강의를 보는데 공부가,역사가 이렇게 재밌어도되나.? 싶을 정도로 보는내내 재미있고 슬프고 여러 감정을 다 느낄 수 있는 강의인거에요. 그래서 역사에 푹 빠지고흥미를 붙이게 됐었고 .덕분에 아직까지도 한국사 시험이나 모의고사를 볼때마다 1등급 못해도2등급이 나오는 학생이 되었어요!! 정말 감사합니다.! 설민석 선생님께서 앞서 영상에서 말했듯이 실망했을 아이들이 생각났다고 하셨는데 아마 선생님을 좋아하고 즐겨보시던 많은 분들은 전혀 실망하시지 않고 오히려 걱정을 했을꺼에요! 저도 전혀 실망하지 않았습니다! 오히려 다시 방송에 나와주시고 그동안 못했던 이야기를 해주셔서 너무 감사해요! 저도 선생님처럼 멋진 사람이되고 싶어요 많이 힘드셨을텐데 아무도 선생님의 그 힘듦을 완전히 이해할 수 없겠지만 버텨주셔서 너무 감사합니다",72,2024-07-25T13:07:39Z
jLAFCfo5JwQ,마지막 말 정말 힘이되고 응원이 됩니다… 멋진 어른 설민석 응원합니다 앞으로도 배움으로 쭉 걸어나가시길 keep going👏👏,71,2024-07-20T15:58:10Z
jLAFCfo5JwQ,"진짜 이게 반성의 정석이지,,<br>처음엔 또 나와서 변명하고 이미지 세탁만 하겠구나 하고 봤는데<br>변명은 하나도 없고 잘못은 인정하고 앞으로 이렇게 해쳐나가고 과오를 씻고싶다는 자세가 날 ㅈㄴ 설득시켰다,,",71,2024-07-22T09:43:46Z
jLAFCfo5JwQ,다시 흥해라...  <br>설민석 이름의 세글자의 역사 세계를<br>만나고 싶습니다.😊,71,2024-07-29T13:14:41Z
jLAFCfo5JwQ,"역사를 좋아하는 사람으로서 설쌤 강의 엄청 좋아했어요. 논문표절 문제 생겼을 때 많이 실망하고 슬펐습니다.<br>그래도 모든 걸 다 인정하고 반성하며 새로운 내일을 다시 꿈꾸는 설쌤을 응원합니다. <br>역사 강의도, 책읽어 주시는 것도 최고라 생각합니다.<br>다시 나와 주셔서 감사합니다. <br>힘내세요 설쌤!",70,2024-07-19T14:37:28Z
jLAFCfo5JwQ,다시 용기를 낸 것에 진심으로 응원합니다<br>거듭난다는 말이 가장 잘 맞는거 같습니다,69,2024-07-22T19:03:55Z
jLAFCfo5JwQ,설민석씨를 다시보고 강의를 들을 수 있어서 정말 기쁩니다,69,2024-07-20T00:41:15Z
jLAFCfo5JwQ,"저는.. 세상에 완벽한 사람은 없다 생각합니다. 역사 그 어디에서도 그런 사람은 아직 까진 찾지 못했습니다. 역사는 모든 걸 기록한 것이 아니라 기록될 만한 걸 기록 했다 생각합니다. <br>그렇기에 적어도 저에게 좋은 어른이란 과오를 인정하고 반성할 줄 아는 사람이라 생각합니다. 예수나 부처도 욕하는 게 세상 사람들입니다. 욕을 들어도, 도망치기보다 반성할 줄 아는 사람이라면 저는 그런 사람들보다 설민석 선생님을 응원하고 싶습니다.",68,2024-07-19T16:57:58Z
jLAFCfo5JwQ,멘탈이 정말 건강하고 맑은분같아요<br>응원합니다,68,2024-07-30T10:42:27Z
jLAFCfo5JwQ,"지금은 치명적인 과오로 고꾸러진 인간의 표본이지만, 진중한 반성과 정진을 통해 다시 재기할 수 있다는 모범 사례가 되어 주시길 진심으로 바랍니다. 응원합니다!",68,2024-07-22T10:24:34Z
jLAFCfo5JwQ,"설민석 지렸다. 의도치 않은 잘못조차도 포용할줄 알고 나아갈줄 아는 남자. 60,70대엔 더 흥하길 바라겠습니다.<br><br>인간 설민석의 역사를 앞으로도 기대하겠습니다!!",67,2024-07-20T16:11:02Z
jLAFCfo5JwQ,나 같으면 이렇게 마음을 다잡지 못하고 무너졌을탠데 정말대단하다,66,2024-07-27T02:45:31Z
jLAFCfo5JwQ,진짜 개멋있다 설민석쌤 화이팅,66,2024-07-19T15:13:05Z
jLAFCfo5JwQ,변명없이 실수 인정하는 모습이 멋져요<br>누구나 실수 할 수 있음을 받아들이고 책임지고 살면 됩니다<br>화이팅,65,2024-07-20T01:47:15Z
jLAFCfo5JwQ,참...그 힘든 시간을 이겨내고 나와서 이 무대에 서 있는 모습이 멋있습니다..,63,2024-07-20T09:00:41Z
jLAFCfo5JwQ,사회를 비판하고 등질수도 있었는데 과오를 반성하고 다시 처음부터 다시 시작해서 바로잡겠다는 생각이 너무 대단하고 존경스럽습니다.,63,2024-07-24T19:48:38Z
jLAFCfo5JwQ,이번경연자님들을 들으면서 너무 감사했습니다<br>금요일날  이 방송이 기다려집니다<br>계속 들었으면 하는 바람입니다<br>설민석강사님 화이팅❤❤❤,62,2024-07-26T23:37:41Z
jLAFCfo5JwQ,우리나라 역사를 후세에게 잘 가르쳐야 대한민국이 전 세계적으로 우뚝 설수 있다고 생각하는 사람입니다.<br>그 수 많은 역사를  이겨내고  살아 남은 대한민국....전 세계를 통틀어<br>대한민국 국민인게 자랑스럽습니다.<br>설민석님 존경합니다....♡♡♡,61,2024-07-27T02:09:34Z
jLAFCfo5JwQ,다시 이렇게 방송해주셔서 감사합니다 잘못을 인정하고 다시 용기있게 강연해주셔서 너무 감사합니다 설민석 강사님 덕분에 역사에 더 관심가질수 있었기에 이렇게 다시 돌아와 주신거에 대해 너무 감사한 마음입니다,60,2024-07-20T14:30:30Z
jLAFCfo5JwQ,아 정말 멋지네요<br>진심어린 반성<br>우리나라 정치인이나 지성인들 모두 이렇게 <br>진심이 통하는 마음을 전하면 좋겠네요,60,2024-08-08T15:31:53Z
jLAFCfo5JwQ,오랜 팬으로 선생님 출연프로는 거의다 빠짐없이 봐왔는데...<br>오늘 강연하시는 선생님 모습은 그어느때 보다 행복해보이세요<br>힘든시간 이셨겠지만 그시간들을 잘 극복하신 덕에<br>오래오래 행복하실꺼예요,60,2024-07-20T04:15:08Z
jLAFCfo5JwQ,너무 보고싶었어요 ㅠㅠ 혹시 마음에 병이 드시면 어쩌나 걱정 많이 했습니다. 다시 나와주셔서 감사해요!,60,2024-07-27T00:48:41Z
jLAFCfo5JwQ,아침에 진솔한 강의에 감동 받아서 울고 갑니다 ㅠㅠ,60,2024-07-20T01:42:55Z
jLAFCfo5JwQ,멋져요~~!! 다시 돌아와주셔서 감사합니다. 아이들을 위한 강의영상 찾아보며 기다렸습니다. ❤,59,2024-07-27T02:06:06Z
jLAFCfo5JwQ,군필에 8수하고 25살에 입학이 가능하다니  대단하심!,59,2024-07-27T10:19:41Z
jLAFCfo5JwQ,와 뭐야… 설민석 너무 오랜만이다 ㅜ…,59,2024-07-20T03:29:06Z
jLAFCfo5JwQ,누구나 실수도 하고 잘못도 하지만 설민석님 처럼 인정하고 바로 잡는 모습  존경스럽습니다,58,2024-07-20T00:57:29Z
jLAFCfo5JwQ,솔직히 변명하기 급급하고 은근슬쩍 복귀하는 것 보다 잘못을 인정하고 책임감있게 다시 공부하겠다는 의지는 진짜 배울 수 밖에 없다. 설민석님 때문에 어렵게만 느껴졌던 한국사가 재밌어진 건 사실이었음,58,2024-07-23T21:13:38Z
jLAFCfo5JwQ,설민석님 덕분에 역사 공부가 재밌었어요 지금도 다시보기 계속해요 감사합니다 다시 나오셔요<br>책읽어드립니다 재방 보고또봅니다,57,2024-07-29T12:06:22Z
jLAFCfo5JwQ,더 큰 사람이 된거같네요 물론 그전에 잘못한것도 맞고 반성한것도 느껴집니다 그치만 앞으로 더 많은 사랑 받으실 겁니다 더 어른이 된 설민석 멋집니다~!,55,2024-07-19T18:52:03Z
jLAFCfo5JwQ,그나저나 진짜 동안이시다....60앞두고 있는 얼굴 ㄷ ㄷ ㅠㅠ<br>앞으로의 인생을 응원합니다 설샘!!❤,54,2024-07-19T14:35:08Z
jLAFCfo5JwQ,멋있는 사람이네요!!,53,2024-07-19T14:34:52Z
jLAFCfo5JwQ,전화위복이 되었네요 너무 반가워요 많이 안타까웠는데 이렇게 지혜롭게 이겨내셔서 오히려 감동입니다~ 앞으로 우리나라 역사를 바로 알려주는 멋진샘으로 영원히 남아주시길 바래봅니다^^,52,2024-09-11T06:44:56Z
jLAFCfo5JwQ,회피하지않고 인정하고 받아들이려는 모습이 참 인상깊네요 저도 본받고 싶은 자세네요,51,2024-11-13T14:55:17Z
jLAFCfo5JwQ,고맙다 남아줘서 뚜벅뚜벅 걸어가시고 역사강사 설민석으로 남아주세요 멋지세요 감사합니다,51,2024-07-21T10:42:41Z
jLAFCfo5JwQ,와 진짜 ㅈㄴ현명하다 문제가 되서 취소된학위 다시따러 재입학 진짜 대단하다 멋있다 👍,51,2024-07-27T08:20:57Z
jLAFCfo5JwQ,강의를  들으며  눈물이  나네요.<br>어떤 마음으로 강의하는지  알 수  있어요.,50,2024-07-23T02:17:41Z
jLAFCfo5JwQ,설민석님<br>너무 휼륭하십니다<br>응원합니다,50,2024-08-06T21:31:48Z
jLAFCfo5JwQ,이분은 진짜 어른이시면서 남을 가르칠 사람인듯,47,2024-07-21T04:14:00Z
jLAFCfo5JwQ,밥 먹다가 아무 생각없이 이 영상을 틀었는데... 눈물 주르륵.. 감사합니다.,46,2024-07-22T03:06:51Z
jLAFCfo5JwQ,고생 많이 하셨어요<br>아이들이건 어른이건 역사를 쉽게 이해할 수 있도록 명료하게 알려주신 한분 입니다.<br>최고입니다,46,2024-07-26T23:49:27Z
jLAFCfo5JwQ,설 민석이 많은 사람들에게 한국사에 대한 관심을 가지게 한 일등공신임은 아무도 부인할 수 없다.  잘못을 인정하고 다시 시작하는 그는 역시 난 놈이 분명하다 !!!  대단하다는 말 밖에는 !! 홧팅이다 !!!,46,2024-07-20T02:38:50Z
jLAFCfo5JwQ,"진짜 멋있는 분이네요 실수를 인정하고 다시 나아가고 성장하시는 모습을 보면서 많이 생각하게됩니다.. 잘못을 있는 그대로 인정하고, 그럼에도 불구하고 포기하지 않고 다시 일어서서 나아가시는 모습 보니 진짜 팬이 될 것 같네요 😊 앞으로도 더더 성장하셔서 식민사관도 너무 국뽕도 아닌, 깊은 연구와 고증을 통한 최대한 정확한 역사를 알려주시는 멋진 역사가 선생님이 꼭 되어주세요. 응원합니다!",46,2024-07-19T16:09:52Z
jLAFCfo5JwQ,우와 이겨내시고 나오셨네요<br>다시 잘 시작하면 되죠,46,2024-07-19T14:07:52Z
jLAFCfo5JwQ,이 분은 타고난 역사쌤이시다.  우리 딸이 이 분 강의듣고 사탐1등급 받았다..나도 이 분 강의는 재밌어서 모든 프로그램을 다 봤다..  내가 학교 다닐땐  한국사 재없어서 기억나는게 없는데 설쌤 강의는 지루하지가 않아요~~다시 화이팅입니다!!,44,2024-07-19T14:41:08Z
jLAFCfo5JwQ,저게 어른인거죠. 자신의 잘못을 인정하고 타인에게 사과하고 용서를 구할줄 아는것이 진정한 어른인 겁니다.<br>나이만 먹었다고 어른인게 아니에요.,43,2024-09-07T12:39:01Z
jLAFCfo5JwQ,논문? 그게 뭣이 중헌디~~<br>라는 생각도 했었지만..깨끗이 인정하고<br>물러났다가 이렇게 돌아오니<br>너무 반갑습니다.<br>연배가 비슷하여 공부와는 관계없었지만<br>웬만한 방송은 다 봤을정도로<br>팬입니다.<br>앞으로 계속 좋은 강의 해주세요~,43,2024-07-28T08:37:22Z
jLAFCfo5JwQ,너무나 감동적인 강연이었습니다.<br>너무나 멋지십니다.<br>응원하겠습니다.,43,2024-07-19T23:26:22Z
jLAFCfo5JwQ,나는 그냥 설민석쌤이 좋음,43,2024-07-25T21:11:47Z
jLAFCfo5JwQ,진짜 어른 같네요,43,2024-07-19T14:40:06Z
jLAFCfo5JwQ,용기있고 멋있어요 <br>다시 시작해봅시다<br>설민석님 영향으로 역사에 관심 가진  친구들이 많잖아요,42,2024-07-20T03:16:07Z
jLAFCfo5JwQ,진정성이 느껴집니다 ~<br>진심으로 반성하는 설민석 강사님!<br>같이 울었네요!<br><br>자주 나와주세요💪💪💪,40,2024-07-25T21:41:57Z
jLAFCfo5JwQ,와 강한 사람이네요 감동입니다<br>존경하고 응원합니다<br>화이팅!,40,2024-07-25T20:52:19Z
jLAFCfo5JwQ,설민석씨 때문에 태어나 처음으로 한국사 책을 샀었습니다. 다시 돌아와주세요.,40,2024-07-25T13:09:24Z
jLAFCfo5JwQ,멋집니다 ~~~,40,2024-07-19T14:54:30Z
jLAFCfo5JwQ,화이팅이요!!! 예전부터 응원하고있어요,40,2024-07-19T14:41:49Z
jLAFCfo5JwQ,실수는 바로 잡으면 됩니다. 인정하시고 다시 일어서시는 모습 멋있습니다!,39,2024-08-08T05:16:20Z
jLAFCfo5JwQ,우리 모두는 실수합니다..<br>중요한건 그 뒤에 우리의 반응이겠죠.<br>많은 용기를 내서 돌아오신것 응원합니다.,39,2024-07-20T16:17:13Z
jLAFCfo5JwQ,믓지다 설민석!!!설쌤은 타고난 이야기꾼이에요.설쌤이 설명해주면 지루한 역사도 재미지고 어려운 책들도 읽고 싶어져요.자신의 실수를 인정하고 다시 도전하여 바로잡는 모습 그게 바로 내가 좋아하는 설쌤이지요!!!설쌤이 당당히 석사논문을 통과하고 다시 우리앞에서 강의를 하고 방송을 할때까지 기다리고 응원할게요~어디 내놔도 자랑스러운 보물이 되어 꼭 다시 와 주세요,39,2024-07-20T01:20:06Z
jLAFCfo5JwQ,진짜 너무 멋있다.. 가슴이 뭉클해지네요...ㅠㅠ,39,2024-08-09T02:40:29Z
jLAFCfo5JwQ,"제가 한국사에 관심을 가지게 해주신 선생님이십니다. 저는 어리고 옳고그름을 판단할 만한 사람도 아닙니다만, 제 인생에서 여러모로 너무나 감사한 분이시라는 것은 확실히 말 할 수 있습니다. 돌아와주셔서 너무나 기쁩니다.",38,2024-07-25T17:19:44Z
jLAFCfo5JwQ,자신의 잘못을 진심으로 인정하고 바꾸려고 노력하는 모습이 정말  진정한 어른이라고 느껴지네요..! 항상 응원하겠습니다.,38,2024-07-19T15:41:02Z
jLAFCfo5JwQ,"세상에 실수 한 번, 잘못 한 번 안하는 사람이 어디있나요 중요한 건 자신의 잘못을 인정하고 나아가는 모습이라고 생각합니다 이렇게 다시 방송에 나오는 것도 다시 대학원에 가는 것도 모두 힘든 결정이셨을텐데 이렇게 나와주셔서 감사합니다",37,2024-07-22T15:06:58Z
jLAFCfo5JwQ,잘 참아내시고 죽지않고살아내주셔서. 고맙고감사합니다 설민석님,37,2024-08-06T01:34:37Z
jLAFCfo5JwQ,우리아이는 몇년째 설쌤의 이야기 들으며 잡니다 이제 중학생이 되었는데두요<br>누군가의 실수나 잘못을 하나 물면 <br>끝까지 욕하고 비난하는 사람들! <br>열등감있는 인생이라고본다<br>남 비방하지말고,37,2024-07-22T22:00:30Z
jLAFCfo5JwQ,응원합니다!!,37,2024-07-19T15:33:46Z
jLAFCfo5JwQ,설민석씨의 용기는 저희집 아이들의 귀감이 됩니다. 응원합니다.,36,2024-08-06T20:49:16Z
jLAFCfo5JwQ,"역사 강의는 항상 선생님 것을 들었습니다. 유쾌한 설명, 쉬운 설명 매번 감사했습니다. 응원합니다.",36,2024-07-19T23:46:56Z
jLAFCfo5JwQ,이런 사람을 대중들이 용서해줘야 그들의 잘못을 비판해왔던 것에도 의의가 있는거임 비판받고 개선한 사람은 받아줘야지,36,2024-07-25T18:30:46Z
jLAFCfo5JwQ,멋지다 설민석 대처가 현명한 듯 역시<br>이런 힘든 이야기를 정면으로 피하지 않고 돌파 한다는 게 진짜 대단하다. ㄷㄷ,34,2024-09-06T16:02:24Z
jLAFCfo5JwQ,진짜 이렇게 과오를 인정하고 반성하고 다시살아가는 모습을 보여주는것도 참된 어른이 해야할모습인것같습니다,34,2024-07-20T08:52:52Z
jLAFCfo5JwQ,설민석씨 응원합니다.❤❤❤,34,2024-07-20T03:25:00Z
jLAFCfo5JwQ,설민석샘 덕분에 우리나라 역사에 관심을 갖게되었습니다.응원합니다. 선생님,33,2024-07-22T22:37:44Z
jLAFCfo5JwQ,참 현명하신분이구만. 우리나라에 대한 자존감도 높여주시며 재미있게 역사관도 넣어주시고......  최고에요. 그리고 설샘 믿어요. 울 손주도 초등생 설샘 강의 들려주어야겠지요^^ 들려주어야지요. 화이팅 설샘,32,2024-07-26T04:26:25Z
jLAFCfo5JwQ,침대앉아 보다가 눈물찔끔 혼자 박수쳤네요. 멋진어른 설민석. 현재에 충실하며 즐겁게 살게요. +어떠한 어려움이나 고난이와도 keep going ❤,32,2024-07-20T11:06:51Z
jLAFCfo5JwQ,모든 걸 다 인정하고 받아들이고 다시 시작할 수 있는 용기....<br>그 용기에 응원의 박수 드립니다. 리스펙!!!,32,2024-07-21T11:35:58Z
jLAFCfo5JwQ,"지금도  예전도  언제나  응원하고 있습니다,우리 아이들도  너무좋아해요~",32,2024-07-19T15:24:16Z
jLAFCfo5JwQ,글자 하나 더 본 학자들보다 역사스토리텔링으로 교훈을 주는 설민석선생님이 대중에겐 더 필요하다고 봅니다. 극복해가는 과정이시겠지만 잘 극복하시고 좋은 강의 앞으로도 더 많이 들려주시길 응원합니다🎉,31,2024-07-23T12:55:41Z
jLAFCfo5JwQ,진심 응원합니다. 전국민을 대상으로 역사를 흥행시키신 분 정말 소중합니다.,31,2024-07-21T06:29:52Z
jLAFCfo5JwQ,방송에서 보고싶었습니다.  ❤,31,2024-07-27T01:09:49Z
jLAFCfo5JwQ,자기 잘못을 인정하지 않는 정치인들. 거짓과 탐욕으로 가득한 기업인들. 하물며 가족들도 속이고 바람피고 사는 수많은 사람들. 사기꾼들. 다 누군가를 속이고 살지만 잘살아요. 잘못을 뉘우치지도 않아요.<br><br>자신의 잘못을 많은사람들 앞에 다 까발려지고 뉘우치고 용서를 구하고 다시 살아간다는건 용기있는 사람이라는거죠. 스스로에게 자책할 일이 생긴 저도 다시 살아갈 힘이 생기네요.,31,2024-07-25T22:08:49Z
jLAFCfo5JwQ,언급 없이 넘어가는 것보다 이렇게 공식적으로 사과하고 인정하는게 훨씬 좋습니다<br>응원합니다,31,2024-07-21T13:49:12Z
jLAFCfo5JwQ,예전부터 그랬지만 설민석님 항상<br>응원하겠습니다 .. 진심입니다 ✌✌,30,2024-07-21T09:58:52Z
jLAFCfo5JwQ,설민석선생님 강의듣고 저도 제실수 부족함에 실망하고 좌절하고 있었는데  용기를 얻었습니다. 감사합니다!,30,2024-07-19T22:59:17Z
jLAFCfo5JwQ,많이 듣지는 않았지만 설 선생님 같이 역사를 재미있게 알려주고 혁신적인 강의를 하신 분은 거의 없다 <br>강력범죄자도 아니고 이 나라의 역사 부흥을 위해서도 필요한 분임,30,2024-08-10T05:18:47Z
jLAFCfo5JwQ,보기좋네요. 누구나 실수는 할수있자나요. 그걸 극복하고 어떻게 살아가느냐가 더욱 중요할것 같습니다. 설민석 응원합니다. 설민석 파이팅!,29,2024-08-07T10:58:12Z
jLAFCfo5JwQ,설쌤~<br>정말 많이 기다렸습니다.<br>쌤의 용기에 박수를 보냅니다.<br>컴백 감사드립니다 <br>🎉🎉🎉,29,2024-07-22T09:45:13Z
jLAFCfo5JwQ,사람은 실수할수 있죠 오랜만에 보는 설쌤 보기 좋네요 응원합니다! 다른 분들도 너무 그러지 마세요 이제 지켜보면 되죠,29,2024-07-19T17:21:13Z
jLAFCfo5JwQ,설민석 샘 .<br>진솔하고  명료한 말씀과 오류를 수정하기위해 다시 그 출발선에 서신 용기에 박수와 응원을 보냅니다.<br>삶에서 역경을 대하는 태도에서 사람의 가치와 인성이 판가름 난다고 하는데 설샘은 진짜 선생님이 맞으십니다.<br>앞으로 팬이 되어 응원하겠습니다,28,2024-07-21T01:35:43Z
jLAFCfo5JwQ,명강의 입니다. 돌아오셔서 너무 좋아요!!!! 응원합니다!!!,28,2024-07-21T03:04:33Z
jLAFCfo5JwQ,설민석 선생님 응원합니다!,28,2024-08-07T13:00:21Z
jLAFCfo5JwQ,근데 진짜 멋있어요 50대에 다시 대학원을 가다니요ㅠ,28,2024-08-06T23:44:24Z
jLAFCfo5JwQ,인생이 참 멋지네ㅋㅋㅋ 성공만 하는 사람과는 다르게 다른 서사가 있으니까 볼 맛 난 것 같아요,28,2024-07-22T19:02:41Z
jLAFCfo5JwQ,예전이나 지금이나 변함없이 존경해요 저와같은 사람도 많을거에요,27,2024-08-12T03:16:40Z
jLAFCfo5JwQ,이야꾼으로서 최고는 틀림없다.,27,2024-07-20T00:10:03Z
jLAFCfo5JwQ,지난 과오는 잊어버리고 앞일만 생각해요. 사실 표절논문 있어서 꽤 충격은 받았지만 이렇게 살아온 인생의 내막을 알게 되어서 이해가 가네요. 앞으로 설민석쌤 승승장구 하시길 바랍니다.,27,2024-07-19T15:03:05Z
jLAFCfo5JwQ,진정한 어른이다.<br>잘못을 인정하는게 진짜 멋있는 어른.<br>정치하는사람들도 좀 본받자.<br>설민석 응원합니다😊😊😊,26,2024-07-20T11:05:30Z
jLAFCfo5JwQ,진짜 너무 멋있고 존경스럽습니다. 앞으로 더 승승장구 하셨으면 좋겠습니다,25,2024-07-20T13:56:29Z
jLAFCfo5JwQ,설민석은 잘 만들어진 사람이다. 자신을 인정하고 반성하고 사과하고 새로 시작할 힘을 갖고 있는 사람.   인간 그 자체로 제대로 된 사람이다.,25,2024-07-23T02:07:55Z
jLAFCfo5JwQ,잘못을 인정하고 다시 바로잡으려고 노력하면서 살아가시는게 정말로 존경스럽고 멋있습니다! 응원합니다!,25,2024-07-20T01:36:54Z
jLAFCfo5JwQ,설민석님 덕분에 역사에 더욱 관심을 가지고 흥미롭게 공부했는데 ... 용기를 내시고 극복하신 모든과정이 전화위복이 되시길 응원합니다,24,2024-07-20T03:05:54Z
jLAFCfo5JwQ,자신의 잘못을 깨끗하게 인정하고 용기내신 모습이 너무 멋지십니다. 이런 모습이 많은 사람들에게 용기를 줄 것 같아요. 새까만 흑역사 잊으시고 오래오래 백역사 만드시길 바래요🎉,24,2024-07-20T14:01:30Z
jLAFCfo5JwQ,변명없는 깔끔한 사과문 멋있네요,24,2024-07-21T17:04:34Z
jLAFCfo5JwQ,허물 없는 사람 없어요 설민석님 멋져요 응원합니다 앞으로 우리 나라를 위해서 좋은 역사 강의 부탁드려요,23,2024-08-08T08:48:31Z
jLAFCfo5JwQ,역시는 역시다. 😊 설민석 선생님 많이 기다렸습니다. 아들이 아주 많이 기다렸어요 선생님! 다시 돌아와주셔서 진심으로 감사드리고 그간의 순간순간의 수많은 시간을 견디고 이겨내셨을 선생님. 응원합니다. 앞으로 많은 활동 부탁드립니다.❤,23,2024-07-21T01:04:41Z
jLAFCfo5JwQ,설샘 사랑합니다 힘 내시고 역사 선생님으로 남아주세,23,2024-07-29T00:31:32Z
jLAFCfo5JwQ,큰인물은  큰 시련을 주신다<br>우리모두 큰인물의 고통을 감사히 받아들이자~~,23,2024-07-30T02:36:21Z
jLAFCfo5JwQ,속이지않고 정정당당하게 정면돌파하시는 모습이 정말 멋있습니다.<br>잘못은 잘못이지만 온전히 그대로 받아들이는 것에 대해서는 억울한면도 있었을거라 생각합니다.<br>하지만 그런것들조차 짊어가며 비겁하지 않은 행동에 많은 것을 느끼고 갑니다.,23,2024-07-31T12:14:52Z
jLAFCfo5JwQ,인정해줘야함. 재입학한거는 진짜 대단한거..,23,2024-07-24T17:28:18Z
jLAFCfo5JwQ,그래도 난 설민석덕에 수능이후 쳐다도안보던 한국사책다시봤다,23,2024-07-19T16:55:13Z
jLAFCfo5JwQ,말빨은 참좋아 앞으로 털꺼털고 <br>새롭게 잘되셨음 좋겠네요!,23,2024-07-19T14:21:07Z
jLAFCfo5JwQ,눈물나네요<br>여전히 멋지십니다.<br>한계를 돌파하고 계신<br>설민석님을 응원합니다.,22,2024-08-16T23:24:45Z
jLAFCfo5JwQ,역사강의는 설선생꺼가 젤 재밌었는데 그렇게 인고의 시간을 보내시는 동안 많이 그리웠습니다 오점을 당당히 인정하고 다시 앞에 선 모습을 보니 멘탈 또한 평범한 사람이 아님을 실감하구요 앞으로 재밌고 진실된 역사강의 기대하겠습니다,22,2024-07-25T18:32:17Z
jLAFCfo5JwQ,역사 너무 싫어했는데.. 설민석은 진짜 역사의 흥미를 느끼게 해줬지,22,2024-07-21T03:06:25Z
jLAFCfo5JwQ,아진짜 대단하시다..응원해요 설민석쌤<br>쌤 덕분에 역사가 더더더더 좋아시고 관심을 가지게 되었다는,21,2024-07-22T06:40:22Z
jLAFCfo5JwQ,설쌤 강연 저는 넘 좋았어요 뭘 물론 싫어하는 사람들도 있겠죠  <br>가수 홍진영도 무슨 논문표절 논란있었잖아요<br>그리고 시간흘러서 나중에는 방송 활동 한다는 기사 나온거 본적이 있어요 요즘은 tv나 다른활동하는지 잘모르겠지만요 <br>누구는 음주운전 했는데도 옹호해주는데 영상이랑 관련 없는 댓글 없는 써서 죄송해요,21,2024-07-19T14:22:13Z
jLAFCfo5JwQ,같은 강사로서 너무 퍼펙트힌 강연 잘 봤습니다 :) 진심 -&gt; 전달 -&gt; 감동 -&gt; 여운 과 교훈 너무나도 감사하게 잘 봤습니다,20,2024-07-25T18:23:19Z
jLAFCfo5JwQ,더이상 말이 필요 없는... 최고이십니다!  존경하고 응원합니다!,20,2024-07-21T02:14:44Z
jLAFCfo5JwQ,설민석 선생님 너무 기다리고 있었습니다. 다시 꿋꿋하게 더 멋지게 등장하실꺼라 믿고 있었습니다. 역쉬~짱 입니다. 설민석 ❤❤❤,20,2024-07-21T11:32:56Z
jLAFCfo5JwQ,설민석 선생님<br>당신의 삶을 응원하겠습니다,20,2024-07-20T03:33:33Z
jLAFCfo5JwQ,힘내세요!! 인정하고 용기내서 다시 시작하는 설민석 그 자체가 너무 멋진분이라 생각합니다,20,2024-07-21T10:39:58Z
jLAFCfo5JwQ,진정성있는 얘기잘들었습니다<br>세상엔 이런 기회조차없는 많은분들이 있죠<br>굉장히 운이 좋으시네요,20,2024-08-11T22:40:16Z
jLAFCfo5JwQ,이렇게까지 했는데도 욕하는 사람들은 걍 누군가를 비꼬고싶어서 안달났거나 악플다는 게 유일한 인생의 낙인 사람들 뿐입니다..ㅋ 댓글창 처럼 응원하는 사람들이 훨씬 많습니다 진짜 응원합니다!!,20,2024-07-19T18:42:14Z
jLAFCfo5JwQ,설민석 선생님!! 진정한 스승의 모습+감동적인 삶의 이야기 잘 들었습니다!! 이전보다 더욱 승승장구 하세요!!🎉,19,2024-07-21T06:21:37Z
jLAFCfo5JwQ,다른건 모르겠고 다시 뵙게되어 대단히 반갑습니다 사도세자 편 이야기 들으면서 느꼈던 감동 아직도 유효입니다 고맙습니다,19,2024-07-20T12:07:18Z
jLAFCfo5JwQ,비슷한 시기에 저도 똑같은 시련을 겪었는데... <br>지금은 이 영상을 보면서 얼마나 울었는지...<br>설민석 선생님 응원합니다 이 강연 보면서 <br>저도 이제 다시 시작 해보겠습니다 .....,19,2024-07-23T01:38:23Z
jLAFCfo5JwQ,대단하십니다.. 앞으로의 행보 응원하겠습니다!!!,19,2024-07-20T09:35:07Z
jLAFCfo5JwQ,응원합니다.,19,2024-07-19T14:17:31Z
jLAFCfo5JwQ,다시 살아 돌아와줘서 감사합니다.^^ 역사 강의에 더 엄청난 큰 힘이 실릴 것 같네요.  <br>대박 대박입니다.  응원합니다.^^,18,2024-08-07T17:32:34Z
jLAFCfo5JwQ,우리나라 역사에 사람들이 관심가지게 한것만으로도 대단한거임. 응원합니다,18,2024-07-20T11:34:37Z
jLAFCfo5JwQ,”지금부터 시직합니디“ 이멘트 기다렸어요~~,18,2024-08-07T03:23:13Z
jLAFCfo5JwQ,너무 안타까웠고<br>지금은 너무 감격합니다.<br>다시 돌아와주셔서 진심 감사합니다~^^,18,2024-07-30T12:46:03Z
jLAFCfo5JwQ,힘내시고 응원합니다💪🏻,18,2024-07-20T00:11:46Z
jLAFCfo5JwQ,안타까웠는데ㅡㅡ다시뵐수 있어서. 너무. 감사합니다<br>설쌤은. 마음이 따듯해,17,2024-08-30T17:27:53Z
jLAFCfo5JwQ,"저는 오히려 설쌤을 잘 몰랐는데, 아이가 올해 초등학교 5학년에 들어가면서 역사가 들어가있어서 아이 공부를 봐주고 있었는데요. 어떻게 진행을 해야할까하는 막연함에 있다가 설쌤의 역사수업을 유튜브로 모조리 듣고, 왜 그렇게 인기가 많았는지 알게되었습니다. 이번에 자신을 또 증명하기 위해 대학원까지 들어가신 모습을 보니 진정성이 느껴지시네요. 그간 열심히 사신만큼 앞으로 더 멋진 인생이 되시길 바랍니다",17,2024-08-22T14:56:16Z
jLAFCfo5JwQ,용기있는 행동에 박수를 보냅니다!<br>멋지세요! 응원합니다,17,2024-07-22T14:59:30Z
jLAFCfo5JwQ,흑역사 썰도 맛있게 푸네 보통 30분짜리 영상 안보는데 진짜 몰입감 오지네 ㅋㅋㅋ,17,2024-07-25T14:53:39Z
jLAFCfo5JwQ,잘못은 누구나할수있고 그 이후 대처가 너무 대단하시네요<br>다시 성공해서 재기하시길 응원합니다,17,2024-07-22T10:53:10Z
jLAFCfo5JwQ,"음... 자신의 잘못을 받아들이는 것은 대단한데, 왜 표절을 했는지에 대해서도 말을하는게 맞다고 생각합니다. 취소하고 공부하고 졸업하는건 어찌보면 죽기살기로 한것도 맞지만, 설민석은 표절하고 공부를 재대로 해서 합격할수도 있는데. <br><br><br>고개 숙이고 죄송하다고 말을 하고 다른 말을 해도 괜찮았을건데, 조금은 아쉽네요.",17,2024-07-20T16:14:25Z
jLAFCfo5JwQ,잘못하고 인정하고 반성하는것이 중요한것이다.<br>사람은 그걸 못 하기때문에 <br>설민석씨가 대단하고 잘 될 것이라 본다.,16,2024-09-20T22:49:32Z
jLAFCfo5JwQ,진솔하게 다시 노력하시는 모습에 감동받고갑니다 아침부터 눈물나네요. 저역시 힘든시절이 있었습니다. 중요한건 그순간을 그대로 인정하고 다시 나아가는것이더라구요. 다시 방송에서 많이 뵙기를 바랍니다.<br>응원합니다~,16,2024-07-25T23:19:32Z
jLAFCfo5JwQ,말을 너무너무 잘하는 재능이 있는 사람이라 이렇게 다시 나와주는건 사회에 큰 이득이라고 봅니다.,16,2024-07-30T11:53:21Z
jLAFCfo5JwQ,사람은 실수를 합니다.<br>그러면서 배워가고 그러면서 더욱 엎드려져서 겸손함으로 나아가야 된다고 생각합니다. 다시 처음부터 시작하는 설민석님 응원 합니다.,15,2024-09-05T14:57:17Z
jLAFCfo5JwQ,제 아들은 설민석 쌤 인강듣고 공무원시험 합격했습니다..<br>감사드립니다..<br>다시 시작할수 있는 기회라가 여겨져요.<br>응원할꺼,15,2024-08-20T12:32:09Z
jLAFCfo5JwQ,그 어느때보다 멋지고 존경합니다.<br>어떤 역경 고난 불행에도 일어날수있다는 용기 주셔서 너무 감사합니다.,14,2024-09-05T00:13:23Z
jLAFCfo5JwQ,"사과와 반성을 인정해주질 않는 사회분위기가 된것 같아 슬프네요. <br>자신의 과오를 정면에서 마주보고 드러내는것이 얼마나 용기가 필요한 일인지요. <br>얼마나 책임감이 필요한 행동인지요.. <br><br>이런 절실함에도 거부하고, 너그러움 없이 주홍글씨 낙인을 찍어버리면 <br>그 누구도 실수를 인정하지 않고 사과하지않는 무서운 세상이 되어버릴것 같아요.",14,2024-11-13T14:35:09Z
jLAFCfo5JwQ,저렇게 다시 못일어서서 죽은 사람들 많습니다. 잘못은 잘못이고 용기를 내서 용서를 구하는 사람에겐 지켜봐주는게 인지상정.,13,2024-12-04T15:44:59Z
jLAFCfo5JwQ,설쌤때문에  역사를 알게된 한사람으로 잘못을인정하고  나오는건 쉬운일이아니죠 응원합니다❤,12,2024-08-30T20:59:24Z
jLAFCfo5JwQ,용기줘서 고마워요 . 현재라도  충실히. 많은 절망 속에서 위로 얻었어요. 멋진 강의 기대합니다. 배워서 팍팍 나눠주세요. 우리가 역사를 잊지 않도록 ^^,11,2024-09-09T11:48:21Z
jLAFCfo5JwQ,설민석 선생님..모든거 극복하고 다시 돌아와주셔서 감사합니다,11,2024-08-15T02:48:02Z
jLAFCfo5JwQ,"와.. 설민석님 진짜., ㅠㅠㅠ 좋아하지도 싫어하지도않는데 이번 강연보면서 역사에 진심이시구나.. 대단하시다라는 생각으로 그냥 완전 좋아졌어요,,ㅠㅠㅠ 진짜 진짜 화이팅.. 설민석님의 앞길을 진심으로 응원하겠습니다!!!",11,2024-12-05T01:51:34Z
jLAFCfo5JwQ,미쳤다... 진짜 너무 대단한 사람이다,11,2024-08-27T14:23:34Z
wyDGpXwWC80,화이팅! 최고의 말재간,43,2024-08-26T13:24:46Z
wyDGpXwWC80,헐~  이런사람을보고 일타강사라하는구나;;;;<br>유머속에 암기해야할 중요 한국사가 녹아있으니;;;  웃으면서 저절로 암기되는;;;  대단한사람 만쿤,23,2024-10-12T18:35:21Z
wyDGpXwWC80,설렘이 강의 하시면    지루하지도  않고    귀에쏙쏙   들어와요❤❤❤❤,17,2024-08-28T08:33:56Z
wyDGpXwWC80,설샘꺼 듣다가 다른 강사님 교수님 학자님들꺼 잘 못듣겠어요...대한민국 최고 설민석!,16,2024-09-03T15:10:29Z
wyDGpXwWC80,"귀에 쑥쑥 배워지는<br>역사강사 설민석 선생님<br>펜이 되었습니다<br>설민석선생  홧~ 팅",13,2024-09-16T11:29:15Z
wyDGpXwWC80,설민석님은 재밌게 설명 해 주시니까  귀가 쫑긋 집중하게 되네요,12,2024-11-16T05:36:36Z
wyDGpXwWC80,"국사, 세계사 싫어 했어요.  설민석 쌤 강의는 너무 재밌습니다. 목소리, 비쥬얼도 거슬리지 않고요.",12,2024-10-11T08:47:11Z
wyDGpXwWC80,설민석샘이 잘됐으면 좋겠어 요 21세기 최고 역사교수님 으로 임명합니다 ❤우리 조상님들 감사합니다 ❤,11,2024-11-10T08:31:27Z
sT5vMZj6z8Q,설민석님의 진심어린 사과가 느껴졌습니다... ㅠ<br>힘내세요!!! 그리고 지금의 모습 칭찬하고 응원합니다~ 다시 돌아오셔서 아이들에게 위대한 위인들을 살을 이야기해주세요~^^,61,2024-07-21T05:13:05Z
sT5vMZj6z8Q,사람들이 역사에 관심 생기게 한 분중 일조하신  분이라생각함,50,2024-10-13T09:20:38Z
sT5vMZj6z8Q,한국역사를 일깨워준 설민석쌤❤❤<br>말씀도 넘 잘하시고 진심이 보여지는 설민석쌤❤❤❤<br>방송을 보게끔 하는   사람을 홀리게 하는  매력 넘치는 설민석쌤❤  존경해요<br>저에겐 유지태님  보다도 설민석쌤❤ 이 훨 잘생겻네요 ㅎㅎ<br>쌤 화이팅 하세요❤❤❤,49,2024-08-02T23:10:20Z
sT5vMZj6z8Q,귀에 쏙쏙 들어오고 역사가 재미있음 ❤,43,2024-09-22T12:07:49Z
sT5vMZj6z8Q,이제 왜곡역사강의는 그만하세요.,39,2024-08-02T11:08:45Z
sT5vMZj6z8Q,강사님의 역사 강의 계속 듣고 싶어요!!!^^,38,2024-07-23T16:45:30Z
sT5vMZj6z8Q,설쌤덕분에  한국사를  알게되서 아들한테도 얘기해주면서 같이 역사얘기도하고그래요 감사해용❤,35,2024-08-22T01:14:58Z
sT5vMZj6z8Q,감사합니다 <br>당신덕분에 한국사를 사랑하게되었습니다.<br>대한민국의 자긍심을 느끼게 해주신 당신이 정말 존경스럽습니다,31,2024-10-10T15:52:38Z
sT5vMZj6z8Q,한국사나 역사를 일반화 시킨 인물이긴 하지..쉽게 접근하고 재미있게 배울수 있게 만든 공로는 알아줘야지  구전동화 얘기하듯 재밌게 말하는 재주는 타고 난듯,27,2024-07-22T22:31:11Z
sT5vMZj6z8Q,설민석 님처럼 귀에 쏙쏙 강의하는 사람 못봤어요 역사관심없었눈데 넘 잼있게 듣고 있어요~,26,2024-09-13T08:43:03Z
sT5vMZj6z8Q,설쌤 덕분에  한국사  관심가지고  공부했븝니다,24,2024-09-08T06:34:49Z
sT5vMZj6z8Q,두번 잘못 하지 말고 앞으로는 꽃길만 걸으세요... 응원합니다...,23,2024-07-19T16:59:40Z
sT5vMZj6z8Q,설 쌤<br>다시  화면으로 보고 싶은 1인입니다<br>건강하세요,22,2024-10-13T14:17:29Z
sT5vMZj6z8Q,선생님 멋져요<br>응원합니다,21,2024-09-05T16:10:08Z
sT5vMZj6z8Q,뻔뻔하면 사기치기 쉽습니다 겠지 하아 저 인간을 아직도 빨아주는 것들이 있다는 게 개탄스럽다,21,2024-09-19T14:43:21Z
sT5vMZj6z8Q,역사 왜곡하지 마세요,20,2024-09-11T07:15:47Z
sT5vMZj6z8Q,한국역사에  재미를 가지게된 60대입니다. 인문학   철학만 좋아했는데 느지막히  역사에  입문 했어요 감사합니다,19,2024-10-07T23:11:22Z
sT5vMZj6z8Q,학교때 정말 재미없어 했던 역사공부에 설민석쌤 덕분에 흥미가 생겨서 틈틈히 지식을 쌓고 있습니다.<br>감사합니다^^,19,2024-09-08T14:16:18Z
sT5vMZj6z8Q,응원합니다.  설쌤!!!!,18,2024-09-22T23:03:30Z
sT5vMZj6z8Q,8번 떨어지고 들어간게 연영과.. 그런 사람이 역사강사를 한다고???  저자는 역사 왜곡하다 다른 나라에서도 욕먹는 사기꾼,18,2024-09-21T04:04:05Z
sT5vMZj6z8Q,선생님 덕에 한국사 1급 붙었어요.<br>그전에는 3번 떨어졌다는 😂,17,2024-07-26T12:53:21Z
sT5vMZj6z8Q,쌤~~<br>힘내세용!!!!❤❤❤❤❤,16,2024-07-19T10:22:09Z
sT5vMZj6z8Q,애고~~부모님 고생 무지 하셨겠어요. ㅎㅎ 샘 강의는 재밌고 또 재밌어요.,15,2024-10-20T06:46:21Z
sT5vMZj6z8Q,나는 설민석 좋더라<br>이 사람이 강의하면 귀에 쏙쏙 박힌다<br>말투나 톤 말의 속도 다 좋다,14,2024-10-10T15:29:52Z
sT5vMZj6z8Q,민석이 또또또 스믈스믈 나와서 이빨까녹,14,2024-09-16T04:24:43Z
sT5vMZj6z8Q,힘내세요,13,2024-09-24T15:14:00Z
sT5vMZj6z8Q,"중등시절 영,수는 나름<br>한다고 했는데 역사는 영ㅠ<br>설민쌤 강의를 들으며 역사도<br>이렇게 재미난걸<br>뒤늦게 깨달았네요~",12,2024-10-12T03:00:38Z
sT5vMZj6z8Q,잘못을 인정했으니 앞으로 그런 일 없으시길...,11,2024-10-09T14:54:25Z
sT5vMZj6z8Q,대한민국에선 비전문가가 역사강의를 하는대 대해 진짜 역사학자들의 침묵이 아이러니하다. 비전문가의 역사왜곡에도 침묵하는 저의가 뭘까?,11,2024-09-19T05:20:43Z
sT5vMZj6z8Q,저사람 아비를 봐라 철새의 역사를 알거다,11,2024-07-30T15:21:43Z
67DYD2Wog-g,동생을 때리고 합당한처벌을 받지못한 오빠는 교정받지 못하고 장차 아내 아이들 때리는 가정폭력범 되겠지<br>앞으로 더나올 피해자와 오빠 본인이 더 저지를 죄에 부모 책임이 상당히 많다<br>같이 벌받아야됨,316,2024-07-24T16:00:40Z
67DYD2Wog-g,대단하네 의사라는 특권 의식 갖고 그냥 의사 생활에 만족할 수 있는데 정신분석을 3년이나 받고 의사를 넘어서 상담자가 될 준비가 됐던 사람 같네 쉽지 않았을텐데 그런 점이 오은영을 만들어 낸 것 같네,244,2024-07-20T16:22:36Z
67DYD2Wog-g,"오은영선생님.... 이 생에서, 힘든 사람에게 길을 보여주고 갈수 있는 힘을 많은 사람들에게 주신 복덕이 이 생과 다음 생에 선생님께 다 되돌려 져서 반짝반짝 빛나고 매 순간순간 행복 하시길...♡",235,2024-07-20T03:36:56Z
67DYD2Wog-g,"따님이 용서도 안 되기도 할 테지만, 두려움 , 트라우마도 심할텐데 다시 오빠란 사람을 만나게 하는 건 부모의 욕심이자 또 다른 가해네요. 부모와도 연을 끊는 게 좋을 것 같아요.",218,2024-07-20T15:08:45Z
67DYD2Wog-g,저랑 똑같은 사연이라 놀랬네요...하 <br>저희 엄마도 저 맞는거 보기까지 했으면서 그대로 방치..... <br>나이드니까 지금와서 잘 지내길 바라고 싫다는 저를 이상하게 보죠.<br>사람 감정이라는것과 용서라는것은 타인이 결정할게 아닌데 부모라는 이유로 <br>용서하고 잘 지내라고 하면 그게 되나요 그것도 다 큰 어른인데ㅎㅎ. <br>오히려 억울함과 거부감만 더 심해질거에요.<br>제 감정 다 이야기 했는데도 안통하니까 <br>저는 그런 부모랑 거리를 두려고 합니다. <br>오은영 박사님 말씀대로 부모를 미워해도 나쁜 사람 아니에요.,153,2024-07-20T13:41:37Z
67DYD2Wog-g,옛 부모님들이 다들 오빠말 잘들으라고  오빠에게 맞으면 오빠에게 대들어서 그렇다고 동생을 꾸짖었어요. <br>바뀌어야 합니다. <br>죽지 않을 정도로 때리다니 있을수 없는 일입니다. 아무리 형제라도 경찰에 고발 해야 합니다 . 부모가 하면 아동학대 자식 학대이고  오빠가 때리면 학대 아닙니까?  참지 마세요!!<br>이런일 당하시면 바로 경찰에 연락해야 합니다. 부모도 말리시면 안됩니다. 서로 고쳐줘야 자신의 삶을 바로 살아갈수 있습니다.,145,2024-07-22T09:02:14Z
67DYD2Wog-g,"친부모 맞나?? 오빠란 놈이 지 동생,,그것도 여자애 를 그리 폭행 했는데,,,,2차 가해자 부모란 놈들이 더 용서 가 안되지?? 난 제 3 자인데,,,,",122,2024-07-31T05:57:45Z
67DYD2Wog-g,전 이보다 더한가족들과 연끊고 삽니다. <br>이방송 재방송으로 보면서.  마음을 조금 다스려봅니다 … <br>전 엄마가 오빠가에게 외벌이 엄마가 나가면 오빠는 그럽니다. 엄마가 오늘 니 때려도된다라고했다. 라고 ..  전 초등 중딩까지 입술이 터지고 죽도록 맞았습니다. 결국 고딩때 집나왔어요. 그래도 이십대때까지는 집을. 찾다가. 30후반부터 그들은 변하지 않았다는걸 본순간. 물론 다른 사건이 있었지만. 전 그냥 연끊기로했습니다. <br>얼마전 오빠는 돈빌려달라는 문자를 보내더군요. 고작 300이 없어서 … 불쌍해서 빌려줬습니다. 전 다행히 그정도는 없어도 삽니다. 달달이 갚고있지만. <br>오은영선생님 말씀처럼 꼭 가족을 사랑하지않아도된다 …. 가족을 등지고 나름 죄책감이 있었는데. 이제 떨치려합니다. <br>잘봤습니다.,74,2024-07-20T07:30:35Z
67DYD2Wog-g,저도 중학교 시절 이혼하고 나가버린 생모가 저 말을 자주하곤 했어요 죽지 않을 만큼 맞아라 정말 많이 폭행당했는데 사랑의 매는 좋지만 감정이 담기면 저처럼 평생 후유증을 달고 살게됩니다,56,2024-07-20T03:17:02Z
67DYD2Wog-g,그 오빠  아무이유없이 때린거라면 분명히 배우자도  자식도 때릴수있다고 봅니다<br>부모가 폭력을 키웠네요,51,2024-07-25T01:56:45Z
67DYD2Wog-g,에휴 이 좁은 땅 위에 아들은 받들고 딸은 미워하는 부모가 어찌 이리 많은지..<br>저 집 부모는 아들 방생말고 평생 데리고 살아라! 더 늙으면 대신 맞고 살겠네 그땐 피하지 마시길! 따님은 연 끊고 힘내시고,50,2024-08-28T23:20:00Z
67DYD2Wog-g,"오은영 박사님,  선생님이 계신 세대에 살고 있어 참 행운입니다. 감사합니다.",50,2024-07-23T13:13:36Z
67DYD2Wog-g,"초등학교때 할머니 말실수로 오빠들이 내 친오빠가 아니라는 말을 들었음에도 내가 난리치면 왠지 안될것 같아 말안하고 그 혼란을 혼자 겪었습니다. 나중에 사실을 얘기할때 “그게 뭐” 하고 말았던 기억이 있네요..<br><br>큰오빠에겐 나이차이가 많이나는 오빠에게 유아시절 성폭행 당했던걸 잊고살다가 나이가 들어 성에 대해 알게 되면서 그게 갑자기 어느날 기억이나 너무 힘들었어요 그래도 이일이 갑자기 알려지면 집안이 다 힘들어질까봐 대학생이 될때까지 아무말 없이 살다가 엄마랑 크게 싸웠던 어느날 너무 힘들어서 엄마도 힘들겠지만 나도 이만틈 힘들었다며 그때일을 얘기하고 엄마는 난리가 났어요 ㅠ 화가나서 아빠랑 할머니에게 말했는데 아빠랑 할머니가 이제 큰오빠 결혼도하고 딸도 낳았는데 이제와서 그걸 따져뭐하냐 라는 식으로 말했다고 엄마가 그러더라구요… 그날이후 아빠랑도 항상 전화해서 사랑한다 했던 할머니에게도 갑자기 한순간에 오만정이 떨어져 아빠는 한두달에 한번, 할머니는 아에 연락  끊어버렸어요. 더 사랑할수록 더 실망이 큰 법이더라구요. 할머니는 그일이 있은 후 십년이 지나도록 왜 제가 연락도 안하고 찾아오지도 않는지 몰라요. <br><br>제가 매정하다 할진 몰라도 그때 받은 배신감과 상처는 정말 말도 못하거든요. <br><br>그일이 있고나서 저도 저렇게 죽기 직전까지 맞은건 아니지만 작은 오빠한테 주먹으로 맞은적이 있는데<br>큰오빠도 아빠도 거기 있었지만 <br>“야!” 하고 소리만 칠뿐 오빠를 야단치지도 절 위로 하지도 않는 아빠를 보고<br>오빠에 대한 미움보다<br>아빠에게 다시한번 큰 실망을 했습니다<br>아빠는 언제나 결국 나보다 오빠편이란걸 알았는데 그걸 정말 생각만하고 있다가 몸소 느낀 사건이였는데 너무 화가나서<br>바로 경찰서 가서 오빠를 가정폭력으로 신고 했어요.<br>그 이후 아빠에게 정말 가끔 형식적인 안부전화말곤<br>뭐 따로 하는것도, 걱정하는 마음도 뭣도 안생기더라구요…  내가 그래도 아빤데 이래도 되나 싶을때가 있다가도 전 그때 생각만하면 눈물이 멈추질 않습니다<br>아빠도 있고 오빠도 두명이나 있고 할머니도 있지만 진심으로 날 사랑해주는 사람은  없구나 엄마뿐이구나 그래서 전 엄마말곤 아무도 신경 안씁니다…",45,2024-07-31T20:18:36Z
67DYD2Wog-g,보복해....... 당하지말고....,24,2024-07-20T03:06:22Z
67DYD2Wog-g,강약약강의 인간이 제일역겹지,21,2024-07-20T10:06:40Z
67DYD2Wog-g,같이할 누군가가 없다는게 더 힘들거는요..,15,2024-07-20T08:14:29Z
UD6ueJdgnug,흔히 인터넷에서 쓰는 신조어들 가지고 한글 파괴라고 하는데 정작 세종대왕이라면 한글을 재미있게 사용한다고 기뻐할 듯. ㅎㅇㅎㅇ 이런 것도 한글이어서 표현할 수 있는 방식인데 정형화된 규칙만 따라야 한다니....,41,2024-09-03T12:00:16Z
UD6ueJdgnug,한국사 대모험시즌2 나오길,30,2024-09-03T08:27:50Z
UD6ueJdgnug,티빙으로 13화까지 모두 재미있게 봤습니다~ 13화까지 시즌1인건가요? 이런 뜻깊고 역사인물에 대해 공부가되는 애니는 계속 나와줬으면 좋겠습니다 :),14,2024-09-06T07:56:55Z
UD6ueJdgnug,"[<a href=""https://www.youtube.com/watch?v=UD6ueJdgnug&amp;t=1031"">17:11</a>]세종대왕: 네 이놈, 당장 그만두지 못할까!",11,2024-09-03T08:04:55Z
YQisx_-C8Jg,"감히 우리의 역사에 함부로 손을 대다니... X맨, 너 이녀석! 절대로 용서하지 않겠다!!!",21,2024-09-09T01:32:18Z
YQisx_-C8Jg,와... 드디어 이순신 장군!<br>설민석 쌤 사랑해요!❤😊🎉😊❤,17,2024-09-10T09:50:01Z
YQisx_-C8Jg,필사즉생 필생즉사 죽고자하면 살고 살고자하면 죽을것이다!,15,2024-09-10T08:23:12Z
YQisx_-C8Jg,"한국사 대모험에 태조이성계,태종이방원,명성황후도 나오면 좋겠다..",14,2024-09-10T09:26:49Z
jBoiPA2BCpw,내가 역사연구자라면 안중근 의사님의 유해를 꼭 찾아서 한국에 묻어주고 싶다...,15,2024-09-17T10:39:42Z
oTYb3vx2SAw,"역사를 너무 경솔하게 다루지 마세요  무신정권은 고려사의 불가피한 상황이었고, 한국사의 한 부분입니다",14,2024-08-03T14:10:03Z
WU8WoZ_LyMM,설민석 선생님<br>활동 이많았으면 좋겠읍니다 <br>힘내세요,16,2024-09-02T08:44:43Z
WU8WoZ_LyMM,선생님 덕분에 관심을 갖게 되었습니다~ 감사합니다. 응원하겠습니다,14,2024-09-06T04:15:54Z
uARUDvr5E8Q,"아,철세~~",12,2024-07-28T00:05:48Z
uARUDvr5E8Q,",철새중 철새였네.",11,2024-07-28T08:33:28Z
