Office,Date,Link,Identity
경향신문,2020.12.29,https://n.news.naver.com/mnews/article/032/0003051282?sid=102,n0003051282
국민일보,2020.12.29,https://n.news.naver.com/mnews/article/005/0001395803?sid=102,n0001395803
국민일보,2020.12.29,https://n.news.naver.com/mnews/article/005/0001395690?sid=103,n0001395690
동아일보,2020.12.29,https://n.news.naver.com/mnews/article/020/0003329117?sid=102,n0003329117
동아일보,2020.12.29,https://n.news.naver.com/mnews/article/020/0003329136?sid=102,n0003329136
동아일보,2020.12.29,https://n.news.naver.com/mnews/article/020/0003329096?sid=102,n0003329096
서울신문,2020.12.29,https://n.news.naver.com/mnews/article/081/0003151650?sid=103,n0003151650
서울신문,2020.12.29,https://n.news.naver.com/mnews/article/081/0003151705?sid=103,n0003151705
,2020.12.29,https://m.entertain.naver.com/article/081/0003151702,m0003151702
,2020.12.29,https://m.entertain.naver.com/article/022/0003537707,m0003537707
,2020.12.29,https://m.entertain.naver.com/article/022/0003537645,m0003537645
조선일보,2020.12.29,https://n.news.naver.com/mnews/article/023/0003586516?sid=103,n0003586516
조선일보,2020.12.29,https://n.news.naver.com/mnews/article/023/0003586483?sid=100,n0003586483
조선일보,2020.12.29,https://n.news.naver.com/mnews/article/023/0003586536?sid=102,n0003586536
조선일보,2020.12.29,https://n.news.naver.com/mnews/article/023/0003586506?sid=103,n0003586506
중앙일보,2020.12.29,https://n.news.naver.com/mnews/article/025/0003065448?sid=103,n0003065448
중앙일보,2020.12.29,https://n.news.naver.com/mnews/article/025/0003065430?sid=102,n0003065430
중앙일보,2020.12.29,https://n.news.naver.com/mnews/article/025/0003065358?sid=102,n0003065358
중앙일보,2020.12.29,https://n.news.naver.com/mnews/article/025/0003065170?sid=110,n0003065170
,2020.12.29,https://m.entertain.naver.com/article/028/0002526365,m0002526365
한국일보,2020.12.29,https://n.news.naver.com/mnews/article/469/0000567146?sid=103,n0000567146
,2020.12.29,https://m.entertain.naver.com/article/469/0000567123,m0000567123
