Office,Date,Link,Identity
경향신문,2020.12.30,https://n.news.naver.com/mnews/article/032/0003051488?sid=103,n0003051488
경향신문,2021.01.08,https://n.news.naver.com/mnews/article/032/0003053007?sid=102,n0003053007
국민일보,2020.12.30,https://n.news.naver.com/mnews/article/005/0001396061?sid=103,n0001396061
국민일보,2020.12.30,https://n.news.naver.com/mnews/article/005/0001396164?sid=102,n0001396164
국민일보,2020.12.30,https://n.news.naver.com/mnews/article/005/0001395960?sid=103,n0001395960
,2020.12.30,https://m.entertain.naver.com/article/005/0001395913,m0001395913
,2020.12.31,https://m.entertain.naver.com/article/005/0001396256,m0001396256
,2021.01.06,https://m.entertain.naver.com/article/005/0001398174,m0001398174
동아일보,2020.12.30,https://n.news.naver.com/mnews/article/020/0003329214?sid=103,n0003329214
동아일보,2020.12.30,https://n.news.naver.com/mnews/article/020/0003329326?sid=103,n0003329326
동아일보,2020.12.31,https://n.news.naver.com/mnews/article/020/0003329656?sid=102,n0003329656
동아일보,2021.01.06,https://n.news.naver.com/mnews/article/020/0003330625?sid=102,n0003330625
,2021.01.22,https://m.entertain.naver.com/article/020/0003334226,m0003334226
문화일보,2021.01.22,https://n.news.naver.com/mnews/article/021/0002457670?sid=103,n0002457670
서울신문,2020.12.30,https://n.news.naver.com/mnews/article/081/0003152014?sid=102,n0003152014
서울신문,2020.12.30,https://n.news.naver.com/mnews/article/081/0003152018?sid=103,n0003152018
서울신문,2020.12.30,https://n.news.naver.com/mnews/article/081/0003151794?sid=103,n0003151794
서울신문,2020.12.31,https://n.news.naver.com/mnews/article/081/0003152062?sid=102,n0003152062
,2020.12.31,https://m.entertain.naver.com/article/081/0003152332,m0003152332
서울신문,2020.12.31,https://n.news.naver.com/mnews/article/081/0003152152?sid=110,n0003152152
서울신문,2021.01.09,https://n.news.naver.com/mnews/article/081/0003154475?sid=102,n0003154475
서울신문,2021.01.16,https://n.news.naver.com/mnews/article/081/0003156340?sid=103,n0003156340
서울신문,2021.01.18,https://n.news.naver.com/mnews/article/081/0003156575?sid=103,n0003156575
세계일보,2020.12.30,https://n.news.naver.com/mnews/article/022/0003537881?sid=102,n0003537881
세계일보,2020.12.30,https://n.news.naver.com/mnews/article/022/0003538127?sid=102,n0003538127
세계일보,2020.12.30,https://n.news.naver.com/mnews/article/022/0003538186?sid=102,n0003538186
세계일보,2020.12.30,https://n.news.naver.com/mnews/article/022/0003537900?sid=102,n0003537900
세계일보,2020.12.30,https://n.news.naver.com/mnews/article/022/0003538018?sid=102,n0003538018
세계일보,2020.12.31,https://n.news.naver.com/mnews/article/022/0003538343?sid=102,n0003538343
세계일보,2020.12.31,https://n.news.naver.com/mnews/article/022/0003538318?sid=102,n0003538318
,2021.01.03,https://m.entertain.naver.com/article/022/0003538916,m0003538916
,2021.01.05,https://m.entertain.naver.com/article/022/0003539733,m0003539733
조선일보,2020.12.30,https://n.news.naver.com/mnews/article/023/0003586805?sid=102,n0003586805
조선일보,2021.01.02,https://n.news.naver.com/mnews/article/023/0003587291?sid=110,n0003587291
중앙일보,2020.12.30,https://n.news.naver.com/mnews/article/025/0003065820?sid=103,n0003065820
중앙일보,2020.12.30,https://n.news.naver.com/mnews/article/025/0003065517?sid=102,n0003065517
중앙일보,2020.12.30,https://n.news.naver.com/mnews/article/025/0003065764?sid=102,n0003065764
중앙일보,2020.12.31,https://n.news.naver.com/mnews/article/025/0003065954?sid=110,n0003065954
중앙일보,2020.12.31,https://n.news.naver.com/mnews/article/025/0003066094?sid=102,n0003066094
중앙일보,2021.01.04,https://n.news.naver.com/mnews/article/025/0003066588?sid=103,n0003066588
중앙일보,2021.01.05,https://n.news.naver.com/mnews/article/025/0003067226?sid=102,n0003067226
,2021.01.22,https://m.entertain.naver.com/article/025/0003071784,m0003071784
한겨레,2021.01.08,https://n.news.naver.com/mnews/article/028/0002527783?sid=102,n0002527783
한겨레,2021.01.19,https://n.news.naver.com/mnews/article/028/0002529168?sid=110,n0002529168
한국일보,2020.12.30,https://n.news.naver.com/mnews/article/469/0000567483?sid=103,n0000567483
,2020.12.30,https://m.entertain.naver.com/article/469/0000567481,m0000567481
,2020.12.30,https://m.entertain.naver.com/article/469/0000567261,m0000567261
,2020.12.31,https://m.entertain.naver.com/article/469/0000567738,m0000567738
,2021.01.07,https://m.entertain.naver.com/article/469/0000569614,m0000569614
한국일보,2021.01.08,https://n.news.naver.com/mnews/article/469/0000569793?sid=102,n0000569793
,2021.01.22,https://m.entertain.naver.com/article/469/0000574116,m0000574116
