﻿Video_ID,comment_text,comment_likes,comment_date
wjqCdLk4lKA,설득력도있고 재밌었는데 제데로공부해서정확히 강의해주세요 4 3사건 강의는 폅협적이었어요 좌파기질이 다분했죠 정직하게삽시다,285,2021-01-02T11:22:32Z
wjqCdLk4lKA,표리부동한 인가들ㅡ<br>국민의 세금으로  지돈처럼  뿌려<br>인기사기로 살아온 인간둘ㅡ<br>그들은 언제까지 국민을<br>속일려는  속성ㅡ<br>국민을  구렁턱으로 몰아가는<br>파렴치한 양심ㅡ,273,2021-01-02T11:19:20Z
wjqCdLk4lKA,&#39;&#39;이재명 전과내역을 온 국민은 알아야 합니다 &#39;&#39;공무집행방해. 공무원사칭등 무섭네요!!!🍒👿,259,2021-01-02T11:12:54Z
wjqCdLk4lKA,이죄멍이가지돈아닌세금가지고 재난지원금잘줘서 지지도가높은모양인데<br>과연나라와국민들의삶과질을높일수있을까요?,255,2021-01-02T11:38:54Z
wjqCdLk4lKA,역시 설민석씨 깔끔하시네요<br>그러나 역시 정치인들은<br>지저분합니다<br>조국 이재명등등등...<br>정치인들 모든게 구질구질<br>철면피들<br>앞으로 지저분한 사람들<br>찍어주지 맙시다<br>잘못을 인정하고<br>공손한 사람도많습니다.<br><br>국이 갱심이 등등<br>이시대 뻔뻔한 인간들<br>영원히퇴장하세요,222,2021-01-02T11:10:40Z
wjqCdLk4lKA,"조국과 김상곤,이재명  모두가 논문 표절을<br>했다 ,허나 이들은 잘못을 뉘우치지는 않고<br>이들은 그때는 그랬고 시효가지났다고했다<br>그러나 설민석과 김민경은 표절을 깨끗이 인정하고 물러났다,",221,2021-01-02T11:18:08Z
wjqCdLk4lKA,이재명 조국 이제는 국민들은 너희들 잔머리에 농락 당하지 않을 것이다  이제는 국민들이 너무 농락 당했다는 것을 알았다,215,2021-01-02T11:44:23Z
wjqCdLk4lKA,나라는  중도로써ㅡ덕으로써<br>다스리고  국민과함께 해야지<br>동호회모임도  아니고   자기편사람만<br>장관자리에  앉혀   국민을   갈라치고<br>이런  독단적인  사람들은<br>절대로   대통령이   되어선   않됨.,201,2021-01-02T11:10:44Z
wjqCdLk4lKA,가족과 욕하며 싸우는 이재명<br>과거의 자신과  싸우는 조국 모두 망해라,199,2021-01-02T11:26:08Z
wjqCdLk4lKA,요즘ㅡㅡ자기돈  마냥<br>마구  퍼주는  정치인들?<br>실효성 없는   돈을    세금으로<br>자기 인기관리?,191,2021-01-02T11:05:57Z
wjqCdLk4lKA,조국이나 이재명이나 진실성을 찾을수가 없었다.<br>누가 누구를 비난을 해?<br>설민석은 솔직하기나 하지?,190,2021-01-02T11:18:06Z
wjqCdLk4lKA,"진정한 정치인은 국가와 국민을 위해 무엇을 할 것인가를 국민에게 말하고, 정치꾼은 정치란 단어에 매 국민위에 군림, 권력을 쓰며 위선을 부리는 자며 그냥 국민의 피와 땀을 빨아먹 정치꾼일 뿐이다.",184,2021-01-02T11:29:59Z
wjqCdLk4lKA,조국  이재명  어느나라 사람입니까,171,2021-01-02T11:03:01Z
wjqCdLk4lKA,이재명 넌 대권주자 나가면 대한민국이 문재인보다 더 위험해진다.<br>이재명 벌금 전과 4가지<br>1. 무고 및 공무원 사칭 150만원<br>2. 도로교통법 위반 음주운전 150만원<br>3. 특수공무집행방해 및 공용물건손상 500만원<br>4. 2010년 지방선거 공직선거법 위반 50만원,168,2021-01-02T11:06:19Z
wjqCdLk4lKA,"국민 여러분 자기가 열심히 돈을 버려 식구가 다 먹고 살면서 자기 집에서 놀고 생활하는 식구들이 자기를 <br>왕따 시키면 어떤 생각이 들까요 <br>억울하고 죽고싶은 심정 이겠지요<br>여러분들도 작은 사업을 해 보세요 <br>깨끗하고 투명하게 사업이 됩니까 <br>세계적으로 사업을 하면 후진국가 권력자들은 돈을 요구합니다 <br>대기업들은 장기적으로 큰 이익이 되면 돈을 주고도 투자합니다 <br>세계적인 대기업이 깨끗하게 투명하게 사업을 할 수 있습니까 <br>삼성그룹은 우리나라 간판입니다<br>국익을 창출하기 위해 밤낮으로 노력하는 삼성그룹 이재용회장님을 징역9년을 받았다고 합니다 <br>기업인은 평생으로 기업받게 모르는 사람들이다<br>대통령들이 돈이 필요하면 권력을 앞세워 협박하면 돈 안줄 사람이 있습니까 <br>대기업을 하면 약점은 누구나 다 있다 <br>당신들이 사업을 한번 해보세요 <br>세상에 사기치고 돈 뜯어 먹는 정치인 권력자들 나쁜 인간들이 엄청나게 많다 <br>이재용 회장님이 어떤 죄로 징역 9년을 받습니까<br>세계 1등 기업은 우리나라 기업이 아니고 세계 기업이다<br>또 이재용 회장님은 세계 인이다<br>세계 인간들에게  먹칠하고 있다 <br>어떻게 세계로 다니면서 사업을 하겠습니까 <br>존경을 해주지 않고 매장을 시키고 있다 <br>정치인들과 권력자들은 추잡한 존재들이다<br>나라와 국민들은 없고 자기들 밖에 모른다 <br>나라를 팔아 먹고 망치는 자들이다 <br>권력을 앞세워 강압적으로 돈을 달라고 하면 누구나 자기가 살기위해 돈을 다 준다 이것이 죄가 됩니까 무죄다 힘으로 돈을 뜯어가는 사람만 죄를 받아야 한다 <br>예를 들어 깡패, 강도가 돈을 달라고 할때 돈을 주면 죄가 됩니까  대가성아라는 죄목을 부친다 법이 약자를 보호해주지 않고  죄를 준다  나쁜 사람들 법 자체가 잘못 되었다 <br>나는 대기업인들을 존경합니다 <br>이재용 회장님을 세계로 사업할 수 있게 자유의 몸으로 풀어 주세요<br><br>나쁜 생각을 가진 사람은 자기가 억울하게 한번 당해보세요<br>인간들은 자기 받게 모른다 남을 먼저 생각하면 복 받는다 <br>믿음이 중요한 것이 아니고 자기 마음을 잘 쓰라",167,2021-01-02T11:12:57Z
wjqCdLk4lKA,저런 전달력 좋은 사람들이 빨갱이 선동가가 된다면 참 무서운 일이 생기겠죠?<br>다시 활동할때는 대한민국 국민이 애국심을 가질수 있는 멋진 강의로 다시볼수 있길..,157,2021-01-02T11:30:08Z
wjqCdLk4lKA,추~<br>동부구치소 빈방있어요 <br>아들과사이좋게 손잡고<br>푹~15년<br>살다나오세요,148,2021-01-02T11:01:16Z
wjqCdLk4lKA,잘난척 하는넘들 우기기는 재판으로 판결해야 하구<br>염치와 도덕은 마지못해 하는것<br>이런세상  쭈욱갑니다,148,2021-01-02T11:18:44Z
wjqCdLk4lKA,정치인들이  제일 욕심많고<br>구질구질 추잡스럽다,128,2021-01-02T11:25:44Z
wjqCdLk4lKA,정치견들 뻔하지 머<br>사람되면 정치 떠나야 허니<br>ㅎ,120,2021-01-02T11:07:43Z
wjqCdLk4lKA,"나와 맞는 정당테스트라는데 <a href=""http://m.site.naver.com/0J7hS"">http://m.site.naver.com/0J7hS</a><br>전 국민의힘 나오네요... ~",114,2021-01-02T11:11:10Z
wjqCdLk4lKA,이재명은 기본 인성을 갖추지 못한사람인 듯~설민석씨 강의 재밋엇는데 그랫군요 양심은 살아잇엇군요~,101,2021-01-02T11:19:53Z
wjqCdLk4lKA,두번다시 민주당좌빨찍으면안됩니다,98,2021-01-02T11:16:10Z
wjqCdLk4lKA,무조건 정권교체해야 합니다. 야당으로,95,2021-01-02T11:12:49Z
wjqCdLk4lKA,"설민석의 역사이야기는 참 재밌었는데 안타깝네..<br>쉬면서 공부도 많이하고,<br>또 다른 모습 기대합니다..<br>정치인들도 배워라..<br>잘못을 인정해야지..",93,2021-01-02T11:11:51Z
wjqCdLk4lKA,"오리발 ... 이재명 , 조국은 부끄러운줄 알아라",90,2021-01-02T11:24:45Z
wjqCdLk4lKA,설민석 좌편향적 역사왜곡 분통터졌었는데ᆢ 잘 됐네요.,80,2021-01-02T11:26:42Z
wjqCdLk4lKA,어째서 이재명같은 자가 대권후보중에서  계속  지지율 상위권을 유지하는거지?,71,2021-01-02T11:15:01Z
wjqCdLk4lKA,"좌파, 친북, 종북, 주사파들은 보수로 마음바꿔라",70,2021-01-02T11:12:10Z
wjqCdLk4lKA,그럴 양심이나 있었다면<br>대한민국정치가 이렇게 엉망진창이<br>되었을까,69,2021-01-02T11:17:54Z
wjqCdLk4lKA,어떻게  설문조사를  했길래  이 재명이  대선 1위인가요? 국민들이여  이번엔  정말  투표 잘해야합니다,67,2021-01-02T11:41:02Z
wjqCdLk4lKA,설민석씨 태도가 좋습니다 .문재인  임금님 배우십쇼. 남의탓 하지 마시고 내탓이라고....<br>문정권 일꾼들 모두 문재인  임금님께서  임명 하셨잖아요.....머리숙이고 가슴에 손을 대고 진심으로 반성 하시고 국민들에게 사과 하시라,65,2021-01-02T11:10:40Z
wjqCdLk4lKA,아니다. 설민석의 좌편향적 역사날조와 왜곡된 역사 재창조 거짓선동이 국가와 민족과 국민에게 끼친 해악은 3천번의 죽음으로도 갚을 수 없다. 다른 이들이 끼친 해악은 차라리 개인적이다.,63,2021-01-02T11:45:30Z
wjqCdLk4lKA,안녕하세요 언제나 좋은 말씀 공감 합니다,62,2021-01-02T11:08:37Z
wjqCdLk4lKA,몇번시청햇는데 저도속앗죠<br>제가 무식한탓인것같아요,61,2021-01-02T11:05:29Z
wjqCdLk4lKA,이재명이 그런 종류의 나쁜얘 였구나 재명아 후배한테 한수 배워라,59,2021-01-02T11:27:07Z
wjqCdLk4lKA,사필귀정 절대 천벌  :  고주몽TV에서는 사필귀정 절대천벌을 정론으로 결정했습니다. 나쁜 짓을 하는 범죄자는 하늘이 반드시 천벌을 내린다.,55,2021-01-02T11:50:15Z
wjqCdLk4lKA,뚜꺼운낮빤대기를가진자 이니까 아무잘못을못느낌 먼저인간이되거라,55,2021-01-02T11:20:34Z
wjqCdLk4lKA,참 공통된점은 변명과 거짓말로 인생을 먹고 사는 사람들이네요.<br>절대 이념에 가득차있는 당신들 말 믿지 않을거며 신뢰하지도 않습니다.,53,2021-01-02T12:07:09Z
wjqCdLk4lKA,설민석도 보가 좋게 토사구팽을 당한거라 분석되는군요,51,2021-01-02T11:18:46Z
wjqCdLk4lKA,설민석씨 반성 남자답네요.<br>깔끔 상큼 합니다.<br>다시 공부해서 석사 박사 정식으로 할 충분한 나이.<br>박수보냅니다.,50,2021-01-02T11:13:27Z
wjqCdLk4lKA,학위제도는 진짜  없어져야돼  인정하든 오리발내밀던  사기치고포장할려고 대학이라는 돈먹는집단이장난치는거아이가,49,2021-01-02T11:13:33Z
wjqCdLk4lKA,사람은 잘못에 대하여 사과를 하지만 사람 아닌것들은 변명과 관행이라고 한다- - - -테스형.,44,2021-01-02T12:50:54Z
wjqCdLk4lKA,"그동안의 설민석이 행했던 역사 왜곡과 조작된 내용으로 연극을 하듯이 했는데, 역사는 그저 재미가 아닙니다.예능감으로 역사를 청취한 대중들의 역사 인식과 그 의식 수준도 저질스러운 수준입니다. <br>하지만, 지금부터라도 대한민국의 근현대사의 역사를 제대로 배워 봅시다. 이승만학당, 온라인 강의를 강력하게 추천합니다",40,2021-01-02T11:22:35Z
wjqCdLk4lKA,진 성호 방송 화이팅 🙌,39,2021-01-02T11:05:45Z
wjqCdLk4lKA,설민석 그나마 영리하네요,39,2021-01-02T11:09:54Z
wjqCdLk4lKA,설민석 교묘하게 약삭빠르게<br>빠져나가는군요  퍼질러 놓은 오류의 역사는 어떻게하고,39,2021-01-02T11:32:57Z
wjqCdLk4lKA,저런 인간들이 대통령이 된다면  과연 우리 앞날이 소망이 있을까?  <br>국민들의 지혜가 절실히<br>필요할때라 생각한다!!!,38,2021-01-02T11:57:12Z
wjqCdLk4lKA,"이재명 .조국.가나안농군학교<br>학명증하나.지도자가되려는자는.자신을.채찍하라이것은.<br>인문학.학자인.김용기옹의말씀<br>입니다.저는,.농군학교14기생.",37,2021-01-02T12:21:25Z
wjqCdLk4lKA,사람이  아닌  조국  방송 에서 이야기하면 수준이 낮아지니 등장시키면 안돼 요,36,2021-01-02T11:19:46Z
wjqCdLk4lKA,설민석  ㅡ좌파역사선생!,35,2021-01-02T11:26:52Z
wjqCdLk4lKA,설민석선생님  그레도<br>바로시인하시고<br>인정하셔서<br>멋지십니다 실력있으십니다,34,2021-01-02T11:19:37Z
wjqCdLk4lKA,양심이 있는 인물은 용서를 해 줄 수 있지만 뻔뻔하게  변명만 늘어 놓는 자들은  영구 퇴출이 답,33,2021-01-02T11:47:10Z
wjqCdLk4lKA,좋아요,32,2021-01-02T11:09:13Z
wjqCdLk4lKA,설 씨 .도친개친   아니가요<br>잘못 을 인정 하여으니 좀더 두고봅시다.<br>여전히 죄파적  행위가 변하지안으 면 .....,32,2021-01-02T12:04:16Z
wjqCdLk4lKA,이재명 이제는 앉은자리가 탄탄 하게 자리 잡았다고 생각 되는가 보다,32,2021-01-02T12:04:40Z
wjqCdLk4lKA,설민석<br>바람과 함께 사라지다 !,31,2021-01-02T11:07:26Z
wjqCdLk4lKA,조국보다 나은 역사계의 김제동...,28,2021-01-02T11:04:40Z
wjqCdLk4lKA,진의원♥<br>힘내세요♥<br>애국의 변..좋아요♥아주...,27,2021-01-02T11:25:39Z
wjqCdLk4lKA,설민석  쿨하네    대통령님과  정치인들보다  아주쿨합니다  기본양심  이양반은 성향이  아직도  살아있습니다   그누구보다 존경합니다  싶지않았을텐데 ㆍ,25,2021-01-02T11:30:22Z
wjqCdLk4lKA,"이재명씨는 가족간에 불편한 진실을 보여주더니, 학위문제 거론에 가족 관계를 소환하게하네, 기본이 안되는 사람이 어떻게 리더가 되려나!!",24,2021-01-02T12:06:22Z
wjqCdLk4lKA,설민석이 뭔 진정성이 있어요????<br>완전  연기대사 외워서 방송<br>한건데요???,23,2021-01-02T11:22:40Z
wjqCdLk4lKA,창피 당한,22,2021-01-02T11:07:21Z
wjqCdLk4lKA,설민석  화이팅!!!이분  우파입니다<br>깔끔하게  인정하고 시인하고  멋찌다,21,2021-01-02T11:10:51Z
wjqCdLk4lKA,설민석은 영원히 안녕!<br>엉터리 역사 선생.,20,2021-01-02T12:23:47Z
wjqCdLk4lKA,진선생께 성원과 박수를 보내 드립니다,18,2021-01-02T11:18:19Z
wjqCdLk4lKA,매번 구라뻥 치는,18,2021-01-02T11:14:53Z
wjqCdLk4lKA,이재명 어런인간이 대권후보라고<br>발톱을 감추고 철먼피 노릇을 하냐<br>넌 대통령감이 아냐<br>언행이 일치하지 않아,18,2021-01-02T12:40:53Z
wjqCdLk4lKA,이상하게 두둔 하시네요.뭔가 찝찝한 방송이였습니다.,18,2021-01-02T11:29:25Z
wjqCdLk4lKA,설민석 죽이기 작전 ???,17,2021-01-02T11:31:14Z
wjqCdLk4lKA,설민석 나이도 얼마 안됐으나 이렇게 그렇게 역사에 해박한 지식을 가진 젊은이도 있을까 포절이든 말든 넘 해박한데 뮈가 문제냐 면장감도 안되는 인간들이 요즘 고위층  직위갖꼬  개꼴하는 노릇하는 것보면 얼마나 가스럽나,17,2021-01-02T11:26:34Z
wjqCdLk4lKA,"대통령윤석열 서울시장안철수 부산시장박형준 부산중구,영도구 국회의원황보승희 부산중구청장 존경하는최진봉 많이사랑해주이소💝💞❤💜🧡💙💋",16,2021-01-02T11:38:38Z
wjqCdLk4lKA,다속임,15,2021-01-02T11:16:14Z
wjqCdLk4lKA,부끄럽고 챙피한 것을 아는 솔직 담백한 강사이죠<br>요즘 추미애 조국 문재인 윤미향 등등 부크럽고 챙피한 걸 모르는 지저분한 인간들은 보고 배워야할 듯ᆢ,15,2021-01-02T13:39:31Z
wjqCdLk4lKA,설민석은  역사학자로서는   휼륭하다  표절했는지는   모르지만  가의  너무재미있고   잘한다,15,2021-01-02T11:10:19Z
wjqCdLk4lKA,역사 왜곡에 앞장선 놈을 무슨 호평인가~ㅋ,14,2021-01-02T11:39:45Z
wjqCdLk4lKA,재명 나가라,13,2021-01-02T11:21:24Z
wjqCdLk4lKA,에효<br>민석이 후배님<br>그래도 아카라가를 외치던 후배님이 존경스럽내요,13,2021-01-02T11:11:24Z
wjqCdLk4lKA,설민석 저것도 야매로 역사를 배웠는지 ᆢ<br>역사왜곡으로  우리 아이들한테 잘못된 역사관을 심어놓고  온통 어처구니없는 짓거리로 미래의 아이들에게 편향적인 왜곡된 사실로 혼탁하게 만든 아주 잘못된 사람입니다 ᆢ,13,2021-01-02T12:23:21Z
wjqCdLk4lKA,설민석에게 보고 배우거라<br>떨팽이들아 ~~~~~,13,2021-01-02T11:28:34Z
wjqCdLk4lKA,"조구기는 설민석보고 배워라,,,!<br>진짜 남자다움",12,2021-01-02T11:38:21Z
wjqCdLk4lKA,설민석의 실체를 알지 못하면서 ...118만 시청자를 현혹 시키지 마셨으면 좋겠네요..,11,2021-01-02T11:28:35Z
wjqCdLk4lKA,설민석님게 박수 보냅니다..,11,2021-01-02T11:26:38Z
GdZZAVgzM-g,저 시대에 이미 런던에서는 지하철이 운행되고 있었다는게 더 신기함,107,2021-03-27T13:03:34Z
GdZZAVgzM-g,"&#39;5분 순삭 한국사&#39; 역사여행 책 만나 보기<br><br>👨‍👩‍👧‍👦 어린 자녀를 둔 부모님들을 위한 위해!<br>🌄 유적지에 얽힌 재미난 이야기와 함께!<br>🚘 전국 팔도 35곳을 소개해 드립니다!<br><br>------------------------------<br><br>📕 교보 <a href=""https://bit.ly/4aCUrzV"">https://bit.ly/4aCUrzV</a><br>📘 예스24 <a href=""https://bit.ly/3RYVjrt"">https://bit.ly/3RYVjrt</a><br>📗 알라딘 <a href=""https://bit.ly/3GXGCP4"">https://bit.ly/3GXGCP4</a>",51,2021-01-12T12:03:58Z
GdZZAVgzM-g,"1890년에 태어난 사람의 일생<br>태어날때 조선국<br>5살때 청일전쟁 발발<br>6살때 명성황후(민비) 시해사건<br>8살때 대한제국 선포<br>15살때 러일전쟁 발발<br>20살때 일본제국에 합병<br>24살때 1차 세계대전 발발<br>30살때 3.1만세운동, 임시정부 수립<br>31살때 김좌진 청산리전투 승리<br>40살때 세계경제 대공황<br>50살때 2차 세계대전 발발<br>52살때 태평양 전쟁 발발<br>56살때 일본 원자폭탄 투하, 조국 독립<br>59살때 대한민국 정부 수립<br>61살때 한국전쟁 발발<br>64살때 전쟁 휴전협정 체결<br>71살때 4.19혁명, 배트남전쟁 발발<br>72살때 5.16 군사정변<br>76살때 한일국교정상화<br>81살때 경부고속도로 개통<br><br>조선&gt;&gt;대한제국&gt;&gt;일본제국&gt;&gt;대한민국&gt;&gt;한국전쟁 거치고 돌아가셨음.",27,2021-07-22T17:52:21Z
GdZZAVgzM-g,영상 잘 봤습니다<br>개인적으로 1901년에 설치된 지계아문에서<br>러일전쟁으로 인해 중단되기 전까지 발급한<br>근대적 토지 소유권 인증서인 &#39;지계&#39;가<br>광무개혁에서 꽤 중요하다고 생각하는데<br>지계가 영상에서 다뤄지지 않은 게 쪼금 아쉽네요ㅠ,13,2021-09-07T19:49:33Z
uQtw9dV8RNo,"우리도 마이너 리뷰갤러리가 하는 말을 무비판적으로 수용해서는 안된다. 채널장이 나쁘다는건 아니지만, 항상 옳은말을 할수도 없는법.",846,2021-06-24T02:59:25Z
uQtw9dV8RNo,이 8분 짜리 영상은 몇 명의 뇌에 영향을 줄까,288,2021-01-29T06:40:10Z
uQtw9dV8RNo,퍼포먼스가 전부인 세상같다는 생각이 많이 들어요. 빈 수레가 요란하고 벼는 익을수록 고개를 숙인다고 하는데 요란한 것만 찾고 실속은 없는 빈 깡통같은 세상에서 살고 있는 기분이에요.,259,2021-03-12T22:27:01Z
uQtw9dV8RNo,무비판적 수용이 참 무서운 것 같음. 그래서 내생각과 반대되는 의견도 찾아보는 게 균형잡힌 시각을 기르게 도와줌.,245,2021-03-14T01:58:17Z
uQtw9dV8RNo,코로나 무증상 증상ㅋㅋㅋㅋㅋㅋ 레전드,234,2021-03-13T16:30:21Z
uQtw9dV8RNo,"나는 오히려 설민석이 무서운 이유가 실제로 난징대학살, 일본의 가혹한 통치는 팩트가 맞는데 자꾸 감성팔이식 교육에 대한 반대심리로 오히려 그런 진실마저 왜곡해버리도록 혐오해버리도록 만듦;; 물론 진정한 역사교육이 아무튼 일본이 ㅈㄴ 나쁜놈임 하고 끝내는게 아닌건 맞지만",222,2021-03-16T14:09:39Z
uQtw9dV8RNo,결국 국민들에게 큰 지탄을 받았지만 이 사건의 저변에는 사기꾼들을 긴시간 의심없이 맹종하고 추종했던 대다수 국민들의 수준이 반영되어있지 않나 생각되네요,100,2021-03-11T20:15:51Z
uQtw9dV8RNo,설민석은 처음부터 배우였음 설민석은 대본을 가지고 대본을 작성해주는 사람들이 있음 알만한 사람들은 이미 다 알고 있었음<br>문제는 대본대로 말하는게 아니라 거기에<br>자기가 하고싶은 말을 붙이는게 문제임<br>그게 다 틀리는 거임..,76,2021-04-03T01:02:39Z
uQtw9dV8RNo,사실 간단한 건데 진짜 바쁘게 현업뛰는 사람은 티비에 한두번 나올순 있어도 직업이 방송인이 되진 않는데 우리나라는 방송에 나오면 마치 권위자가 되는 게 문제죠.,61,2021-07-16T13:08:35Z
uQtw9dV8RNo,임용한 교수님 진짜 맞습니다 좀 재미없는 주제도 있고 교수님 본인도 재미있다고 하긴 좀 그렇죠 그래도 연구를 많이 하고 사실을 추구한 게 많이 보여요 교수님 화이팅,55,2021-03-09T22:14:20Z
uQtw9dV8RNo,"설민석은 진짜 논란이 많은데도, 아직도 적지 않게 옹호받고 있죠. 역사지식수준이 사학과 학생들보다 떨어지는데도, 재미있게 이야기 한다는데도 옹호받으니.",43,2021-05-24T13:17:51Z
uQtw9dV8RNo,"<a href=""https://www.youtube.com/watch?v=uQtw9dV8RNo&amp;t=211"">3:31</a> 없을래야 없을 수가 없죠",41,2021-03-11T17:20:42Z
uQtw9dV8RNo,현대판 괴빌스 설민석,38,2021-02-24T15:36:36Z
uQtw9dV8RNo,"<a href=""https://www.youtube.com/watch?v=uQtw9dV8RNo&amp;t=375"">6:15</a> 제가 그 부울편한 4%입니다 20만명이 아니라 200만명입니다",35,2021-04-11T14:30:36Z
uQtw9dV8RNo,난 팔랑귀인건가,31,2021-02-28T06:13:39Z
uQtw9dV8RNo,"??? : 전문가에게 국민이 속은게 한두번이냐.<br>이런식으로 전문가 불신 조장하는 유명인(정치인)들, 그리고 그걸 지지하는 국평오를 보면 답이 없다.",30,2021-03-14T04:23:42Z
uQtw9dV8RNo,저는 대중 하나하나가 무지해서 이런 일이 발생한다기 보다는 각자가 대중에 속한 시점부터 검증의 책임이나 각자의 의식이 옅어지는 것 같아요.<br><br>대중으로 존재할 때는 굳이 그런 말을 검증할 필요성을 못 느끼는 거죠. 내가 다수니까,28,2021-07-11T16:01:23Z
uQtw9dV8RNo,한의사는 그 자체로 사기인것 같음 ㅋㅋ,20,2021-03-15T00:07:04Z
uQtw9dV8RNo,그냥 자동재생으로 틀어졌는데 내용이 상당히 좋아서 조회수를 봤더니...<br>만도 안되네? 사람들이 더 봐야할텐데,19,2021-03-09T06:07:24Z
uQtw9dV8RNo,우매한 대중을 잘 이용하는 사람이<br>성공하는게 현실,19,2021-03-15T19:58:14Z
uQtw9dV8RNo,"날카로운 문제제기부터 그 원인을 개인이 아닌 사회 구조를 지목한것, 현황에 대한 소신있는 평가?까지..... 질 좋은 컨텐츠 오래오래 만들어주세요....ㅠㅜ 감사합니다.",19,2021-05-12T19:04:49Z
uQtw9dV8RNo,"<a href=""https://www.youtube.com/watch?v=uQtw9dV8RNo&amp;t=143"">2:23</a> 왜 벌써 대답하냐고 ㅋㅋ",18,2021-03-13T13:56:20Z
uQtw9dV8RNo,에이 설민석은 솔직히 배우지ㅋㅋㅋ,18,2021-03-14T10:24:52Z
uQtw9dV8RNo,나도 설민석 욕하는 사람들한테 거기다 열렬한 호응과 지지를 보낸놈들이 더 잘못 아니냐 그랬는데 거기서 또 욕먹음,17,2021-03-20T16:53:56Z
uQtw9dV8RNo,이걸 많은 사람들이 좀 봐야 할텐데.. 이런 류의 족속들이 아직도 피의 쉴드 받고있는게 함정,17,2021-03-05T16:45:38Z
uQtw9dV8RNo,"사이버렉카충이 된 느낌이라 좀 그렇긴 한데<br><br>설민석 논문 표절 논란 전부터 기획하던 내용이었습니다.<br><br>혜민스님 풀소유 논란 때부터요<br><br>영상의 핵심은 인기가 비판을 거세한다는거죠<br><br>굳이 설민석과 주봉석이 아니어도<br><br>유튜버 중에서도 명백히 잘못해도 봐주는 사람들이 있고<br><br>정치에서도 똑같죠<br><br>사회 구성원 모두가 비판적 시선을 견지할 수 있기를<br><br>혹은, 어수룩한 사회구성원에게 사기를 쳐서 먹고 사는 사람이 사라지기를 바랍니다.<br><br>국평오라는 이야기에 저는 동의하지는 않습니다.<br><br>우리나라 국민들이 수준은 충분히 높고 자부심을 가질만 하다고 봅니다.<br><br>다만, 문제인 것은 &#39;잘 모르는 사람이 신념을 갖는 것&#39;이겠죠<br><br>남대문 가본 사람과 안 가본 사람이 싸우면 안 가본 사람이 이긴다고 하지 않습니까?<br><br>설민석의 역사왜곡을 신념으로 갖고 사는 사람들에게 경종이 될 일이 될거라 생각합니다.<br><br>어찌 되었든, 다음 주제는 좀 더 웃으면서 볼 만한 것으로 준비해오겠습니다.<br><br>시청해주셔서 감사합니다.",16,2020-12-30T11:18:11Z
uQtw9dV8RNo,연극 영화과면 전공 1000% 뽑아먹은거 아닌가 ㅋㅋㅋㅋㅋㅋ 그렇게 많은 사람들을 말빨로 홀렸는데,16,2021-05-06T07:56:01Z
uQtw9dV8RNo,다 무한도전 나오신분들ㅋㅋㅋ,15,2021-03-10T14:17:53Z
uQtw9dV8RNo,저는 공영방송과 다큐멘터리만큼은 믿었습니다. <br><br>PD라는 작자들이 KBS1에서 방영하는 다큐프라임에서 <br>바이러스가 생물이며 자유의지를 가지고있다는듯한 뉘앙스로 말해대며 에피토프와 MHC의 의미를 정반대가 되도록 콘티를 짜고<br>전문가인터뷰 십 수 개를 집어넣어 권위있어보이게 만들어 송출하는걸 보기 전까지는요.,13,2021-04-11T07:08:41Z
uQtw9dV8RNo,"<a href=""https://www.youtube.com/watch?v=uQtw9dV8RNo&amp;t=371"">6:11</a> 5천만명 중 4%는 20만명이 아닌 200만명 입니다. 앞에서 무비판적으로 수용하거나 검증 안할거라고 사악 빌드업 해놓고 이런 간단한 오류는 언제 발견하나 구경하시는 것 같아서 말해봅니다😅",12,2021-03-18T00:46:25Z
uQtw9dV8RNo,"마이너형 진짜로 후원 열면 해줄 수 있어 퀄리티는 코리안 유튜브 최고에 렉카들중 진정한 사회 비판 유튜브인데 조횟수 구독자 적어서 그만둘까봐 무서워 조회수 안나와도 여러가지 리뷰하는 자세, 화제 나왔다고 바로 달려들지는 않는 그 자세 꾸준히 유지해줘. 라오어처럼 남들과 생각 다르면 확실히 리뷰 안해도 괜찮아, 오래 가면 좋겠어 형",12,2021-06-10T02:11:07Z
uQtw9dV8RNo,ㅋㅋㅋㅋㅋㅋㅋㄱ 좌우합작을 이렇게 하네,12,2021-03-13T18:20:26Z
uQtw9dV8RNo,모르는 사람이 책 한 권 읽고 목소리만 키워서 아는 척 하는 세태...<br>그것이 &#39;국평오&#39;라는 표현이 생겨난 이유 같습니다.,11,2021-07-16T17:11:53Z
uQtw9dV8RNo,역사는 승자의 의해 쓰여진다는 말은 있어도 역사를 잊은 민족에겐 미래란 없다는 말은 출처가 없다,11,2021-03-22T03:36:31Z
uQtw9dV8RNo,"<a href=""https://www.youtube.com/watch?v=uQtw9dV8RNo&amp;t=324"">5:24</a> 음성 / 양성은 검사 기준에 따라서 음성이 좋은 것일 수도 양성이 좋을 수도 있는 개념이라 헷깔리는게 이상해보이진 않다고 생각합니다.",11,2021-03-16T10:52:44Z
onrBaXaO1bQ,검은머리 땡중...혜민스놈 이 빠졌어요,307,2021-01-11T09:01:10Z
onrBaXaO1bQ,"설민석을 &#39;역사학자&#39; 취급하는 걸로 모자라서 &#39;인문학의 신&#39; 취급 한 미디어의 책임이<br>가장 크다고 생각합니다.설민석이 역사학자인가요? 아니죠. 사교육계에서<br>유명한 한국사 강사 중 한명일 뿐이죠. 사학 전공도 아니고 역사 교육 전공입니다.<br>비교를 하자면 KBS &#39;역사저널 그날&#39;의 경우엔 역사적 시기에 따라서<br>출연하는 전문가들도 달라집니다. 조선의 역사를 다루는 시기에 출연하던 교수님들<br>현대사 방영하는 지금은 출연하지 않아요.<br>과연 설민석이 고대사부터 현대사까지 모든 한국사의 전문가일까요?<br>적어도 논문 표절 등으로 신뢰도에 치명타를 입었다면 vod 서비스도 중단해야 하는데<br>여전히 티빙과 웨이브에는 책 읽어드립니다, 어쩌다 어른, 선을 넘는 녀석들이<br>전부 다 빠짐없이 남아있네요.",218,2021-01-11T09:31:17Z
onrBaXaO1bQ,"서세원쇼에 나와서 자랑스레 군에 입대한다고 말해서 그땐  정말로 바른 청년이라고 여겼었던 기억이 아직도 생생하네요, 스티브유씨.",206,2021-01-11T13:52:51Z
onrBaXaO1bQ,저도 설민석씨 사건 터지고 선생님 방송이 제일 먼저 생각났어요. 밉지 않지만 옹호해줄 수가 없네요.<br> 선생님 고상하고 차분하게 피바람이 불었으면 좋겠다니요. ㅎㅎ,147,2021-01-11T09:27:04Z
onrBaXaO1bQ,"설민석은 전문가, 학자보단 스토리텔러죠<br>방송에서 너무 학자컨셉으로 띄워주니... 추락했죠",112,2021-01-19T07:02:52Z
onrBaXaO1bQ,제작진의 안이함 정말 우려스려워요ㅜㅜㅜ 검증없이 말빨과 먹힐만한 인물에 의존해서 만들어대는 컨텐츠에 진절머리나요,110,2021-01-11T09:24:48Z
onrBaXaO1bQ,젊어서 철 모를때 한순간의 실수로 나락으로 떨어진 줄 알았는데 최근 영상에서 선생님 말씀대로 “욕을 해대는” 모습을 보고 너무 어이가 없었어요. 입국금지도 관광비자는 되는데 돈 벌기 위한 비자(영상에서도 언급하신)을  받으려고 마치 입국금지 인것처럼 욕을 하고 언론플레이를 하고 있었더라구요. 저를 포함한 많은 사람들이 약간의 동정심으로 그동안 속아온 걸 알고나서 너무 어이없고 화가 났어요. 게다가 구독자들과 조회수가 늘어서 돈을 벌고있다는 걸 보고 더 어이없었어요. 진짜 지지하는 사람들이 많아지고 있는걸까요 ㅠㅠ,89,2021-01-11T12:12:40Z
onrBaXaO1bQ,ㅋㅋㅋ 아주 피바람이 불었으면 좋겠습니다<br>너무 이쁘게 말씀하셔서. 빵터짐,75,2021-01-12T12:22:32Z
onrBaXaO1bQ,역사 공부를 조금이라도 하신 분은 설강사의 강의를 듣지 않습니다. 야사에 기록된 허구조차 사실로 발언하거든요.,74,2021-01-11T09:12:29Z
onrBaXaO1bQ,분명  유는 군에간다고 약속을 했고 또한 본인이 국적포기 군면제을 받았죠 그리고 지그에와서  큰소리를 치고있죠 아는분은 다알죠  세월이 흘러도,67,2021-01-15T09:30:53Z
onrBaXaO1bQ,유와 홍은 만회할 기회를 놓친건데 <br>설은 선생이자 학자이기 때문에 용납불가임,65,2021-01-11T09:14:17Z
onrBaXaO1bQ,미디어과 학생인데 선생님 채널 보면서 같이 공부하고 많이 배우고 있습니다! 감사합니다☺️,64,2021-01-11T09:05:48Z
onrBaXaO1bQ,스티브유는 그전에는 나라가 입국을 막았지만 지금은 국민이 막는다~~,61,2021-01-21T03:58:38Z
onrBaXaO1bQ,"방송국 제작진들, 일부 연예인들이 진짜 문제입니다.",61,2021-01-15T09:40:28Z
onrBaXaO1bQ,저도 ‘선녀들’에서의 송일국편에서<br>완전 학을 떼었습니다!<br>김을동을 감히 김좌진 장군의 손자라고 소개를 하다니...<br>나참 어이가 없어서...<br>원래도 잘 안봤지만 그 후 선녀들은 아예 안봅니다.,57,2021-01-15T02:50:54Z
onrBaXaO1bQ,설민석의 전달력 때문인지 그 동안 설민석 강의 듣던  학생들도 제 조언을 안 듣더라구요.  시청자들도 맹목적으로 유행 따라가는 거 문제예요.,51,2021-01-16T03:06:13Z
onrBaXaO1bQ,스티브유씨는 공익도 군인이라서 국군방송이나 위문공연 형태로 활동이 가능 했어요. 퇴근 후에 활동 할 수 있게 특례 조건을 제시 해 둔 상태라서  진짜 군 생활을 편하게 할 수 있는 사람이었는데요. 진짜 어리석었죠.,48,2021-01-13T07:04:14Z
onrBaXaO1bQ,남들이 다하는 그 나쁜 풍습은 사라졌으면 좋겠습니다 학벌과 상관없이 자기분야에서 빛나는게 멋있죠 가짜학위보다는 서태지님 아이유님처럼,47,2021-01-11T09:39:29Z
onrBaXaO1bQ,"<a href=""https://www.youtube.com/watch?v=onrBaXaO1bQ&amp;t=164"">2:44</a> 공감해요 스티브유 하고있는꼴을 보고 있노라면 도대체 주변에 어떤사람들이 있는거야 라고 생각이 듭니다",45,2021-01-12T00:46:01Z
onrBaXaO1bQ,우리나라 병역문제는 건드릴수 없는 성역이다..<br>그렇게 오구싶으면 관광언제든지 올수있는데  왜!!! 와서 돌벌고 활동하고싶어 저런다는,40,2021-01-14T15:35:32Z
onrBaXaO1bQ,입으로 흥한자 입으로 망한다는 옛말이 생각나네요,37,2021-01-11T14:22:57Z
onrBaXaO1bQ,"책을 대신 읽어준다는 그 말 안되는 컨셉에 옹호하는 사람도 많더니만, 결국 이런 일이 터지네요. 설민석씨가 집사부일체에 나왔을때, 제 주변에선 저 혼자만 어이없어 했었죠;;;;;대중이란게 그런 건가봐요, 남들이 잘한다,최고다! 하면 우루루루~ ;;;;재밌게 강의한다고 그걸 옹호하는 사람도 아직까지도 있던데요? 전 이런 사건으로 이렇게라도 안 나와서~다행이라 생각합니다! 그 많은 프로그램 출연하면서, 제대로된 검증은 고사하고, 공부 시간을 제대로 가질 수가 있을까? 언제나 의문이었다구요.",37,2021-01-11T10:25:46Z
onrBaXaO1bQ,설민석씨뿐만 아니라 각 분야의 전문가라며 방송활동 하시는 분들에 대한 검증 한번씩 했으면 좋겠습니다. <br>음 개인적으로 개그우먼 남편으로 디자이너라며 이곳저곳 출연하시는 분... 그 분은 재미있고 워낙 호감상이지만<br>관련업종에서 일하는 입장에서  &#39;디자이너&#39;라는 칭호가 참.. 그래요 ㅎㅎ 러브하우스 그 사람 생각도 나고 <br>미디어에 워낙 노출되다 보니 업계를 대표하듯 비춰질 수도 있는데.... 부적절하다는 생각이 들어요.,33,2021-01-11T10:16:06Z
onrBaXaO1bQ,공감해요. 피바람 한번 확 몰아쳐야 해요 ㅎㅎㅎ    오늘도 공감하고 무릎을 탁 치고 갑니다 ㅎㅎ <br>선생님 그런데 오늘 영상에서는 다소 편찮아 보이시는데 어디 아프신건 아니시죠?? 건강하셔야 해요!,31,2021-01-11T10:12:53Z
onrBaXaO1bQ,"뭐 이런 사람들도 1,2년 있다가 다시 돌아올거라는게 슬프네요",31,2021-01-11T12:23:59Z
onrBaXaO1bQ,에고 늦었네. ㅎㅎ 저도 설민석씨 그때 일로 신뢰하지 않아요. 어떻게 역사를 가르치는 사람이 그시대 상황도 모르고 저급하게 표현하는지 어이가 없더라구요. 그이후 잠잠해지다 다시 티비나와서 아무렇지 않은듯. 죄를 지었음에도 사과표현도 없었구요.,30,2021-01-11T09:17:17Z
onrBaXaO1bQ,구구절절 사이다세요~^^ 울산 살고 교육에 관심 많아 설민석 강사 좋아하다가 울산 대교출판사 강의 하러 온거 보고 실망 했었습니다 그리 귀찮고 하기싫으면 하지 말지요 라는 소리가 나올정도 몇년전이나 그당시 인지도도 말도 못할정도였는데 그때 성의없는 강의는 아직도 실망입니다,30,2021-01-11T13:03:15Z
onrBaXaO1bQ,유승준 진짜 말도 안되는 인기였는데 ㅋㅋㅋㅋ <br>지금으로는 어떤 정도인지 설명을 못하겠음 <br>약간 지디 같은 느낌인데 시대가 달라서,26,2021-01-11T09:11:17Z
onrBaXaO1bQ,"유승준은 유튜브로 자폭해서 ㅋ;<br>홍진영, 설민석은 추후 복귀할 듯",24,2021-01-11T17:01:28Z
onrBaXaO1bQ,성시경 자기가 뭔데 ㅋㅋ 성시경 요즘 티비에 가끔 나오던데 항상 인상 쓰고 있어서 보기 불편해요 ㅜ 나이들면 본인 인성이 얼굴에 나온다고 부단히 인격수양 합시다 저도 노력중입니다,23,2021-02-03T00:31:40Z
onrBaXaO1bQ,저는 홍진영씨가 제일 먼저 복귀할 수 있을 거 같아요. 홍진영씨야 그 학위 없어도 상관없는 가수지만 설민석씨도 석사학위논문이 이슈로 떠올랐는데 한국사 강사/전문가로서 치명타죠.. 스티브유는...전세계에 그 사람말고 가수가 단 한 명도 안남아있다면 복귀할 수 있겠죠?ㅋ,22,2021-01-11T11:36:47Z
onrBaXaO1bQ,크으~👍역시선생님말씀은옳아요😆,21,2021-01-11T10:08:11Z
onrBaXaO1bQ,"설민석씨 논문표절이 알려지기 직전  친구들과 언젠가 뭐 터지겠네...  진짜 강의에 깊이 없다고 생각했는데 역시나 였지요.<br>역사에서 사실관계를 따지지 않고 재미로 듣는다면 그게 역사일까요?  그저 이야기이고, 소설일 뿐이지요.<br>역사에 해석이 다양한거 맞아요. 그래서 학자들은 확답이 아니라 이런의견 저런의견 대립하면 두가지를 다 하거나 이게 더 다수설이다 하고 증거를 대거나 하는거지요.<br>그러나 설민석씨는 그럴싸한 이야기와 집중을 위해 앞뒤 오리고 붙이고 꾸민...  역사가 아닌 이야기를 했다고 생각합니다.<br>삼국지가 아닌 삼국지연의처럼요.",21,2021-01-11T12:04:01Z
onrBaXaO1bQ,설씨는 방송사도 문제고<br>역사에  아무것도  모르는  우리들도  솔직히 부끄럽다<br><br>설씨  터기기전   우린 설씨 말이   진실인줄 알았지<br>국민이 어리석은 거지  솔직히,21,2021-01-19T03:54:42Z
onrBaXaO1bQ,"설민석씨가 가장 문제이지만 역량이 부족한 제작진들이 뭐가 맞는지 틀린지 모르고 제작을 하니 제대로 된 프로그램이 나오겠습니까? 예전에는 교양 PD들이 다큐제작을 하면서 오류도 그다지 많지 않았는데 지금은 예능인지 교양인지 모르는 퓨전프로그램이 많으니... 제작진들도 공부 좀 합시다요, 제발....인터넷으로 대충 찾지 말고...책좀 읽으세요들.",20,2021-01-14T23:28:02Z
onrBaXaO1bQ,"근데요.. 마동석 같은 사람이 더 나쁜것 같아요. 전 토종 한국인인 줄 날았는데.. 나중에 미국으로 유학을 갔었더라구요. 미국 국적 취득하고, 그래서 군대 않가면서도.. 그냥 자연 스럽게 한국 사람인듯 한국에서 돈 벌구 그러고 있으니깐요.  군대 때문에 미국 국적 유지 하면서.. 뻔뻔하게 마치 한국 사람처럼 한국에서 활동하는게 화나요.<br>유승준도 나쁘지만 .. 그는 미국에서 태어나서 미국 국적이 있었던거에 반해 마동석은 엄마 아빠도 한국 사람이고 유학가서 미국국적 취득해 놓고 군대 않가고 한국에서 일 하자나요.? <br>솔직히 유승증보다 마동석이 저 화가 나요.",18,2021-01-14T14:41:00Z
onrBaXaO1bQ,뭔가 분한데... 뭐가 분한지 몰랐는데 서키쌤이 딱 집어주셔서 감사합니다♡,17,2021-01-11T11:33:18Z
onrBaXaO1bQ,아직도 설쌤 찾으며 받드는 사람들이 있네요.<br>세뇌가 무서워,13,2021-01-21T08:44:56Z
onrBaXaO1bQ,"선생님, 너무 시원해요- 늘 감사합니다!",12,2021-01-11T13:06:29Z
onrBaXaO1bQ,"저도 진짜 궁금했던 게, 설민석 씨가 왜 역사 외의 분야를 강의하는 지 모르겠단 거였어요. 역사 그 자체만으로도 오류가 많던 사람인데--;; <br>그나저나 쌤... 저 책 선물 받고 싶은데... ㅠㅠ 쌤한테 신년 선물로 받고 싶은데... 덧글 늦었겠죠?ㅠㅠ",12,2021-01-12T02:47:49Z
onrBaXaO1bQ,설민석 님은.좀..과욕했어요...좋아했는데 ..안타깝네요,12,2021-01-11T11:53:50Z
onrBaXaO1bQ,아~ 아~아하~이렇게 듣게 되네요,11,2021-01-11T11:26:33Z
onrBaXaO1bQ,선생님 같은 시각을 가지려면 어떻게 하면 좋을까요? 논리적이고 비판적인 생각과 말하는 능력 배우고 싶습니당 매번 잘 보고 있어요🙏,11,2021-01-11T09:13:09Z
onrBaXaO1bQ,조곤조곤 사이다 부으시는거 짱이십니다! ㅋㅋㅋㅋㅋㅋㅋ,11,2021-01-15T11:04:45Z
onrBaXaO1bQ,이상하게 방송계에서 띄우기 하는 사람은 우리가 모두 의심해 봐야할 인물들^^*,11,2021-01-24T06:21:12Z
8BXhdfb2aOs,개인적으로....<br>&#39;설민석을 옹호하면 안되는 이유&#39; 라는 걸 일일이 설명해 줘야하는 현 상황이 너무 어이가 없습니다.....,562,2020-12-31T09:49:07Z
8BXhdfb2aOs,"진짜 예전부터 생각했는데 터질게 터졌고,<br>&#39;역사 읽어주는 배우&#39; 라는 말 깊이 공감합니다",372,2020-12-31T09:23:00Z
8BXhdfb2aOs,마치 설민석씨 옹호논리가 철인왕후 보는 사람들의 옹호논리랑 본질이 너무 비슷해서 걱정이다...,305,2020-12-31T09:15:43Z
8BXhdfb2aOs,"올 한해도 고생하셨습니다. 내년에도 용기 있는 견해, 소신 발언 부탁드립니다.",292,2020-12-31T09:09:04Z
8BXhdfb2aOs,진짜 학자는 본업에 충실하려고 함. 방송에서 만든 이미지에 속으면 안됨. 설민석은 학자라기보다 스토리텔러라고 봅니다,264,2020-12-31T10:16:47Z
8BXhdfb2aOs,설씨도 문제지만 드라마나 뮤지컬의 역사왜곡문제는 심각하다 생각됨<br>예를들면 명성황후 민씨.. 민자영에 대한 심각한 역사왜곡사례같은..,263,2020-12-31T09:19:10Z
8BXhdfb2aOs,사실 국사 강사들 사이에서도 저분은 사료참고를 굉장히 부정확하게하는걸로 유명하더군요; 진짜 전문가들이 말할때는 좆문가들이 판치고 사이비가 말하면 무지개 쉴드라니 ㅎㅎ;;<br>아니 근데 점점 인지웅님 채널이 아이돌얘기가 아니라 삶의 지혜 채널이 되어가는걸...?? 내년에도 잘 부탁드립니다,263,2020-12-31T09:15:07Z
8BXhdfb2aOs,설민석은 역사계의 혜민스님 된 거죠...,249,2020-12-31T10:30:18Z
8BXhdfb2aOs,"전세계에서 가장 논리적인 댄서, 갓지웅.",233,2020-12-31T09:23:09Z
8BXhdfb2aOs,역사계의 황교이꾸상... 비전문가의 행세가 당연해진 요즘은 참...,227,2020-12-31T09:23:39Z
8BXhdfb2aOs,설민석프로그램 재밌게봤고 좋아했는데 그치만 지웅님 말씀이 진정 옳아요 어쩜 이리 현명하신가요,210,2020-12-31T09:26:58Z
8BXhdfb2aOs,현재 대학교에서 사학을 공부하는 학생입니다. 원래 댓글을 잘 쓰지 않는데 이번 일은 도저히 쉴드를 쳐서는 안되는 일인데 쉴드치는 사람들이 있다는게 충격이네요. 비록 제가 모든 역사를 아는거는 아니지만 앞으로는 이런 사람이 역사를 강의하지 않았으면 좋겠다는 생각이 듭니다.,209,2020-12-31T10:38:54Z
8BXhdfb2aOs,"설민석 옹호할 생각은 처음부터 전혀 없었고, 논문 표절까지 듣고는 완전 이 사람 노답이라고 생각하긴 했는데.... <br><br>옹호하는 사람이 꽤 되는 모양이네요",208,2020-12-31T09:11:11Z
8BXhdfb2aOs,"사실 옛날부터 설민석씨의 역사적 지식 수준에 대해서는 말이 많았죠.. 단지 연예인급 인기를 누리다보니, 몇몇 역사학자나 전문가들, 심지어 역사에 관심있는 사람들이 이의를 제기해도 크게 이슈가 안됐는데 이번에는 꽤 크게 터졌네요",189,2020-12-31T10:20:31Z
8BXhdfb2aOs,역사를 재밌게만 얘기하면 다인가? 일본 역사 왜곡 교과서도 재미만 있다면 수용해야 한다는 논리랑 뭐가 달라?,179,2020-12-31T09:42:48Z
8BXhdfb2aOs,문화재관련일을 한 사람이라 역사도 같이 공부하는데 엄마가 가끔 잘못된 역사상식을 말하셔서 뭔가 했더니 설민석씨 영상을 보시더라구요.<br>나름 딸내미가 문화재전공에 일도 하는데 제 말은 안 맏으시고 저사람 말만 믿으세요,166,2020-12-31T10:28:24Z
8BXhdfb2aOs,언제 부터인가 설민석의 말들이 허경영같은 만담꾼 같아서 안본지 오래됐는데 우려했던대로 터질것이 터졌네요.,124,2020-12-31T09:57:11Z
8BXhdfb2aOs,요즘 젊은이들에 대한 편견을 깨주는분!<br>👏👏👏👏👏,119,2020-12-31T09:54:00Z
8BXhdfb2aOs,100% 오류보다 무서운게 95% 진실에 섞인 5% 오류입니다.<br>이 오류는 대중에게 진실로 오인되기 쉽기 때문에 더 위험하다..,118,2020-12-31T16:01:52Z
8BXhdfb2aOs,"말하기 어려운 예민한 문제인데 굉장히 총명하게 설명하셨어요.구구절절 맞는말입니다<br>언제나 이슈가 되는 문제를 알기쉽게 그리고 정곡을 찔러서 술술 설명하시는게 장점인듯해요^^늘 감사합니다,",112,2020-12-31T09:13:10Z
8BXhdfb2aOs,각종분야에서 수십년연구한 전문가 의견보다 떼법이 중시되는 나라가 된거 같아 안타깝습니다,105,2020-12-31T10:17:51Z
8BXhdfb2aOs,설민석 강사는 세계사를 건드리면 안됬고 한국사만 해도 버거운데 강의할때 좀더 신중하게 여러견해를 이야기하면서 이야기하는 스타일이 되어야함,82,2020-12-31T10:41:47Z
8BXhdfb2aOs,오늘 인지웅님의 비유설명은 정말 역대급입니다.<br>좋고 유익한 영상 감사합니다.,79,2020-12-31T12:24:02Z
8BXhdfb2aOs,제가 공대를 다녔는데도 1학년때는 제가 다닌 학교는 필수교양으로 국사를 이수를 이수해야하는 학교라... 삼국시대이전이랑 삼국시대에 레포트를 많이 써야했죠 건축공전공이라 더욱더 고건축물에 관심도 많았고요 설민석은요 1년 고무덤양식을 연구해본 공대생인 저보다도 아는게 없어요 진심으로 역사를 좋아해서 파본적은 있을까 과연 의문이 드는 사람입니다 학구열이란것이 있었을까  의문이 들어요 그럼 남을 가르치는 직업윤리라도 있어야할텐데...,77,2020-12-31T16:04:30Z
8BXhdfb2aOs,예전부터 보기싫었는데 완전히 퇴출돼서 좋음... 연예계에 xx대표 한명만 있으면 안됌.. 그사람이 독식하게 됨 그리고 그사람 말이 곧 법이됨,68,2020-12-31T09:27:44Z
8BXhdfb2aOs,야 정말 인지웅님 말씀 같이 설민석을 옹호하는 이들이 있다면 정말 걱정 스럽네요. <br>역사란 분야를 좋아하고 관심을 가지고 있는 사람중 한명으로서 걱정 입니다.,63,2020-12-31T09:46:59Z
8BXhdfb2aOs,"과학, 경제, 건설, 도시계획, 문화, 역사, 교육 , 의학 등등 모든 분야에서 사이비 전문가가 판을 치고 있습니다.",62,2020-12-31T09:06:36Z
8BXhdfb2aOs,역사는 절대 왜곡해서는 안된다,61,2020-12-31T09:34:03Z
8BXhdfb2aOs,저도 설민석 역사하는프로 좋아했는데 이젠 정말 실망스러워요.<br>저도 역사에 관심없다가 재미나게 풀어주셔서 진짜인줄알고 다 들었는데....<br>정말 짜증나네요.<br>관심만 갖게 하면 뭐해요?<br>진짜가 아닌데,61,2020-12-31T11:20:57Z
8BXhdfb2aOs,유승준하고 비슷한 논리네 나도 잘못했지만 더 잘못한 고위공직자 아들이 있으니가 난 잘못한거아니다,60,2020-12-31T09:58:02Z
8BXhdfb2aOs,모든 프로그램에는 검수 및  자문가들이 있습니다...  설민석의 역사왜곡 프로그램에도 검수 자문가들이 있었습니다. 하지만 그들의 검수 자문에서도 분명 사실 역사와..지적과 검수를 해줬습니다. 하지만 제작진들은 검수 자문료는 짜게 굴었고... 자문교수의 ... 검수 설명 해준 것은 받아들이지 않았습니다. <br><br>제작비 상승..... 물론 검수 자문료까지 지불할 능력이 없다는거 알면은 그런 프로그램을 하지 말아야죠... <br>검수 및 자문료 싸게 굴고 기껏 해줘도 제대로 반영도 안하는 제작환경에서 왜 그런 프로그램을 하는지 의문이 듭니다.,54,2020-12-31T09:48:44Z
8BXhdfb2aOs,설민ㅅ 연극영화과인거 모르는사람 많구나,52,2020-12-31T09:23:14Z
8BXhdfb2aOs,건전한 생각을 가지고 계시네요.<br>속이 시원한 답변 입니다..<br>중국의 동북공정과 연관하여 생각 한다면 답은 나와있죠.<br>이래도 쉴드 친다면  .... 그냥  즘비겠죠...,48,2020-12-31T11:14:40Z
8BXhdfb2aOs,철인왕후가 연일 인기동영상에 올라오는거 보고 이미 연일 실망 중.,45,2020-12-31T11:52:33Z
8BXhdfb2aOs,선동된 인민들이겠죠,45,2020-12-31T09:05:55Z
8BXhdfb2aOs,설민석 옛날부터 유명했더랬죠. 말 잘하는 사기꾼,44,2020-12-31T10:00:48Z
8BXhdfb2aOs,저는 설민석을 방송에서 강의 몇 번 보고 나서 밑천 다 드러난거 다 알았는데 많은 사람들이 좋아하는지 계속 여기저기 출연하더군요.<br>그래서 설민석 방송은 전혀 안봤었는데 결국 이런 사단이 일어났네요.,43,2020-12-31T10:51:29Z
8BXhdfb2aOs,정말 바른 논리와 생각을 가지신거보고 놀라서 처음으로 댓글달아봅니다. <br>생각이 너무 바르시네요. 많은 걸 배우고 갑니다,42,2020-12-31T10:37:30Z
8BXhdfb2aOs,설민석같은 사람이 현재 교단에서 그릇된 역사를 아이들에게 주입시키고 있다는 사실!,41,2020-12-31T10:29:47Z
8BXhdfb2aOs,"세계 역사 방송하는 효기심, 간다효가 방송 자료를 어디서 구하는지 공개한적 있었음.<br>한달에 몇백씩 내는 논문 사이트에서 자료를 얻고 틀렸을 가능성도 있기에 다를 곳에서 자료를 추가로 구해서 팀이 모여 공부하고 취합해서 그걸로 영상을 만든다고.<br>그래서 영상 올라오는 속도가 늦기도 하다고 했는데...ㅎ <br>비교가 되네요",40,2020-12-31T09:57:15Z
8BXhdfb2aOs,화석들은  다 도굴 당하고 있는데 사람들은<br>돌 좀 가져가는데 왜 난리냐고  욕하고<br> 이웃나라에선 우리 역사를 뺏어가려고 하고 있는데  사람들은  지키기는 커녕 우리 역사를 폄화하고 있고..,39,2020-12-31T13:04:06Z
8BXhdfb2aOs,"늘 응원하고 감탄하며 보고 있습니다.<br>지웅님,새해에도 건강하시고 반듯하세요!",37,2020-12-31T09:17:49Z
8BXhdfb2aOs,대중화에는 일조한것이 맞지만 이렇게 불명확한부분이 있고 본인도 과오를 인정한후라면 분명히 문제가 있는거죠. 인간적으로 안타깝기는 합니다.,37,2020-12-31T10:48:18Z
8BXhdfb2aOs,"잘못된 지식을 쌓는것은 모르는것 보다 못한 일이라고 합니다.<br>인지웅님의 말씀대로 본의 아니게 타인, 혹은 타국에 좋지 않은 영향을 줄수도 있는거고요.<br>그런데도 잘못된 역사를 가르치고, 가르칠 자격이 미흡한 사람을 옹호 한다는건 상당히 위험 할수도 있는일 같네요.",36,2020-12-31T09:55:58Z
8BXhdfb2aOs,백 번 옳으신 말씀입니다<br>남의 나라 역사를 입맛대로 왜곡해 강의하면<br>왜놈들보다 나은게 뭔가요,36,2020-12-31T14:00:02Z
8BXhdfb2aOs,설민석이  역사강의 하는거 보고<br> 믿거하게 되었어요 오류가 많았어요<br>진짜  이제라도 밝혀져서 다행이에요<br>역사풀어가는표현방식도  별로였어요<br>저급하고 ㅜㅜ,36,2020-12-31T10:24:22Z
8BXhdfb2aOs,전 정말 설민석 선생님의 찐팬입니다. 설민석님 나오신 영상은 지금까지 거의다 보고 많은 영향을 받은 사람중 하나입니다. 정말 아끼고 존경하는 인물이지요.<br>하지만 오늘 인지웅님의 정말 촌철살인 포인트에 100% 공감할수밖에 없었습니다. 설민석님을 너무 사랑한 사람으로써 인지웅님의 한문장 한문장 듣는게 진심 제 가슴에 박히고 너무 쓰리고 아프지만 팩트만 말하시기에 공감하고 인정할수밖에 없었습니다... 가슴은 아프지만 이것을 표본으로 우린 빠른길 (논문표절)을 걸으려는 길을 버리고 앞으로는 진실로 학문요 그리고 예술도 창조하는 더 건강한 대한민국이 되길 바랍니다...,34,2020-12-31T16:29:29Z
8BXhdfb2aOs,어떻게 이렇게 말을 잘하지?👍,32,2020-12-31T09:12:09Z
8BXhdfb2aOs,맞아요. 사회는 옳바른 자정 작용이 매우 중요합니다. 그렇기 때문에 잘못한 것은 과거의 공이 있다 하더라도 잘못 그 자체로 바로잡는 과정이 필요합니다.,30,2020-12-31T11:08:30Z
8BXhdfb2aOs,그놈이사기꾼이란거아는사람다압니다,29,2020-12-31T09:25:24Z
8BXhdfb2aOs,전에 설민석 강의를 들었을 때 참 재밌었어요ㅡ 근데 어라? 이건 잘못된 거라고 하던데 하던 걸 진짜라고 설명하는 게 꽤 되더라구요ㅡ 그 때 알긴 했지만 그냥 느낀 건 설민석은 말재간꾼..그래서. 역사강사님들이 대본을 써줘서 설민석이 잘 읽어주는 게 가장 좋았을 거라는 생각이 들었음...,29,2020-12-31T10:38:10Z
8BXhdfb2aOs,어쩜 이렇게 간단명료하면서 귀에 쏙 쏙 박히게 설명을 잘 하실까요 지웅님ㅎㅎ 높은데서 끌어내린게 아니고 원래 있어야할 자리로 돌아간거다 크~ 맞습니다요. 오늘도 잘 보고 갑니다👍🏻,28,2020-12-31T12:00:45Z
8BXhdfb2aOs,역시 이해하기 쉬운 비유와 확실한 팩트 폭격으로 시원하게 말씀해주시는 인지웅님... 당신은 그저 빛♥,28,2020-12-31T10:35:53Z
8BXhdfb2aOs,것참 ㅋ 지웅씨 너무 맞는 말만 하잖아 ㅋㅋㅋ,27,2020-12-31T09:16:59Z
8BXhdfb2aOs,그냥 약장사 느낌이었음 첨부터..,27,2020-12-31T10:07:46Z
8BXhdfb2aOs,역사조무사도 아깝다. 제대로 모르면서 이런게 한두번도 어니고,27,2020-12-31T09:17:49Z
8BXhdfb2aOs,이게 이렇게 힘들게 설득을 해야 되는 일인가??  이집트 역사에 관심이나??그나마 역사에 관심을?? 어마무시한 개ㅅㄹ...,27,2020-12-31T09:32:39Z
8BXhdfb2aOs,젊은분이 매우 총명하십니다.내년에도 좋은 활약 기대할게요.,26,2020-12-31T09:35:01Z
8BXhdfb2aOs,참 연기파 배우였는데 어찌나 말속에 그리 자신감이 있던지 히틀러랑 비교하면 안되지만 히틀러가 그랬죠 연설을 참 잘해서 다들 혹했다고 그를 만나본 사람은 그가 평화를꿈꾸는 사람이라며.. 아마 설민석씨도 그런 매력이 잇엇던거 아닐까 합니다. 사과도 하고 공중파방송에도 자신이 잘못한거라며 밉보이지 않게 끝냈죠 . 언변이 참 파워력있는 사람 같습니다. 저 역시 그냥 보통 논문은 원래 다 표절이지 하니까요 그사람을 옹호하는게 아니라 재가 설민석의 말의 힘에 어쩜 세뇌(?) 된걸지도. 설민석은 확실히 잘못된게 맞습니다. 연기파 배우였던것이죠,24,2020-12-31T11:00:49Z
8BXhdfb2aOs,이분 비유가. 석사급,23,2020-12-31T09:54:33Z
8BXhdfb2aOs,"역시 우리나라는 이미지가 무서운 나라입니다~ 그리고 갬성에 선동되기 쉽구요~<br>내가 옹호하는 사람이라면 어떤 잘못이라도 질책보단 감싸기가 우선이지만,<br>내가 별로 관심없던 사람에겐 한번의 잘못이 거의 지옥을 볼정도로 떨어뜨려버리니 말입니다.",23,2020-12-31T11:26:44Z
8BXhdfb2aOs,"저는 설민석을 옹호하고 싶은 생각은 1도 없습니다. 그 사람이 나오는 방송을 하나도 본 게 없고요. 다만 논문표절 관련해서는, 이 사람 뿐만 아니라 최근에 홍진*도 그렇고 김혜수씨도 인정하고 학위반납하기도 했고 등등 한번씩 계속 나오는 문제인데, 이 논문 표절은 사실 파보면 상당히 많은 사람들이 걸릴 문제라고 생각합니다. 예전에는 관례처럼 적당한 짜집기가 묵인되기도 했고요(요즘은 어떤지 모르겠습니다만). <br><br>다들 그러니까 설민석도 그럴 수 있는 거 아니냐는 얘기가 아니라, 좀 한꺼번에 다 파서 확실히 문제화가 되고 관습이 바뀌면 좋겠네요. 모두가 표절을 한다는 얘기는 아니지만 한 사람들 중에서는, 걸리면 들키는 거고 안 걸리면 넘어가는 거고, 그런 식으로 지금도 숨 죽이고 있을 사람들이 많을 것 같습니다. 애초에 논문 통과를 시킬 때 좀 더 빡세게 기준을 적용해서 표절을 하면 통과 자체가 안 되도록, 물론 백퍼센트 걸러 내기는 불가능하겠지만, 교수들도 대강 늘 하던 대로 말고 조금 더 책임의식을 가지고 성실히 검증해서 통과시키면 좋겠고요..",22,2020-12-31T10:09:05Z
8BXhdfb2aOs,진짜..엉터리 논리 펼치는 사람들이 잘하는 게 내로남불입니다..ㅋㅋ 항상 잘 보고 있습니다.,21,2020-12-31T09:21:49Z
8BXhdfb2aOs,설민석은 그냥 영업직이 딱인듯,19,2020-12-31T09:58:46Z
8BXhdfb2aOs,"씁쓸합니다~~ 누굴 믿어 ...<br>지웅씨는 더 큰일 하실분입니다, 우리모두 새해 복많이 받읍시다요 !",17,2020-12-31T10:13:01Z
8BXhdfb2aOs,"역쉬... 설민석을 좋아하긴 하지만,<br>지웅님 말이 백번천번 맞습니다.",17,2020-12-31T10:56:35Z
8BXhdfb2aOs,항상 느끼지만 말씀을 조리있게 잘 하시는 거 같아요!,16,2020-12-31T09:16:13Z
8BXhdfb2aOs,내년에도 건강하세요,14,2020-12-31T09:04:04Z
8BXhdfb2aOs,설민석씨 역사강의 하면 워낙 재밌게 설명을 해서 참 재미있게 봤습니다.<br>역사에 관심을 거지게 된건 사실이지만<br>잘못은 잘못이니까 인정해야죠.,13,2020-12-31T10:14:17Z
8BXhdfb2aOs,지웅씨  ~~~<br>와우 👍👍👍👍👍🙏,13,2020-12-31T09:07:35Z
8BXhdfb2aOs,"오늘도 지웅님의 논리, 잘 듣고 갑니다! :)",12,2020-12-31T09:35:56Z
8BXhdfb2aOs,터질것이 터진것이죠..시기가 언제일까..그것뿐이였지요.,11,2020-12-31T10:17:20Z
8BXhdfb2aOs,설민석 역사왜곡을 다룬 여러 영상을 봤는데 지웅님이 제일 명료하고 설득력있게 정리 잘하신 것 같아요!,11,2020-12-31T13:01:30Z
8BXhdfb2aOs,"언젠가 터질줄 알았습니다. 정치색도 너무 과다했고, 마치 그 시대를 자기가 살았던 것처럼 말할때마다 좀...역사왜곡아닌가? 너무 감정위주의 서술같았는데..역시..논란이 생기는군요<br>우리나라는 &#39;역사&#39;를 객관적으로 보지도 못하며, 옳은 소리하면 매국노로 치부하는 이상한 민족주의적 문화 분위기때문에<br>한국사 자체가 판타지 왜곡에 버무려진것도 모르고 배웁니다. 특히 중고등학교 역사선생들이 문제에요. 저도 성인되고나서 이상하게 배웠다는걸 20대 중반넘어서<br>알게되었습니다. 진짜 우리나라 역사교육 심각합니다. 중국 일본 역사왜곡 욕할 처지가 아니에여... 치욕스러운 역사밖에 없어서 쪽팔린건 알겠는데<br>과거를 잊지않아야 한다면서 필사적으로 치욕적인 역사들은 싸그리 지우고, 옆에 애들이 나쁜거고 우리는 잘못없고 고고한데 왜 우리를 상처주냐는<br>피해의식으로 똘똘뭉친 국내 한국사 서술은 문제가 많다고 봅니다.",11,2020-12-31T17:27:53Z
8BXhdfb2aOs,알려면 제대로 알고 모를거면 아예 모르는게 훨씬 낫습니다.<br>적당히 애매하게 대충 아는게 세상에서 가장 나쁘고 악랄하고 문제적인겁니다.<br>그걸 쉴드치는건 그보다 더 나쁜거구요.,11,2020-12-31T11:21:38Z
XjBq_QMzQck,"이 최종 정리 리플 이후에는 일일이 댓글 달아서 반박하는 일은 없을 겁니다(무의미한 일이니까).<br>『당신의 리플은 삭제될 수 있습니다』 제 블로그 공지는 유튜브에서도 동일합니다.<br><a href=""https://blog.naver.com/halmi/221591484701"">https://blog.naver.com/halmi/221591484701</a><br>말도 안 되는 소리에 답을 다는 거 보다 삭제하는 게 욕 덜 먹고, 정신건강을 지킬 수 있는 게 인터넷판입니다.<br><br>특히 기본 전제를 무시한 엉터리 리플 좀 달지 맙시다.<br><br>0. 비교라는 건 항상 동일조건 동급비교가 기본.<br><br>1. 이 영상과 글은 어디까지나 &#39;와보니까 조선은 너무 가난해서 털어먹을 게 없었다&#39;에 대한 반박입니다.<br>① 딱 그 부분만 이야기한 한 겁니다. 틀린 건 틀린 겁니다. 딴 이야기 하지 맙시다.<br>② (히데요시정권은 본국에서 수송한다는 계획이었는데) 와서 보니까 많이 털어먹었다는 이야기입니다. 피차(나나 임용한 선생 등이나) 전쟁 초기의 상황을 이야기 한 겁니다.<br>③ 전쟁으로 피폐해진 나중 이야기는 피차 대상이 아닌데, 왜 그렇게 많이 하는지.<br>④ 왜군이 그러고도 군량이 부족했다는 이야기는 영상에도 나오는데, 그 이야기를 왜 나한테 하는 사람도 왜 그리 많은지.<br><br>2. 도시 이야기에서...<br>① 별 쓰레기 같은 수준의 유튜브 영상들이 몇십만 조회수가 나오길래, 어렵게 이야기 안하고 인구/규모 중심으로 이야기했더니(그 정도 수준의 읍내가 조선이랑 달라봐야 얼마나 다르겠냐는 뜻인데)...<br>② 제가 경제사라면 질색을 하지만, 중세 도시의 발전이나 조건 개념을 모르지 않습니다.<br>③ 그 엄밀하고 원칙적인 조건을 왜 조선에만 들이밀고, 일본은 무조건 OK냐는 게 문제입니다.<br>④ 전국시대 상업의 발달, 도시의 형성, 해외무역, 제가 맨날 보는 게 그런 책입니다. <br>일본에 도시가 없었다고 한 적이 없는데 이상한 소리 하는 사람이 많네요.<br>그런데 조선이랑 확연하게 차이나는 상업도시 운운은 &#39;근세 - 에도시대&#39;에 가서야 완성된다는 겁니다.<br><br>3. 화폐/무역...<br>① 화폐경제 좋죠. 근데 그 돈은 일본돈이 아니라 중국 동전입니다.<br>그 좋은 화폐 기본의 관고제(貫高制)가 왜 쌀 기본의 석고제(石高制)로 바뀌었을까요.<br>② 해외무역 좋죠. 돈부터가 중국동전이라 초석(硝石) 등 해외의존품목이 필요한데, 명나라가 허가한 공식무역은 그 잘난 감합/견명선도 전국시대엔 10년에 1번꼴이지만, 조선은 큰형님이 오지 말라고 해도 1년에 수 차례왔다갔다 합니다. 그러니까 중국해적/왜구/서양상인이 그 빈공간을 매우는 겁니다.<br><br>4. 거지...<br>일본이 우리보다 잘 살았는지 어땠는지는 이 영상의 대상이 아닙니다.<br>① 80년대에, 미국이 잘 사는 거랑 우리가 거지인 거랑 무슨 상관?<br>그때 한국은 개발도상국이지만 거지는 아니었고...<br>16세기의 조선이라는 나라는 조공무역으로 중국을 삥듣는 문명국이었으니, 1980년대 한국보다 세계 경제 순위는 어쨌든 높았을 겁니다.<br>② 조선이라는 나라가 거지는 아니었으니까 그 많은 쌀과 물자를 쌓아놓고 있었던 것입니다.<br>③ 나라 이야기 하는데, 일반 농민 가난으로 (삥뜯었다~) 논점을 이탈하려는 사람들이 있는데, 전국시대 일본 농민의 기본 세율은 50%입니다. 그게 좋은 거면 북한 가서 사세요.<br>④ 조선까들이 빨아대는 에도시대, 임진왜란 이야기하면서 엉뚱하게 들이대는 에도시대의 일본 농민도 죽지 않을 만큼만 남긴다고 자기나라에서 일컬어집니다.<br><br>5. 일본이 취미인 제가 항상 조선을 변호하는 아이러니는 어쩔.",93,2021-02-03T07:52:34Z
XjBq_QMzQck,이런 비판 영상 좋습니다. 물론 이 영상에서도 오류가 있을수있겠지만 이렇게 비판적의견을 제시함으로 인해서 발전이 되겠지요 제가 좋아하는 임용한 박사님과 토전사에 더 큰 정보를 더해주는것같아 매우 유익합니다. 임용한 박사님을 좋아해서 박사님이 한번씩 게스트로 나오는 영상들에 다른 분들도 나오는 영상에도 역사전공자가 아닌 제 눈에도 오류가 한개씩 보이던데 하나씩 올려주시면 좋은 컨텐츠가 될거같습니다,40,2021-01-04T12:44:18Z
XjBq_QMzQck,이 영상만 봤을 때 임 박사님은 &quot;임진왜란 당시 조선은 가난했다&quot; 가 아니라 &quot;임진왜란 당시 조선과 일본의 물산 유통 구조가 달랐다&quot; 를 말씀하시려는 것 같은데요 처음에 설민석 씨와 엮어서 보여 주실 땐 저도 임 박사님도 조선이 가난했다고 말씀하시는 줄 알았는데 아니네요 그리고 도시 라는 말도 토전사 나머지 분들이 이해하기 쉽게 현대의 도시 이미지로 말씀하신 거 같습니다 그래서 은행 이란 말도 쓰시고요 토전사를 보셨다니 기억하실텐데 토전사에서 임 박사님이 가끔 과거 발언에 대해 해명하실 때가 있어요 정확히 기억은 안 나지만 &quot;방송에서 설명하다보면 과장된 구사를 할 때가 있는데 그런 부분에서 오해가 생길 수 있다&quot; 라고요 역사에 지대한 관심과 지식을 가지고 계신 분 같은데 그 지식으로 방송에서의 발언을 이해하셨으면 어땠을까 싶네요 벌써부터 댓글엔 누가 못났니 잘났니를 따져서 시궁창이 돼 가는 것 같아서요 그 중에 기억나는 댓글이 하나 있네요 &quot;이래서 임 박사가 혀가 길구나&quot;,38,2021-02-14T05:07:48Z
XjBq_QMzQck,토전사 팬이지만 역사든 과학이든 어떤 학문이든 남의 다른 이야기를 듣고 스스로 판단하고 배우고 만약 내가 틀렸다면 인정하는 것이 정답이라는 생각으로 사는 사람입니다. <br>그런 의미에서 이 영상을 1분쯤 듣고 멈추고 이 글을 적습니다. 과연 어떤 이야기를 할까 기대됩니다. 그리고 영상의 내용과 별도로 블로그는 이웃추가하고 쭉 읽어보겠습니다. ^^,35,2021-01-28T15:54:33Z
XjBq_QMzQck,유익한 내용 정리해주셔서 감사합니다. 역시 역사는 고증의 학문인거 같네요.,31,2021-02-16T02:17:49Z
XjBq_QMzQck,감사히 잘 봤습니다! 많이 접했던 썰인데 충분한 근거를 들어 설명해주시니 비판적으로 재검토하게 되네요.,31,2021-01-13T00:18:11Z
XjBq_QMzQck,"역사 전공자로서 한마디 합니다. 아케치 님은 블로그 시절부터 굉장히 재밌게 봤는데 이렇게 유튜브 채널까지 개설하신 줄은 처음 알았네요. 진짜 별 개나 소나 다 상대하시느라 고생하십니다. 역사 전공자로서 웃기는게 물리학, 의학, 수학 같은 학문은 전공자들이 한마디 하면 그걸로 끝인데, 웃기는게 역사학은 별 개나 소나 다 전공자들에게 덤빕니다. 사료 한 줄 읽어 본 적도 없는 것들이 역사학은 쉽게 보이나 봅니다. 여기 댓글도 진짜 별 개, 소떼들이 다 난리들이네요. 그런데 정작 제대로 된 반박 논문이나 사료는 한 줄도 인용을 못하고 있죠. 아니 자기보다 더 잘아는 사람이 이야기하면 좀 그런가 할 것이지, 왜 암것도 모르는 인간들이 흥분해서 덤벼드는지 이해불가입니다.",31,2021-02-14T19:04:04Z
XjBq_QMzQck,가난해서 털게 없었다고 한게 아니고.. 창고가 띄엄 띄엄 있어서 털기 빡샜었다고 했었죠...,30,2021-02-10T08:55:33Z
XjBq_QMzQck,역사에 국뽕넣는인간들은 다 걸러야함,29,2021-02-13T01:53:14Z
XjBq_QMzQck,이래서 직접 사료읽으면서 공부해야해......유투브로 공부할려니 까도 까도 반박거리가 계속 나오네;;; 알고리즘으로 넘어왔지만 임용한선생님 반박은 처음보네요...신기해서 끝까지 보고갑니다,28,2021-02-16T02:13:55Z
XjBq_QMzQck,그러니까 거지는 아니지만 외부에서 조선을 점령하고 북상하려던 왜군이 전투에 동원하기에는 군량이 턱 없이 부족했기에 이게 쌀이 아예 없다는 것처럼 여겨지게 되었다는 거군.,28,2021-02-05T17:17:43Z
XjBq_QMzQck,믿고 거르는 설민석,26,2021-02-03T03:14:28Z
XjBq_QMzQck,솔직히 내전 100년한 국가 입장에서 조선은 부유하고 안정된 느낌의 국가였죠. 지금의 일본의 전통의 이미지는 에도시대에서 만들어진게 맞죠.,25,2022-02-12T02:28:50Z
XjBq_QMzQck,임진왜란 당시 약1400년부터 약1600년까지 소빙하기라고 해서 온도가 더 낮아서 서울은 한여름에도 눈이 올정도라고하니 당시 농업기술력으로는 농업생산량이 낮아지고 경신대기근에서도 그 영향이 나오는게 보입니다. 전세계적으로 위도가 높은 나라들이 힘든 상황이여서 일반적인 해석에 다각적인 이해가 더 추가해야된다고 봅니다.,22,2021-02-21T16:02:04Z
XjBq_QMzQck,여기가 그 일뽕들한테도 욕먹고 국뽕들한테도 욕먹는 채널인가요? 재활용도 못할 두 부류한테 비난받고 욕먹는거면 믿을만한거니까 구독 박겠습니다ㅋㅋ,22,2021-02-17T13:58:46Z
XjBq_QMzQck,"사료를 통한 반박, 통쾌하네요. 한편으로 장기간 평화가 유지된 덕에 전력만 제대로 갖췄으면 이렇게 쉽게 무너지지 않았을 수 있었던 게 임진왜란인데 수년간의 전쟁으로 조선 민중들이 희생되었어야 했던 게 너무 안타깝습니다.",18,2022-11-28T03:56:33Z
XjBq_QMzQck,임용한 박사께서도 관련내용 보시면 좋아하실 것 같습니다. 추천 박고 갑니다.,18,2021-01-06T15:17:54Z
XjBq_QMzQck,"아케치님의 의견에 반박할 의도는 없습니다. 맞는말씀 하신것이고, 현대인의 관점으로 임진왜란 당시를  판단해선 곤란하다는 인식도 같습니다. 다만.....  조선시대 중기까지 아니 어쩌면 조선시대 내내 조선은 자연부락중심의 자급자족사회였고, 조선의 정책에 따라 상업은 부분적으로 억제되었고, 그에 따라 물산의 이동이나 저장이 잘되지 않았던 그것의 워딩이 약간의 MSG가 쳐지면서 저런 말들이 나온것이 아닌가 합니다. 토크멘터리전쟁사 당시의 방송을 다시 보니 그 방송에선 조선의 도시란 기준은 인구가 모여있는 정도이고 물산이 모이지 않았다는 표현이 있는데,  아마 그당시 조선이라는 국가의 도시 또는 성읍이란 정치적 목적에 설립된 곳이란 의미로 말이 나오는 것 같습니다. 그 당시 그 방송을 들으면서 저도 그럼 세곡이 모이는 곳이나 관운선이 모인곳을 치면 되잖아 라고 생각했던 기억이 납니다. <br><br>조선침략 당시 조선의 도시를 차지해 보급을 원할히 하려했다는 게 일본의 의도였다는 이야기는 저도 솔직히 못믿겠습니다. 임란당시 일본은 이미 조선의 지정학적 자료를 많이 수집해놨고 고려 말의 경인의 왜구창궐 때도 왜구는 고려의 조운선의 경로나 위치를 정확히 파악하고 그걸 습격했습니다.  이러한 사정을 볼 때 일본이 조선의 성읍을 차지하고 보급에 필요한 물품이 없어 당황했다는 이야기는 저도 안 믿습니다.<br><br>우리나라는 은근 조선을 무시하는 인식이 이런 식의 말이 나오는 것 같습니다. 양란과 일본에 병합된 것이 그런 인식을 낳는 것 같습니다.  예전에 경제사를 들은 적이 있는데 조선의 경우 충분히 세계 20위권에 들을만큼 충분한 인구와 농업생산량 그리고 당대 최고급의 행정력을 갖춘 사실을 교수님이 학생들을 이해시키기 위해 노력하셨는데 학생들이 긴가민가하는 표정을 지었던 게 기억이 납니다. 조선을 좀 더 객관적 시각으로 이해할 필요를 느낍니다.",18,2021-02-03T21:57:24Z
XjBq_QMzQck,"읍성이라는 단어 자체를 제대로 모르는 분이 있네요.<br>1. 읍(읍내)에 두른 성곽을 읍성(邑城)<br>2. 성곽을 두른 읍이 성읍(城邑)<br>읍내/고을(邑)의 크기가 다르기 때문에  성곽의 크기도 천차 만별입니다.<br>읍성이라는 말도 원래 있는 개념이고...<br>조선이 읍성국가였다는 표현도 원래 있는 말인데... 거참..<br><br>[역사잡설] 이제는 &#39;읍내&#39;를 모르는 사람이 태반이다<br><a href=""https://blog.naver.com/halmi/222101367769"">https://blog.naver.com/halmi/222101367769</a>",18,2021-01-04T07:53:12Z
XjBq_QMzQck,그렇게 가난 했다던 조선이 실제로는 임진전쟁 발발 1년후에 각도 가용병력과 물자를 파악 할 정도면 절대 가난 한 거 아님. 당시 통신기술을 생각하면 엄청 대단한거임. 목릉성세라는 말이 있을 정도로 조선이 최고의 경제력을 가졌던 시기가 다름 아닌 선조임,17,2021-07-28T14:55:37Z
XjBq_QMzQck,이시대의 학자는 학식이나 실력보다 인기에 좌우되는 것이 가장 근본적 문제라고 생각합니다. 학자의 양심이 중요한 이유는 역사는 과거의 사실을 밝히는 중요한 학문이므로 스스로의 거짓에 관대한 자들이 절대 맡으면 안되는 영역이라고도 생각히구요. 학식은 많이 아는 것에 기초하는 것이 아닌 진실 가려내는 것에 있어야 할것입니다.,17,2021-02-13T10:42:31Z
XjBq_QMzQck,일본측자료 흥미롭습니다,17,2021-02-03T09:05:08Z
XjBq_QMzQck,이 말 맞아요 저도 임교수나 설민석씨 거 보지만 걸러 들어야 할건 확실히 해야죠. 그냥 다 믿으면 바보됩니다.,17,2021-01-25T12:24:24Z
XjBq_QMzQck,"토탈워 카페 그 아케치님이죠? 예전에 쇼군 토탈워 한글화 작업할때 몇번 쪽지로 전국시대 용어 질문드린적있는데 친절하게 잘 알려주시던 기억이 있네요.<br>설민석은 초창기 광해 광고 영상때부터 서인이 대동법에 반대했다는둥, 광해군이 애민군주였다는둥, 무한도전에 나와서 사도세자가 당파싸움에 희생되었다고했다가 사도 개봉즈음엔 부자간의 비극이랬다가 자기 책에선 또 정조가 즉위할때 나는 사도세자의 아들이다라며 일갈해서 노론이 벌벌떨었다고 적는등 사학자가 아니라 그냥 돈 주는곳 입맛에 맞게 떠들어주는 느낌이였습니다.",16,2021-02-16T16:18:39Z
XjBq_QMzQck,와 영상 너무 좋다 ...아주 좋은 정보 잘 보다 갑니다ㅎㅎㅎㅎㅎ,16,2021-01-18T15:26:31Z
XjBq_QMzQck,"임박사가 말하는 &#39;도시&#39;는 현재 관점에서의 &#39;도시&#39;이고<br>당신이 말하는 &#39;도시&#39;는 당시 관점에서의 &#39;도시&#39;<br>즉, 용어의 정의를 다르게 해놓고는 임박사가 발언에 대단한 왜곡이라도 있는 것마냥 ㅋㅋ",16,2021-02-03T03:05:22Z
XjBq_QMzQck,굿 설명 입니다,15,2021-02-03T11:47:15Z
XjBq_QMzQck,역사는 역사적 사료를 보고 사학자들의 개인 의견입니다. 다수가 동의하는게 중론이고 그렇지 않은것도 거짓도 아니고 진실도 아닙니다,15,2021-02-14T13:35:09Z
XjBq_QMzQck,기존에 우리가 알던 다른 시각의 이런 자료 좋습니다.^^,14,2021-02-11T13:11:54Z
XjBq_QMzQck,블로그에서 활동하실때부터 팬이었습니다 유익한 영상 감사해요^^<br><br>요즘 진짜 조선을 무슨 세기말 매드맥스 수준으로 보는 사람들이 너무 많아서 당황스럽습니다...,14,2021-02-07T17:01:21Z
XjBq_QMzQck,일단 설민석에서 웃음짓고 갑니다. 국뽕팔이,14,2021-02-14T01:38:35Z
XjBq_QMzQck,일본이 조선 경영하려고 했긴 했지요. 전국시대 농민들한테 50%씩 걷었는데 25%정도 걷으면 조선 농민들이 태합전하 만만세!! 라고 할줄 알았는데 10%바치던 조선 농민들 입장에선 잘 해주겠다더니 별안간 25%걷어가겠다니 날벼락이었을 뿐. ㅇㅇ,13,2021-02-14T17:24:23Z
XjBq_QMzQck,대부분에 증빙자료들이 일본애들에 글이나 편지 등이군요 한마디 하자면 조선왕조실록 부터  먼저 보시죠...그게 정사입니다 왕실이 쓴 역사보다  더 진실된게 잇을가요?  국뽕도 좋지만  현실적인  역사부터 보시길.,13,2021-02-13T08:21:11Z
XjBq_QMzQck,10년이상 전에 낭풍카페때부터해서 아케치님 게시글이나 블로그봐왔는데 덕분에 전국시대에 대해서 많이 공부했었습니다. 가르침주셔서 감사합니다!,12,2021-07-06T15:04:04Z
XjBq_QMzQck,"상공업적 시스템의 누락이 조금 느껴집니다. 가령 이순신장군의 경우 여타 조선군과 마찬가지로 초기에 식량조달이 원활하지 않았습니다만 정유재란당시 일반적 조선군과는 다르게 고금도 주둔후 자체 둔전과 염전사업을 통해 내부조달 시스템화를 성공하였죠. 삼국지시대 제갈량의 경우도 파촉지방의 돌염전을 상업화하여 촉한의 경제시스템을 획기적으로 발달시켰고 그것이 제갈량 북벌과 사후에도 수십년을 버티게한 원동력이 되었죠. 이 두가지 사례에서 제가 궤를 같이 한다고 보는건 상공업의 시스템화가 선행되어야 단순 쌀가마니 이상의 경제적 안정성을 부여한다는 것에 있습니다.<br>아마 임진왜란 당시 일본이 조선에 털어먹을게 없다는 일본의 생각은 군량미로 쓸 쌀 이전에 일본 자체 경제시스템에서 일종의 &#39;돈&#39;이라고 취급될 재화가 조선에 마땅히 보이지 않는다가 더 적합할거 같습니다. 그들은 그당시 은본위제였고 은으로 치환가능한 재화가 1) 많고 2) 조달이 쉽게 조선땅에 존재하여야는데 조선은 그저 쌀만 많았을뿐 장기적 주둔, 지배 관점에서는 시스템화가 안되있으니 초기에는 해먹을게 없다 이런게 아닐까 싶습니다. 군량미도 사실 당장에는 아무리 조선이 많이 쌓아놓았다한들 읍성단위로 보면 많았겠지만 일본의 대병력군단 관점에서는 소소한 군량이었을 겁니다. <br><br>그래도 저도 다시한번 생각해본 좋은 영상이었습니다. 저도 오랜시간 고민을 해보았네요 간만에. 저의 의견이 아케치님께 불편하지 않았으면 좋겠고 이런 귀중한 영상 앞으로도 더 만들어 주십시오!!",12,2021-10-17T03:53:11Z
XjBq_QMzQck,훌륭한 내용 잘 봤습니다. 조선의 중앙집권 체제가 너무 저평가되었다는걸 알게 되었습니다.,12,2021-01-05T16:12:15Z
XjBq_QMzQck,잘 봤습니다. 낭설을 퍼뜨리는게 유튜브의 역기능이라면 이런 영상이 순기능이라 할 수 있겠네요.,12,2021-02-04T09:12:21Z
XjBq_QMzQck,조선은 거지 맞았음 이게 팩트지.,12,2021-02-13T11:27:00Z
XjBq_QMzQck,훌륭한 영상 감사합니다.!,11,2021-01-22T05:14:54Z
XjBq_QMzQck,"유튜브에 이런 영상이 많아져야할텐데요....<br><br>이런 영양가있는 영상은 언제든 환영합니다.",11,2021-01-04T07:35:42Z
XjBq_QMzQck,조선이 가난했으면 임진전쟁때 100년간 잔뼈굵은 일본상대로 개전 1년만에 어떻게 수십만을 뽑나... 하여간 조금만 생각해도 나오는 문제를 말입니다.,11,2021-01-04T12:36:17Z
dU5nxFtgJWE,그랬다 설민석 이분은 이걸로떴다,37,2021-01-11T07:18:03Z
dU5nxFtgJWE,설쎔 응원해요.<br>설쌤 힘내세요.,34,2021-01-11T06:59:36Z
dU5nxFtgJWE,설쌤 덕분에 한국사 를 더 많이 이해하고 재미있게 강의하신<br>덕분에 한능검 도 붙게 되었는데<br>늘 감사하게 생각합니다,30,2021-04-20T21:51:27Z
dU5nxFtgJWE,설민석샘 화이팅!!!♡,27,2021-01-11T13:20:46Z
dU5nxFtgJWE,이거본지오래됫는데  미미광어는  잊혀지지않음  설쌤의  암기법은 독보적,21,2021-10-10T05:59:13Z
dU5nxFtgJWE,우리 가족 모두 설샘 응원합니다 💙<br>설샘 덕분에 한국사를 쉽고 재밌고 의미 있게 바로 공주 할 수 있었어요 지치지 마시고 힘내시고 꼭 다시 우리 옆에서 좋은 강의 계속 해 주세요~^^💙💙💙,18,2021-01-11T07:38:31Z
dU5nxFtgJWE,"<a href=""https://www.youtube.com/watch?v=dU5nxFtgJWE&amp;t=77"">1:17</a>초에 저쫍은틈사이로 미미광어가 나오넼ㅋㅋㅋㅋㅋ 대단한 미미광에!<br>대단한 미미광어 다이어트!",17,2021-01-11T10:32:51Z
dU5nxFtgJWE,설쌤 ㅈ제발 선녀들 나가지 말아요ㅜㅜㅜ<br>선녀들은 내 인생이라구요ㅜㅜㅜㅜㅠㅜ,16,2021-01-12T00:42:49Z
dU5nxFtgJWE,설샘보고싶으요 <br>선을넘는 녀석들 <br>진짜 좋았는데 <br>역시  적페들이 득실 득실 <br>힘내시고 지나가리라 생각하시고  유트브에서 뵐께요,14,2021-01-11T07:20:41Z
dU5nxFtgJWE,단대 천안캠 연극영화과 출신<br>연기나 하세요,14,2021-01-13T03:11:46Z
dU5nxFtgJWE,설쌤 ~♡♡,13,2021-01-11T06:59:56Z
dU5nxFtgJWE,어제 미스터션샤인 1회 정주행 시작했는데 신미양요 보고 바로&#39;미미광어&#39; 생각나서 검색해봤네요 세월이 흘러도 머릿속에 선명히 남아있는 미미광어!! 설쌤암기법 최고인듯,12,2022-03-25T03:58:19Z
dU5nxFtgJWE,설쌤..응원합니다~~~♡,11,2021-01-11T07:01:17Z
dU5nxFtgJWE,항상 응원합니다~,11,2021-01-11T07:07:10Z
xJxLIBYBsZQ,단국대 연극영화과 나온 설민석은 조수들이 만들어준 역사 대본에 연기를 더해 방송하는 연예인 ... 이런 양아치들을 걸러내야합니다.,77,2020-12-30T05:41:46Z
xJxLIBYBsZQ,아버지가 금수저 국회의원인데 대학교때 집안이 가난하여 갖은 알바를 다했다고 회상하는 클라스.... 대중이 좋아하는걸 잘 캐치하고 충실히 연기하는 놈이죠,41,2020-12-30T07:24:35Z
xJxLIBYBsZQ,국뽕은 세월호 선장하고 똑같은거 같습니다.,40,2020-12-30T05:56:53Z
xJxLIBYBsZQ,좋아요 제한이없다면 무진장 꾹 꾹 눌 러드리고싶은 강의였어요<br>애들 앞에서 일부러 틀어놓는 방송 입니다.막판 욕강좌까지😂😂😂,37,2020-12-30T06:06:46Z
xJxLIBYBsZQ,정말 유재일님 방송 많은 분들이 봐야 합니다.,33,2020-12-30T07:03:20Z
xJxLIBYBsZQ,주사파 전교조교욱식<br>대표님  많이 배웁니다,31,2020-12-30T07:01:10Z
xJxLIBYBsZQ,자유민주주의  지킵시다~,30,2020-12-30T06:09:05Z
xJxLIBYBsZQ,"이투스 있을때도 강의랑 문제 오개념이 너무 심해서. 원래 그분의 조교나 스텝이외에도, 대학원생들을 이투스에서 따로 붙여서 관리 했다고 다른곳에서 들었어요ㅜㅜ 이념을 떠나서 제대로 팩트도 모르는 사람이 역사강사라는 타이틀을 가진다는거 자체가 말이 안돼요 ㅜㅜ 이제 인강 안찍고 방송만 한다고 했다고 그게 해결되는게 아니죠. 아이들을 위해서라도 방송도 당연히 그만 두는게 정상입니다. ㅜㅜ",28,2020-12-30T06:50:53Z
xJxLIBYBsZQ,설민석이는 진짜 몰라서 그렇게 뻔뻔할수 있던게 아닌가 싶습니다.,25,2020-12-30T06:24:36Z
xJxLIBYBsZQ,만주에 있었던 독립투사들 내분보고 도산 안창호선생이 아주 기겁했었다는 일화가 있꾸요<br>상하이 김구 한테 미국에서 돈 모아서 많이 보내줬던거 다 아는 사실이쥬   <br>근데 역사에서 자세히 절대 안가르쳐 주져 ㅎㅎㅎㅎ,23,2020-12-30T06:26:12Z
xJxLIBYBsZQ,그 어느 때 보다 <br>기억에 남을 강의였습니다<br>자라나는 새싹들에게 알려주고 싶은^^<br>인생사에서<br>올바른 역사관을 갖는다는건<br>너무도 중요 하기에!,23,2020-12-30T06:48:15Z
xJxLIBYBsZQ,설민석보다 유재일이 천배 낫다 👍,22,2020-12-30T06:06:06Z
xJxLIBYBsZQ,근데 교이쿠센세는 일뽕인데 대깨라니 혼종이네요,22,2020-12-30T05:45:36Z
xJxLIBYBsZQ,나도 전교조 교육의 피해자다... 전교조 교육은 선진국 교육이 아니고 후퇴 시키는 교육이다... 설민석 같은 사람이 제대로 써먹지 못하는 전교조 입시 교육의 상징이기도 하죠. 민족주의 교육을 할게 아니라 독일 실용 교육을 해야 되... 독일은 정치가 필수라고 하더라고요? 젊은 사람들이 정치에 관심 가져야 썩은 정치를 바꿀 수 있어요! 70퍼 넘는 사람들이 마이스터 고등학교를 가는 독일이 당연히 산업이 부강하고 어렸을 때 바로 독립할 능력이 되지!,21,2020-12-30T06:42:15Z
xJxLIBYBsZQ,유재일 최고다!,18,2020-12-30T05:43:00Z
xJxLIBYBsZQ,참지식인 유재일,18,2020-12-30T06:07:20Z
xJxLIBYBsZQ,👍👍👍,17,2020-12-30T05:44:48Z
xJxLIBYBsZQ,대한민국 건국은 팻맨 리틀보이 열사 덕분,17,2020-12-30T05:57:51Z
xJxLIBYBsZQ,역사 앞에서 솔직해질 수 있는 시간 좋았습니다,16,2020-12-30T06:20:32Z
xJxLIBYBsZQ,최곱니다. 감사합니다. 건강 잘챙기세요,15,2020-12-30T06:07:41Z
xJxLIBYBsZQ,처음 알았습니다. 감사합니다.,13,2020-12-30T05:51:08Z
xJxLIBYBsZQ,좋은 말씀 감사합니다..<br>소름 끼칠 정도였어요...<br>이 보석을 이제야 찾았어 ㅋ,12,2020-12-30T07:49:19Z
xJxLIBYBsZQ,재일이형 때문에 하루하루가 사이다 나치 괴벨스 같은 국뽕 설OO OUT,12,2020-12-30T10:51:14Z
rMV7Aw9phMo,솔직히 선생님 강의가 제일 재밌어요 어쩔수가 없네요,37,2021-03-03T06:38:14Z
rMV7Aw9phMo,선생님ㅜㅜ 정말로 선생님 한국사 수업말고는 다른 강의 볼만한게 없는데ㅜㅜ 지금 정말로 힘든 시기인거 알고 있습니다 그러나 시간이 지나고 나면 다시 상황이 바뀔 것입니다ㅜㅜ 선생님 항상 감사합니다ㅜㅜ,26,2021-01-11T16:07:07Z
rMV7Aw9phMo,설민석 선생님 항상 응원합니다.,21,2021-01-11T18:21:21Z
rMV7Aw9phMo,진짜 제가 존경하던 선생님이 이지경이 되었네,18,2021-01-14T08:55:29Z
rMV7Aw9phMo,설민 석이 손찬이형 잘있니?,13,2021-02-12T14:57:18Z
rMV7Aw9phMo,석사 털리고 일반인됬는데 강의할 자격이 있긴한거노 ? ㅋㅋㅋㅋ,13,2021-01-17T01:15:33Z
rMV7Aw9phMo,선생님~~~   다시 나오셔요~^^<br>다른 강의는 넘~~~~ 재미 없어요<br>우리 딸아이도 친구들도 설샘 강의 다시 듣고 싶어 해요~<br>제~~~~~ 발^^,12,2021-01-14T01:14:08Z
rMV7Aw9phMo,TV 짤리더니 유튜브로 기어나왔네 ㅋㅋㄲ,12,2021-01-11T12:28:23Z
rMV7Aw9phMo,출퇴근길에 쌤 강의 들으면서 한능검 준비하고 있어요! 늘 재밌는 강의 너무 감사합니다. 선녀 일요일마다 챙겨봤었는데 ㅠ 아쉬워요 빨리 선생님 다시 티비에서 뵙고 싶네요 ㅠ,11,2021-01-21T16:04:24Z
rMV7Aw9phMo,선생님 덕분에 역사에 얼마나 많은 흥미가 생겼는지 몰라요 응원합니다 설쌤👍🏻❤️,11,2021-01-18T11:29:18Z
rMV7Aw9phMo,"강사는 잘 가르치면 되고, 역사 연구는 교수나 연구원이 하면 되지. 하여튼 한국인 질투, 시기는. 역사 교육을 쉽게 풀어서 대중들에게 전달한 공은 생각 안하고",11,2021-01-21T14:00:49Z
i8nvLSDNWyI,사실관계를 잡아주는 것은 좋은 일입니다. 그런데 비꼬고 비아낭식의 설명은 대중을 멀게만 할 뿐입니다. 설민석같이 사실관계를 말하지 않는 강사들에게 대중과 접촉할 기회를 뺏기지 않고 올바른 역사를 전달하고 싶다면 그런 고민이 필요해 보입니다. 설민석이 말한 틀린 부분을 지적할 때에는 깔깔거리고 조롱하듯 말하지 말고..진중하게 반박을 하는게 좋으며 내가 아는 지식을 전달할 때에는 서로 깔깔거리면서 유머스럽게 풀어가는게 더 좋아보입니다.,42,2020-12-31T04:42:49Z
i8nvLSDNWyI,설민석 단대 천안캠퍼스 <br>연극영화과 출신임<br>학력위조 하려고 대학원간거!<br>그냥 연기자 일뿐!<br>전문가가 아님! ㅈ문가!,18,2020-12-31T01:52:22Z
i8nvLSDNWyI,역사를 배울때는 너무 비장하지 말자는 얘기가 마음에 와닿네요.,14,2021-02-13T14:18:16Z
i8nvLSDNWyI,하지만 한가지 설가 가 설치는 동안 소위 똑똑한 대학자 님들은 뭐하셨나?<br><br>그게 제일 궁금하다!<br>계속 뒷목만 잡으셨지 그 다음이 없었잖아!<br><br>적어도  여기 계시는 분들은 이덕일 같은 자들과 맞짱이라도 떳지! 나머지 들은!,13,2021-02-15T08:27:04Z
