﻿Video_ID,comment_text,comment_likes,comment_date
UvGnqLmkYhY,공인이라 들통난거지 옛날에 석박사 취득한 사람들 전부 표절여부 돌려보면 표절율 50프로 많이들 넘을걸요~~,1854.0,2020-12-29T13:27:53Z
UvGnqLmkYhY,어차피 평생 쓸 돈 벌고도 남을텐데 그깟 하차쯤이야 뭐ㅋㅋ,657.0,2020-12-29T13:08:10Z
UvGnqLmkYhY,우리나라는 석박사 표절 전수 조사 하면 몇명 못살아 남는다니까요  ㅋㅋ,555.0,2020-12-29T13:16:33Z
UvGnqLmkYhY,아니 사과도 강의 톤으로 하네 ㅋㅋㅋㅋㅋㅋ,502.0,2020-12-29T15:53:10Z
UvGnqLmkYhY,"설민석은 뛰어난 전달자일 뿐, 뛰어난 학자는 아니다",453.0,2020-12-29T16:30:02Z
UvGnqLmkYhY,스타강사로 이미 방송출연 전에도 십수억을 벌었던 사람이고 방송활동 이후로 광고등 개런티로 이미 수십억을 벌어들였을 것이다  처벌을 받을 사안도 아니니 손털고 떠나도 그는 아무 손해가 없다..,436.0,2020-12-29T13:16:22Z
UvGnqLmkYhY,"사람이 좀 모를 수도 있긴 한데, <br><br>잘 알지도 못 하는 걸 돈 받고 떠들었으면 그건 확실히 문제지",406.0,2020-12-29T13:19:19Z
UvGnqLmkYhY,석사학위자들 전수조사 합시다.<br>형평성에 어긋난다.  교육부에서 전수조사팀꾸리면 가능<br>이번기회에 모든거 다 리셋합시다.,404.0,2020-12-29T17:02:02Z
UvGnqLmkYhY,요즘 세상 정보력 장난 아니네 ㄷㄷㄷㄷ<br>분명 비슷한 사람들 떨고 있을듯.,396.0,2020-12-29T13:14:59Z
UvGnqLmkYhY,논문표절은 큰 죄인데 별것 아닌것처럼 얘기하는 사람이 많네. 엄연한 도둑질이고 사기행위입니다. 학계를 좀먹는 쓰레기이고요,375.0,2020-12-29T15:59:45Z
UvGnqLmkYhY,참이든 거짓이든 이런거 보면 사람 인생이 어떻게 흘러갈지 모르니 언제나 정직하고 충실히 살아야겠다는 생각이 듬(×) 듦(o),372.0,2020-12-29T14:46:12Z
UvGnqLmkYhY,도대체가<br>최초 원본 논문 쓴 사람은 자기가 쓴 논문이 역사에 회자 될 줄 알았을까ᆢㅋㅋ,307.0,2020-12-29T13:25:46Z
UvGnqLmkYhY,&quot;His story&quot;,262.0,2020-12-29T17:07:15Z
UvGnqLmkYhY,홍진영은 가수인데도 사람들한테 돌팔매질 당했는데 설민석은 지식을 팔아 먹고 사는 사람이니 끝났다고 봐야지.,233.0,2020-12-29T15:16:08Z
UvGnqLmkYhY,중학교때 저양반 책 냈을때 읽어보고 사실과 너무 많이 다른 내용이 많이 나와서 사기꾼이라고 했다가 조리돌림당한거 기억나네. 유명인 말이라면 그냥 믿고 보는 비판적 사고가 결여된 대한민국을 교육이 다시 고쳐나가야 한다.,202.0,2020-12-30T15:49:49Z
UvGnqLmkYhY,그니까 이 분이 역사 이해되기 쉽게 설명 하는건 맞는데 제작진이나 설민석 욕심이 많았던거지. 자기 전문이 아닌걸 하려다보니 급하게 준비하고 그러다보니 계속 틀린 정보를 방송에서 말하는거지.,201.0,2020-12-29T14:41:46Z
UvGnqLmkYhY,모르고 한 것이랑 알고 한 것이랑 천지차이,172.0,2020-12-29T13:04:17Z
UvGnqLmkYhY,이런 젠장 설민석 해주는게 집중력 지리는데ㅜ.ㅜ,168.0,2020-12-29T13:29:33Z
UvGnqLmkYhY,"우리나라 언론에서 가장 좋아하는 것<br>높이 띄어주고 <br>완전히 몰락시키는 것<br>그리고 더 재미 있는 것은<br>그럴 즐기고, 원하는 이상한 사람이 있다는 거!!!!",164.0,2020-12-29T13:14:08Z
UvGnqLmkYhY,설민석 뿐만이겠냐? 카피킬러 나오기 전에 작성된 논문 대부분이 그럴걸?,155.0,2020-12-30T14:06:09Z
UvGnqLmkYhY,윗대가리들부터 조사하면 좋을텐대ㅋㅋㅋ,154.0,2020-12-30T10:11:52Z
UvGnqLmkYhY,전달력만큼은 정말 최곤데...너무 안타깝다 ㅠ,153.0,2020-12-29T13:33:17Z
UvGnqLmkYhY,배순탁한테도 털림 ㅋㅋㅋㅋㅋ<br>음악은 장르가 다르잖여 ㅋㅋ<br>건딜걸건드려야디ㅋ 그러다 피똥싼다?,144.0,2020-12-29T13:13:36Z
UvGnqLmkYhY,성인들은 그렇다쳐도 애들은 적잖이 충격이 크겠네..,139.0,2020-12-29T13:38:28Z
UvGnqLmkYhY,논문 낸 사람 전부 검수하면 엄청 많이 나올듯ㅋㅋㅋㅋㅋㅋㅋ,135.0,2020-12-29T14:24:47Z
UvGnqLmkYhY,표절이면 학위박탈이니까 그럼 최종학력은 단국대 천안캠퍼스 연극영화과졸업생이네,134.0,2020-12-29T18:33:06Z
UvGnqLmkYhY,그래도 사과를 하는 모습 자체는 좋네요. 우리나라는 윗 사람이든 유튜버든 잘못에 대해 사과를 안하는데...,129.0,2020-12-29T13:35:38Z
UvGnqLmkYhY,국회의원 논문표절한넘들 엄청날껄?,121.0,2020-12-29T15:02:07Z
UvGnqLmkYhY,그래도 가르치는 능력은 뛰어난 사람임에는 분명한데 재능이아깝네,118.0,2020-12-30T17:00:05Z
UvGnqLmkYhY,52%..? 이정도면 대학생이 레포트 쓸려고 자료 복붙해서 모아 논거 아니냐..,117.0,2020-12-30T12:30:08Z
UvGnqLmkYhY,역사 강사거 왜 째즈까지 건드렸어,88.0,2020-12-29T14:15:48Z
UvGnqLmkYhY,스님 가수 그리고 선생까지..,86.0,2020-12-29T13:21:24Z
UvGnqLmkYhY,아니 애초에 역사 전공이 아닌데 ㅋㅋㅋㅋㅋㅋㅋㅋ 그걸 좋다고 방송사에서는 섭외하고 그걸 또 좋다고 인강 듣는 애들은 또 뭐야,84.0,2020-12-29T12:57:23Z
UvGnqLmkYhY,일반인들에게 한국사에 관심을 가지게 해 준 부분은 감사하게 생각하지만....공인이 되셔가시고 잘못된 역사를 알려준 것이 문제이죠... 차라리 세계사 전문가들과 만나서 강의 내용에 대해<br>조언을 구하고 강의를 했다면 이 정도는 안되었을 텐데...쯧...,83.0,2020-12-29T13:44:23Z
UvGnqLmkYhY,일반대학원 아닌 행정대학원 등등 다 털어봐 한 두개가 아닐거야. <br>그리고 남자 연예인 대부분이 군대기피로 석사다 소지하고 있는데 과연 진짜 썼을까? 라는 생각은 일반국민이면 다 하지,82.0,2020-12-29T15:13:46Z
UvGnqLmkYhY,이제 한점 부끄럼 없는 사람만이 이사회 표면에서 일하는 시대가 왔네요 다들 정직하게 삽시다,82.0,2020-12-30T11:08:03Z
UvGnqLmkYhY,좀더 공부 하시길......그리고 방송국pd들도 반성해라 스타강사에 의존해서 신청률 올릴려고 했던 얄팍한 자기 자신을.....,74.0,2020-12-29T13:11:01Z
UvGnqLmkYhY,강사도 하차해라<br>사기꾼이네,71.0,2020-12-29T13:00:38Z
UvGnqLmkYhY,앞으로 높은자리까지 오르려면 정직하게<br>살아야된다는걸 아시길~~~,66.0,2020-12-29T13:00:54Z
UvGnqLmkYhY,그래도 설민석이얘기해주는게  젤로잼있어,65.0,2020-12-29T14:30:47Z
UvGnqLmkYhY,사기꾼  젤 많은 나라가 대한민국 이지 싶다.<br>부끄럽다.,63.0,2020-12-29T13:30:41Z
UvGnqLmkYhY,역사는 기록이지 소설이 아니므로 소설처럼 재미가 있을 수 없지,61.0,2020-12-29T13:15:19Z
UvGnqLmkYhY,고등학교때 한국사쌤이 설민석은 강사가 아니라 배우라고 했던게 기억나네,59.0,2020-12-29T15:45:39Z
UvGnqLmkYhY,ㅋㅋㅋㅋㅋ유행이었다니 다 그랬다니 ㅋㅋㅋ  아주 편들고 난리들 났네 ㅋㅋㅋ 그럼 그사람들이 학위따서 이득을 취한게 불공정한게 달라져?? ㅋㅋㅋㅋㅋ 학위 팔이 엄청 했을텐데 안그럼?? 몇명이든 다 전수조사해서 다 짜름 남는 사람들이.진짜 학자인거지 그 사람들은 더 우다받아도 된다 생각한다.,58.0,2020-12-29T15:55:57Z
UvGnqLmkYhY,검찰아 압수 수색 해서 대학원 업무 방해한것에 대해 7년은 구형 해야되는거 아니냐?,57.0,2020-12-29T13:07:17Z
UvGnqLmkYhY,진짜 설민석 인강 재밌으면서도 설명 잘해서 즐겨들었는데....ㅠ 속상하네,57.0,2020-12-30T03:03:14Z
UvGnqLmkYhY,목소리나 강의 방식이 귀에 쏙쏙 들어와서 집중 잘 됐는데.. 아쉽습니다.,56.0,2020-12-30T13:51:10Z
UvGnqLmkYhY,이 기회에 논문표절한 사람들 자진<br>신고하는 기간을 가져야 겠다.<br>문제있는 사람을 방송에서 계속 쓰는<br>이유가 뭐지. 앞으론 나오기 힘들겠네,54.0,2020-12-30T04:10:09Z
UvGnqLmkYhY,사과는 진짜 다른사람들보다는 잘하네. 설민석이 계속 틀리는 부분이 시청자들이 쉽게 이해하도록 비유하다가 뭔가 이상해지면서 와르르 무너짐. 좋은 의미로 한 것일텐데 역사를 왜곡했으니 잘한점과 못한점을 나누자.,54.0,2020-12-30T08:53:02Z
UvGnqLmkYhY,평생먹을돈 벌지 않았나???단물 제대로 빼먹었네ㅎㅎ,54.0,2020-12-29T13:03:44Z
UvGnqLmkYhY,ㅋㅋㅋㅋㅋㅋㅋㅋㅋㅋㅋㅋㅋ.우리나라에 학자가 없는 이유.사기꾼만 있는 이유,51.0,2020-12-29T15:14:54Z
UvGnqLmkYhY,주위에 설민석 이상으로 논문 표절해서 석박사학위  취득한 사람 수없이 많을 걸.<br>다들 말 안 할 뿐이지.<br>안 걸리면 장땡인 게 그 분야 아닌가.,50.0,2020-12-30T10:45:26Z
UvGnqLmkYhY,근데  설민석 처럼  재밌게 강의하는 역사선생 못봤다.   아깝네,50.0,2020-12-30T11:22:05Z
UvGnqLmkYhY,"우리나라 논문 표절자들 수두룩할 것이다. 정치인, 검사, 판사 등 모조리 조사해야됨.",45.0,2020-12-29T14:58:29Z
UvGnqLmkYhY,국사전공자 아니지만 잘나간다고 배아파하던 사람들 은근 많았는데  그래도 딱딱한 역사 재미있게 해설해주는 건 인정합니다,45.0,2020-12-29T13:32:43Z
UvGnqLmkYhY,거짓은 언젠가는 밝혀지는구나...,44.0,2020-12-29T13:08:31Z
UvGnqLmkYhY,안타깝지만 역사 강의하다가 역사가 되었네요 ㅠㅠ,43.0,2020-12-30T06:56:49Z
UvGnqLmkYhY,옛날에 책 읽어주는 직업이 있었다고 하는데.. 그게 현실판이 된거 아닐까??,42.0,2020-12-29T13:17:51Z
UvGnqLmkYhY,논문표절이 어디 한두사람 문제인가 솔직히 50%정도면 준수한거 같은데 고위공직자부터 고위사짜들 전수 조사하면 90% 이상은 논문표절로 걸려 들어갈걸,41.0,2020-12-29T13:56:38Z
UvGnqLmkYhY,이투스: .......,41.0,2020-12-30T06:27:34Z
UvGnqLmkYhY,&quot;터질게 터졌다&quot;,41.0,2020-12-30T10:35:30Z
UvGnqLmkYhY,현역 학원강사를 방송에 출연 본인 홍보해주는  방송사는 특혜 조사해라.,39.0,2020-12-29T19:07:45Z
UvGnqLmkYhY,"나는 몰랐었지.. 한때 내가 좋아했었고, 미래에 저런 사람이 되고 싶었었는데, 실망감이 큰 것 같다..<br>잘 되기를 비는 연애인 중 무조건 잘 되야만 할 거 같다고 생각했는데, 진짜 다시 말하는 거지만.. 실망이 너무 커서 내가 다 슬프네요..<br>다음부터는 이런 사건 안만드시면 좋겠고, 이러한 사태가 다시는 안벌어지면 좋겠습니다.. 😭😭😢",38.0,2020-12-29T15:22:42Z
UvGnqLmkYhY,해먹을만큼 했자너ㅋㅋㅋ,37.0,2020-12-30T08:07:47Z
UvGnqLmkYhY,이 인간은 전부터 그랬음 연극영화과인가 나와서 듣기좋고 보기좋은거였지. 그래서 영리하게 이미 다 정형화되있는 수능한국사같은 학생들 상대 인강찍은거고,36.0,2020-12-30T03:57:17Z
UvGnqLmkYhY,역사를 잊은 민족에게 미래는 없다며??<br>근데 그 역사를 왜곡해서 가르친건 이제 그 민족에게는 미래가 없는건가?<br>아니면 미래가 없는 민족을 만들고 싶어서 역사 왜곡을 한건가?,35.0,2020-12-30T07:47:52Z
UvGnqLmkYhY,단국대 연극영화과 - 연세대 교육대학원의 말로 ㅋ,35.0,2020-12-29T12:58:46Z
UvGnqLmkYhY,그래도 설민석 선생님 덕분에 역사에 관심을 갖게되었습니다 극단적인 생각은 마시고 나중에 다시 만나요ㅠㅠ...,33.0,2020-12-29T13:57:57Z
UvGnqLmkYhY,ㅋㅋㅋㅋ  이제 웃음만 나온다... ㅎㅎㅎ,33.0,2020-12-29T12:42:06Z
UvGnqLmkYhY,아~ 귀에 쏙쏙 들어오는 강의<br>너무나 좋아보였는데요...<br>안타깝네요,32.0,2020-12-29T13:27:09Z
UvGnqLmkYhY,한국사는 기가막힌 사람인데 저분 강의 수능보기전 대충 1번만 보고가도 1등급 날먹 정도 였는데 아쉽네 ㅠㅠ 저분 강의 듣고 수능준비 하던게 몇년전이였는데,32.0,2020-12-29T15:35:29Z
UvGnqLmkYhY,한국사람치고 책임을 지네,32.0,2020-12-29T14:34:14Z
UvGnqLmkYhY,"저런게 창조 먹튀지  돈은 엄청벌고 나몰라 손털면 끝<br>엄청 나댄다  했다,,,",31.0,2020-12-29T16:37:42Z
UvGnqLmkYhY,아~ 표절로 논문 낼꺼면 세상 모든사람들이 논문내겠다.<br>아쉽네... 다음에는 잘하고 나오길 바랏는데... 아쉽네... 근데 지금껏 번 돈은... 흠...,30.0,2020-12-29T13:27:29Z
UvGnqLmkYhY,솔직히 강의력은 정말 발군이였다고 생각되는게 유튜브로 틀어놓으면 귀로만 듣고 있는데도 전달력이 쏙쏙 들어올 정도로 <br>강의는 잘함. 개인적으로 한국사에 대해 대중적 관심을 가지게 하고 몇몇 유익한 강의도 분명 있었기에 조금 안타깝기도 함.,30.0,2020-12-29T14:15:40Z
UvGnqLmkYhY,에~혀 또 논문표절 사학 전공도 아니라고 하던데<br>참 한국은 사기군들이 돈벌기 너무쉽다.<br>강력하게 처벌해라  🤬,30.0,2020-12-29T13:18:45Z
UvGnqLmkYhY,설민석 강의로 싫어했던 역사에 관심을 갖게 됐는데 너무 안타깝다ㅜㅜ,29.0,2020-12-30T10:23:44Z
UvGnqLmkYhY,애초에 입시학원 스타강사 깜도 안 된 연극과 졸업생이었네,29.0,2020-12-29T13:28:42Z
UvGnqLmkYhY,이번기회에 전국민 학력관련 심사 기준을 확실히 정립 되길 바랄뿐. 국회의원들 전수조사하자,28.0,2020-12-31T04:01:05Z
UvGnqLmkYhY,많은 사람들이 잘못된 강의를 듣고 그 정보를 다른사람들에게 또 알려주고 퍼뜨리면 그게 사실이된다. 참 무서운것임.<br>역사왜곡은 엄청 큰 잘못임.,28.0,2020-12-29T13:43:04Z
UvGnqLmkYhY,석사논문 자체가 취소되면 학위박탈이라<br><br>역사강의조차 못함<br><br>다들 역사전공인줄아는데 대학원석사망 역교과고 학사는 연극영화,28.0,2020-12-29T17:16:29Z
UvGnqLmkYhY,학사도 사학전공 안하신분이 그나마 역사교육학 석사논문도 표절에 의한거라면 그 전문성에 의심이 가긴합니다.,28.0,2020-12-30T03:53:18Z
UvGnqLmkYhY,이쯤되면 논문 표절 안한 사람 찾기가 더 어려울듯,28.0,2020-12-29T13:06:32Z
UvGnqLmkYhY,그래도 내가 역사에 관심 가지게 하신분...다른분들이 가르치는거는 흥미가 안생기는데 이분 꺼는 흥미가 생겼다..그런분이라 뒤통수 세게 맞은 느낌이지만 이제 본업에 충실하셨으면...ㅜ,27.0,2020-12-29T13:48:37Z
UvGnqLmkYhY,"설민석에게 이런 모습이 있었다는게 화나기도하지만 역사를 좋아하는 나는 선을 넘는 녀석들, 벌거벗은 세계사, 요즘책방... 엄청 재밌게 봤는데 갑자기 이런 일 때문에 뚝 사라지는게 너무 마음아프다. 과연 설민석의 자리를 대신해줄 사람이 나오려나...커버쳐서 원래대로 돌아오는건 더 에바겠고...",26.0,2020-12-29T13:59:05Z
UvGnqLmkYhY,설민석까지 이런데 석사 학위자들 얼마나 엉터리일까..돈주고 학위 받은 사람들 태반이겠지만 어떻게 다 찾으려나,26.0,2020-12-29T13:14:16Z
UvGnqLmkYhY,국내 대학원이 인정을 못 받는 이유........<br>전수조사 한번 해 보면 어떨까요?,25.0,2020-12-30T07:51:44Z
UvGnqLmkYhY,언변은 거의 히틀러 수준 대단한 사람인데<br>그래도 잘못을 바로 인정은 하네요<br>방송은 재밌었는데 아쉽네요 ㅜㅜ,25.0,2020-12-30T11:28:07Z
UvGnqLmkYhY,정치얘기했나 제대로 털리네 대학교수.정치인들 털면 90프로는 표절인게 현실 아니가 역사강의  재밋게 해서 좋은데 아쉽네 운이 하락세인가 한방에 훅 가시네,24.0,2020-12-30T11:30:04Z
UvGnqLmkYhY,홍진영....설민석.....다음은 또 누구????,24.0,2020-12-29T13:04:21Z
UvGnqLmkYhY,그래도 설강사님덕에 한국사가 더 가까워져서 정말로 감사히 생각하고 있습니다. 그 점은 정말로 감사합니다. 물론 왜곡된 사실을 진실로 말한 것은 역사강사로서는 최악의 실수죠. 그래도 한국사 강사로서는 정말로 감사합니다.,23.0,2020-12-29T13:40:24Z
UvGnqLmkYhY,따분한 역사를 그래도 이분때문에 역사에 관심을 가지게 되었는데...안타깝다...,23.0,2020-12-29T17:12:01Z
UvGnqLmkYhY,ㄹㅇ 설민석까지 터질줄은 몰랐네<br>세상에 믿을 인간 한명도 없구나<br>설민석 역사 강의 좋았는데,22.0,2020-12-30T10:20:02Z
UvGnqLmkYhY,일반인은 유명해지기만 하면 이렇게 다 들쳐내고 깍아내리네.. 잘했다는 건 아니지만 그냥 이런 사회 참 씁슬하다..,22.0,2020-12-29T15:06:11Z
UvGnqLmkYhY,부분의 잘못을 인생전체로 매도해도 곤란  닥닥한 역사를 이렇케 재미있게 해준 사람있으면 나와봐,22.0,2020-12-29T13:45:49Z
UvGnqLmkYhY,문제는 전문가들은  진짜 재미없게 가르침,22.0,2020-12-30T06:05:21Z
UvGnqLmkYhY,박사논문도 아니고 석사논문가지고.. 도대체 누굴건드렸길래 이리 탈탈 털리는거지? <br>한국석사논문 수준이 대부분 논문 리서치 기반으로 할거고 요즘은 어떤지 모르지만... 주석 각주달아서 재출했던시절 생각난다.. 암튼 사람하나 저세상으로ㅠ보내내,21.0,2020-12-29T18:17:07Z
UvGnqLmkYhY,그냥 학원만 잘해도 일년에 몇백억 버는 인간이 왜 그랬냐 그렇게 관종이 되고 싶었냐 ;; 난 이해가 안된다,21.0,2020-12-31T03:29:43Z
UvGnqLmkYhY,연예인들중에서두  오래가는  분들보면 남한테 피해안주고 거짓없고 그런분들이  오래가더라~~  유재석 처럼,21.0,2020-12-29T13:28:35Z
UvGnqLmkYhY,설민석 화이팅! 힘내라! 그래도 재밌었다!,21.0,2020-12-29T13:51:52Z
UvGnqLmkYhY,이사람으로 인해 역사에 흥미를 가지고 있었는데....,21.0,2020-12-30T11:26:42Z
UvGnqLmkYhY,음악까지 썰을 풀었어?<br>너무 오버했구먼~~~~,21.0,2020-12-29T13:05:37Z
UvGnqLmkYhY,"몇 천년전 얘기하면서 눈물 글썽일 때마다 토하고 싶었는데, 진정 연기였네,   연습없이는 할 수 없는 고난위의 눈물 연기.",20.0,2020-12-30T15:14:10Z
UvGnqLmkYhY,울나라 논문 낸거 모두  전수조사강추,20.0,2020-12-29T14:50:29Z
UvGnqLmkYhY,하여턴 대한민국 이라는 나라는<br> 참  신기하죠?,20.0,2020-12-29T13:04:14Z
UvGnqLmkYhY,혓바닥이 머리보다 앞서가면 생기는 일,20.0,2020-12-29T13:14:55Z
UvGnqLmkYhY,죄 다 사기꾼밖에없어 ㅋㅋㅋㅋ,20.0,2020-12-29T18:40:02Z
UvGnqLmkYhY,"으욕이 앞서는 것처럼 보일 때 부터 좀 불안하긴 했는데, 결국 이렇게 되나..  사람은 항상 흥분상태에 오랫동안 놓이는 걸 조심해야된다.",19.0,2020-12-29T17:47:17Z
UvGnqLmkYhY,근데 우리나라에 저나이대에 표절하지 않고 학위 받은 사람 몇있을까 싶네요<br>그저 유명해서 밝혀졌을뿐인듯요<br>한번 밝혀봐 주세요 제 말이 얼마나 틀린지를요,19.0,2020-12-30T12:40:50Z
UvGnqLmkYhY,전공을 너무 잘살린거 아니냐?ㅋ,19.0,2020-12-29T13:29:03Z
UvGnqLmkYhY,가짜가 판치는세상,19.0,2020-12-29T13:35:55Z
UvGnqLmkYhY,"저 사람도 공부하면서 뭔가 잘못된게 있었을거임. 한편으로는 안타깝다. <a href=""https://www.youtube.com/watch?v=UvGnqLmkYhY&amp;t=80"">1:20</a> 이거는 근데 동의 못한다. 재즈의 영향을 받아서 생긴거지, 궁극적으로 표현하면 파생이 맞을수 있는건데, 초심을 잃다? 이건 정말 아님.",18.0,2020-12-29T13:16:47Z
UvGnqLmkYhY,난 학사이긴 하지만..<br>그냥 통으로 배껴서 졸업했었지..<br>표절은 정상은 아니지만..<br>털면 95%는 걸릴걸..<br>석사급 이상중에 표절 아니라고 자부하는 사람 있으면 내가 소고기 사줄게,18.0,2020-12-29T15:37:20Z
UvGnqLmkYhY,대체 설xx 강의가 전문가보다 재밌어서 좋다~ 라는 사람들은 뭐냐<br>당연히 사실이 아니라 지 입맛대로 다 조작하고 강의하는데 팩트만 말하는 사람보다 재밌지... 그냥 대중 상대로 역사왜곡한 사기꾼 그 이상 이하도 아님.,18.0,2021-01-01T03:32:32Z
UvGnqLmkYhY,JTBC 짜증나. 설민석이 석사여서 다들 역사 예능 재밌게 본건가?? 그냥 재미있게 이야기 풀듯 하주니 재미있게 본거지...에휴...,18.0,2020-12-30T14:12:49Z
UvGnqLmkYhY,훅 가네.<br>솔직히 역사.<br>좋지.<br>근데말이야.<br>뇌피셜록이 되면 안돼지.,18.0,2020-12-29T14:40:14Z
UvGnqLmkYhY,넘 존경하고 좋아했는데...,17.0,2020-12-29T16:17:20Z
UvGnqLmkYhY,"이분 팬이었던 사람으로서 안타깝지만, 다른 한편으로는 크게 실망했고, 또 이런일이 지금이라도 밝혀졌으니 다행이네요.",17.0,2020-12-30T03:54:47Z
UvGnqLmkYhY,"석,박사 학위를 정직하게 딴 사람은 많치는 않치.. 참 이런걸로 문제되는 것도 골치아프겠다",17.0,2020-12-29T16:04:41Z
UvGnqLmkYhY,굿바이 민석~~~~,17.0,2020-12-29T12:56:13Z
UvGnqLmkYhY,솔직히 논문쓴 사람들중 짜집기 안한 논문있는지 의문..,17.0,2020-12-29T15:08:06Z
UvGnqLmkYhY,처 웃으면서  사과할때 알아봤다ㅋㅋㅋㅋ,17.0,2020-12-29T13:12:20Z
UvGnqLmkYhY,설민석을 좋아하셨고 잘 몰랐던 분들은 뭐 이해하지만 다 밝혀진 지금에서 말하자면 예전부터 알았는데 표절은 뭐 그렇다쳐도 왜곡된 역사를 알렸던 것은 엄연히 잘못된거에요 백번 잘못한겁니다 본인이 역사를 알리는 사람이면 당연히 팩트를 알리는게 맞는데 자기자신의 자체를 기만하고 사람들을 기만한거나 다름없어요.. 안타까워 할수는 있지만 응원하거나 커버치지는 말아주세요 제발,16.0,2020-12-30T00:44:21Z
UvGnqLmkYhY,설민석 정체가 뭘까? 연극영화과인데 역사강사라 방송에서 나온 역사강의는 그럼 다 외워서 강의한건가?지식이아니라??,16.0,2020-12-29T18:03:48Z
UvGnqLmkYhY,축하합니다.,16.0,2020-12-29T12:44:05Z
UvGnqLmkYhY,나름 강연할때 귀에 속속 들어오기는 했는디~~~ 참 안타깝네요   ㅜㅜ,16.0,2020-12-29T13:33:40Z
UvGnqLmkYhY,유튜브 채널도 닫았네??<br>앵간히 부끄러웠나보다..<br>돈 많이 벌었으니 땡인가,16.0,2020-12-30T11:41:17Z
UvGnqLmkYhY,정치에 비하면 놀랍지도 않다,16.0,2020-12-29T23:52:21Z
UvGnqLmkYhY,어! 잘 가~~~<br>멀리 안 나가.,16.0,2020-12-29T13:01:52Z
UvGnqLmkYhY,대학 나온 사람은 알겠찌만 80% 이상이 표절함 ㅋㅋㅋ 잘했다는 것은 아니지만... ^.^,16.0,2020-12-30T13:13:13Z
UvGnqLmkYhY,"설민석을 두둔하려는게 아니라 저딴 논문을 통과시킨 교수들도 잘라야 함. 과연 홍진영, 설민석 뿐일까?",15.0,2020-12-30T12:47:47Z
UvGnqLmkYhY,"참, 독특한 학력일세.. 보통은 연관성이 많은데.. 연극영화과 출신에 교육대 역사라.. 음... 학력 연관성이 참 벌거벗었네??ㅋㅋㅋㅋㅋㅋ",15.0,2020-12-29T14:13:19Z
UvGnqLmkYhY,&quot;좌파의 몰락&quot;,15.0,2021-01-01T00:35:11Z
UvGnqLmkYhY,설민석은 역사학자도 아니였고 그냥 수능인기강사였을뿐인데 ᆢ<br>테레비가  사람을  너무 부풀려논거다 ㅠㅠ<br>진짜 교수분들이나  학자분들 강의들어보면 차이가난다ᆢ<br>역사강의를 할때 막 눈물짜내고 그런거보면 좀  아니라고생각했는데 ᆢ이럴줄알았다,14.0,2020-12-29T13:42:29Z
UvGnqLmkYhY,이 사람만큼 말잘하는사람도 드문데..설민석 대체자가 없다.,14.0,2020-12-29T23:56:54Z
UvGnqLmkYhY,선을넘다 벌거벗겨진 설민석 ㅋㅋ 프로그램들 이름 자기미래 예언이였다니,14.0,2020-12-29T14:49:56Z
UvGnqLmkYhY,너무 나갔어 ㅋ 언론에서 띄워주니까 멈추기 힘들지 사람이라면 ㅎ 연기는 잘하니까 다른길로 돈 많이 벌었자나,13.0,2020-12-29T13:00:39Z
UvGnqLmkYhY,자기 이름으로 삼국지 책 출간해놓곤 공손찬이 공씨인지 공손씨인지 구분도 못함.<br>한국사 강의로 먹고사는 사람이 이성계는 여진족드립ㅋㅋ,13.0,2020-12-30T00:36:11Z
UvGnqLmkYhY,역사 뿐만 아니라 책 읽어 드립니다 라는 프로그램에서도 봤듯이 이야기를 명료하고 정말 재미있게 전달해줬던 분이었는데 조금 안타깝긴 하네요..<br>물론 본인이 잘못한건 응당 책임을 져야겠지요..,13.0,2020-12-30T11:29:06Z
UvGnqLmkYhY,4.3사건 이야기할 때부터 알아봤음<br>이제사 하차하네.. 정통 역사학자들은 지금 뭐하고 계시나요,13.0,2020-12-29T19:03:22Z
UvGnqLmkYhY,역사 왜곡하려다가 개망신,13.0,2020-12-31T14:58:49Z
UvGnqLmkYhY,"개인적으로는 성향이 달라서 내용은 공감하지 못했지만, 흥미롭게 말하는 능력과 철저한 자기관리 능력은 본받고 싶었던 사람, 비판할 점과 배울 점이 있는, 최소한의 존중은 받을만한 분이었다.",13.0,2020-12-29T16:54:01Z
UvGnqLmkYhY,역사 공부 안 하고 설민석 강사 영상 보고 역사 성적 올랐었는데 ㅠㅠ 안타깝네요,13.0,2020-12-30T10:51:04Z
UvGnqLmkYhY,예전 논문들이 다 그렇지 ㅋㅋㅋㅋ 그래도 난 설민석 선생님이 긍정적인 영향을 더 많이 주었다고 생각한다,13.0,2020-12-30T15:21:38Z
UvGnqLmkYhY,연극영화과 출신이라던데 인생자체가연극이었네,13.0,2020-12-29T22:40:34Z
UvGnqLmkYhY,지금은 모르지만 그당시때도 거의 많은 사람들의 석사 박사학위 논문들이 표절된게 많음. 설민석은 우리나라 역사를 그나마 재밋게 왜곡되게 해설했다는 말이있었으니 그의 전공은 역사가 아님.. 그냥 재밋게  지깔인것임.,12.0,2020-12-29T13:05:59Z
UvGnqLmkYhY,국사를 가르칠때의 모습은 너무 좋았으나 책읽어주는거 하실때부터 위태위태해 보였음. 말씀대로 더 잘하라는 뜻에서 국민들이 채찍질하는거니~ 잘 보완해서 다시 뵐게요~,12.0,2020-12-30T10:59:28Z
UvGnqLmkYhY,"말을 너무잘하고 너무 재미있게 잘해서, 그리고 쭉 계속올라가만 가기에 모든게 다 진실이고 훌륭한 분인줄알았는데, 실망이 크네요. 그래도 마지막에 배운사람처럼 마지막 처신은 좋네요. 안타깝네, 유혹을 뿌리치기 그렇게  어려운가.",12.0,2020-12-29T13:26:46Z
UvGnqLmkYhY,유명해지면 안티가 생겨 어떻게해서든 끌어 내릴려고하지 그러고보면 유재석은 신아닌가??싶어,12.0,2020-12-29T13:24:49Z
UvGnqLmkYhY,여덟가지 잘하고 두가지 못했다고 쥐잡듯 책임을 묻는다면 누가 앞에 나설수 있을까요!! 앞의 여덟가지 잘 한점도 참작 하여 판단하는것이 맞을듯 합니다.,12.0,2020-12-29T15:21:08Z
UvGnqLmkYhY,평소 역사에 좋아하고 관심있던 사람은 <br>이사람 그냥 이야기꾼 정도로 보고<br>역사에 관심없던 사람이 이사람 역시 이야기좋아함. 그냥 말그대로 옛날이야기 정도임,12.0,2021-01-01T08:36:41Z
UvGnqLmkYhY,설민석 단대 천안캠퍼스 <br>연극영화과 출신임<br>학력위조 하려고 대학원간거!<br>그냥 연기자 일뿐!<br>전문가가 아님! ㅈ문가!,12.0,2020-12-31T01:51:06Z
UvGnqLmkYhY,이분 말씀하실때 쉽고 재미있게 설명해 주셔서 역사 프로그램 팬이 됐는데 ...,12.0,2020-12-31T19:04:45Z
UvGnqLmkYhY,와 깊은 지식대식 대단한 말빨을 가진 설씨 그러나 말빨은 말빨일뿐... 언젠간 뽀록이 나죠!,12.0,2020-12-29T13:16:55Z
UvGnqLmkYhY,역사는 감정으로 배우면 어떤 진정한 교훈이 뽑힐까요,12.0,2020-12-29T18:16:18Z
UvGnqLmkYhY,저게 반일 국뽕 유튜버들 평균이다ㅋㅋㅋ<br><br>일본야후 가봐라 엄청나게 조롱중 ㅜㅜ,12.0,2021-01-02T03:10:13Z
UvGnqLmkYhY,지금 논문써본 사람들 다 돌려보시죠? 설강사보다 더한 사람들 분명 쏟아질겁니다,12.0,2020-12-30T16:08:15Z
UvGnqLmkYhY,긍정적으로 생각하라는사람들 유형이 이런사건들도 사람이라 실수할수도있지~ 담에안그러면되지 다들왜그래~<br>이러는 사리판단못하는사람들<br>보면 답답합니다.,12.0,2020-12-29T12:47:16Z
UvGnqLmkYhY,누가머라해도 설강사님 고생많으셨습니다 기죽지 마세요,12.0,2020-12-29T13:48:20Z
UvGnqLmkYhY,조두순도 살아 있는데 요런 사건은 귀엽죠 정신차리고 다시 힘내서 인생 잘 헤쳐가며 살아가세요~ 똘똘하니깐~,11.0,2020-12-30T14:09:40Z
UvGnqLmkYhY,댓글 보면 왜이리 너그럽지 ? 표절로 딴 학위 그걸로 돈벌이도 했으니 범죄자인 데다 강의도 여러번 오류로 문제였는데 같은 이슈의 사람들 한테도 이렇게 관대했음?,11.0,2020-12-29T12:52:06Z
UvGnqLmkYhY,설민석 선생님역사 지금까지 잘듣고 왔어요<br>설민석 선생님 때문에 우리집 아이들도 저도 역사에 대해 한발짝 더 알게 되었는데 너무 너무 아쉽네요 그동안 감사했어요,11.0,2020-12-29T15:13:26Z
UvGnqLmkYhY,논문쓰는데 표절 안한사람 찾기 더 힘듬,11.0,2020-12-29T15:17:12Z
UvGnqLmkYhY,안타깝다  이분때문에 역사를 좋아하게 됬는데...  책은 읽기싫은고 어떻게하지  하........ㅜㅠㅠ,11.0,2020-12-29T16:51:08Z
UvGnqLmkYhY,아 안돼.... 선을 넘는 너석들ㅠㅠㅠㅠㅠㅠㅠ,11.0,2020-12-29T17:50:05Z
UvGnqLmkYhY,몇년전 부터 역사외곡 말나왔는데  이제터지네,11.0,2020-12-29T22:57:15Z
UvGnqLmkYhY,연극과 출신이 한국사 넘어 세계사까지 넘보고 거짓퍼트리니까 일이 이렇게 커지는구나,11.0,2020-12-29T14:42:53Z
UvGnqLmkYhY,방송 책 예능 cf 등등 돈긁어모으더니 훅가네..,11.0,2020-12-29T13:31:18Z
UvGnqLmkYhY,대한민국 사람들은 남 잘 되는 꼴 절대 못 보는듯,11.0,2020-12-29T15:37:27Z
UvGnqLmkYhY,역사를이렇게설명할수있는분이있을까요ㅡ<br>잘생각해봅시다ㅡ<br>역사를잘아시는분들은누구죠ㅡ<br>설명부탁요ㅡ,11.0,2020-12-29T13:22:22Z
UvGnqLmkYhY,그냥... 뭔가... 한국은 뭐하나 잡으면 영혼까지 다 털어버리는 듯 난 솔직히 그게 더 역거움,11.0,2020-12-29T15:26:30Z
UvGnqLmkYhY,사과를 강의톤으로 하노ㅋㅋㅋㅋㅋㅋ,11.0,2020-12-30T12:33:23Z
PAcw-6Dsd2I,1. 어떤 인물이 뜬다.<br>2. 방송사 너나할것없이 별별방송에 주연급으로 다밀어주고 SNS도 오지게 홍보함. 심지어 아동용 콘텐츠로도 진출하기도함<br>3. 그만큼 싫어하는 여론도 많아짐<br>4. 인기떨어지니 슬슬 욕먹기 시작하고 과거에 감춘 비밀도 드러남<br>5. 자숙엔딩,3172.0,2020-12-29T17:14:31Z
PAcw-6Dsd2I,홍진영:너두?<br>설민석:나두<br>야나두,1478.0,2020-12-29T18:47:35Z
PAcw-6Dsd2I,역사를 사랑하시는 대한민국 국민여러분 안녕하십니까 한국사 전문가 Ssul민~썩입니다.,1170.0,2020-12-29T17:55:43Z
PAcw-6Dsd2I,혜민씨랑 똑같이 벌만큼 벌었다.. 이제 평생 놀면되니 본인 걱정들 하시길...,952.0,2020-12-29T15:07:59Z
PAcw-6Dsd2I,그냥 썰쟁이였던걸로,688.0,2020-12-29T15:01:54Z
PAcw-6Dsd2I,설민석은 연구를 게을리하지 않았다<br>단지 역사를 입맛대로 각색했을뿐,495.0,2020-12-30T03:58:03Z
PAcw-6Dsd2I,부모님이 티비에서 보시는거 지나다니다 보면 <br>역사에 감정을 너무 실어넣음,452.0,2020-12-29T18:43:05Z
PAcw-6Dsd2I,역사에 관심있는 사람들은 알껍니다<br>이번일로 터진것이 아니라<br>그 전부터 문제는 꾸준히 제기되고 있었어요<br><br>조선의 역사를 너무 치켜세우고 <br>편파적으로 강의를 하는것이 문제였죠,347.0,2020-12-29T17:21:40Z
PAcw-6Dsd2I,한국사 비주류설을 짬뽕으로 섞어서 방송에서 정설인거마냥 퍼뜨릴때부터 까이고 있었는데 결국에 ㅋㅋ,342.0,2020-12-29T20:55:45Z
PAcw-6Dsd2I,일제가 ~한 짓이 뭔지아십니까! 바로! 우리 국민들을 수.탈 한것입니다 (일동: 아~),329.0,2020-12-29T18:37:45Z
PAcw-6Dsd2I,역사에 대한 진입장벽을 낮춘다는 점에선 높게 평가했는데 아쉽네요 ㅠ,296.0,2020-12-29T17:15:28Z
PAcw-6Dsd2I,역사적 지식이 얕긴 했으나 말은 참 잘했음 조선시대 태어났으면 유명한 이야기꾼이 됐을듯,276.0,2020-12-30T01:48:32Z
PAcw-6Dsd2I,아니ㅋㅋ설씨는 역사선생이 아니라 걍 연극단원이라고ㅋㅋㅋㅋㅋㅋ,225.0,2020-12-30T00:54:04Z
PAcw-6Dsd2I,"연대 논문 10% 넘으면 통과 불가능 50프로면 인용구 포함 대부분 퍼다가 쓴 수준임 , 대필이거나 본인이 양심 팔아 복불 한거 교수가 몰랐다고 하는것도 신기한 수준임",199.0,2020-12-30T02:48:15Z
PAcw-6Dsd2I,연극영화과답게 연기를 잘한 우리의 썰민석,194.0,2020-12-29T21:43:02Z
PAcw-6Dsd2I,자기 비판하면 전부 차단하고 블락하더니 드디어 업이 여기서 터지네 아 시원하다 오늘은 꿀잠이다 ㅋㅋㅋㅋㅋ,188.0,2020-12-29T14:51:50Z
PAcw-6Dsd2I,각자가 분수에 과한 누림을 가지면 언젠가는 뱉어내야하는겨,181.0,2020-12-29T14:42:18Z
PAcw-6Dsd2I,&quot;썰 푸는&quot; 썰민석,169.0,2020-12-29T14:50:24Z
PAcw-6Dsd2I,난 오히려 이제와서 문제터진게 더 웃기던데 ㅋㅋㅋㅋㅋㅋㅋㅋ,142.0,2020-12-29T17:33:48Z
PAcw-6Dsd2I,패턴도 맨날똑같앗음<br>조선 치켜세우면서 국뽕올리다가<br>갑자기 일본 끌여들여서 줘패다가<br>그대로 혐일엔딩,132.0,2020-12-30T08:47:54Z
PAcw-6Dsd2I,고등학교때 역사쌤이 짱싫어했었는뎈ㅋㅋㅋ역사전공 제대로 하지도 않고 연영과 나와서 입만 잘털면서 역사가르친다고 하는거 꼴보기싫다곸ㅋㅋㅋㅋ그땐흘려들었는데...이야...틀린말 하나없네...,121.0,2020-12-29T22:17:48Z
PAcw-6Dsd2I,"독립운동 33인 모욕해서 1400만원 벌금형 받은 인간임.  저 인간이 한 짓이 역사왜곡, 허위사실유포, 명예훼손..  이런놈은 미리 걸러냈어야지",101.0,2020-12-29T21:08:14Z
PAcw-6Dsd2I,책 읽어주는거나 한국사 얘기하는거는 진짜 기가막히게 재미있던데,100.0,2020-12-30T01:32:16Z
PAcw-6Dsd2I,온통 사기꾼 천지인 세상이구만... 에휴,98.0,2020-12-29T18:36:04Z
PAcw-6Dsd2I,"처음부터 당연한 결과였음.. <br>약은약사에게, 역사는 역사전문가에게..<br>연기자가 재미하나만 보고 남에게 돈받고 역사를 가르칠거면, <br>전문가는 왜필요하고 공부는 왜하냐.... 연기자가 역사를 안다정도의 선은 이미 넘은 지 오래되었음",97.0,2020-12-29T17:29:21Z
PAcw-6Dsd2I,잘못한것도 잘못한거지만 우리나라 너무 나락으로 끌어내리네 ㅠㅠ 이런 문화가 안타까울뿐,95.0,2020-12-30T00:10:12Z
PAcw-6Dsd2I,설민석씨가 갑자기 왜이렇게됏노ㅜㅜ,84.0,2020-12-29T17:26:04Z
PAcw-6Dsd2I,진짜 완벽한 사람은 많지 않은가보다 솔직히 이분 덕에 역사에 관심이 많아졌고 재미있었음 근데 여러 잘못이 심하긴 했고 그래도 인신공격이나 비난보단 비판을 하는게 좋겠다,63.0,2020-12-30T15:06:46Z
PAcw-6Dsd2I,그래도 썰 재밌던데ㅋㅋㅋ<br>좋아했던 분인데 아쉽구먼,49.0,2020-12-29T17:51:31Z
PAcw-6Dsd2I,근데 난 생각이 다른게 설민석 덕분에 역사에 대해서 관심을 가지게 된거는 사실이였음...,48.0,2020-12-30T01:40:54Z
PAcw-6Dsd2I,학부:연극영화과 😂,48.0,2020-12-29T18:17:57Z
PAcw-6Dsd2I,난 그냥 설민석 화법이 마음에 들어.. 자칫 지루한 역사를 재밌게 들을 수 있었다는 것에 그래도 좋은 점수 준다. 아 물론 개인적인 생각임. 난 역사 너무 지루해서 솔직히 관심 없었는데 설방송은 보면서 라디오처럼 듣기는 했음,45.0,2020-12-30T00:11:31Z
PAcw-6Dsd2I,어렵고 지루한 역사 귀에 쏙쏙 밝히게 아주 명쾌한 설명해주셔서 정말 존경하고 내가 만약 미래에 어떤 강의에 종사하는 직업을 가지고 있다면 정말 본받고 싶었던 분이신데 참 안타깝기도 하면서 한편으로는 실망스럽네요.,40.0,2020-12-29T17:28:44Z
PAcw-6Dsd2I,민석아 혜민길만 걷자ㅋㅋ,37.0,2020-12-30T00:39:32Z
PAcw-6Dsd2I,결과적으로 히틀러가 연설하던 컨셉 그대로 본인이 따라한거네ㅋㅋㅋ<br>아이러니ㅋ,35.0,2020-12-29T23:54:05Z
PAcw-6Dsd2I,설민석은 그래도 양반이다. 논란있으면 인정하고 사과하는건 ...뻔뻔하게 뻔히보여도 부정하거나 조용히 잠수타거나 하는게 대부분인데,34.0,2020-12-29T15:40:33Z
PAcw-6Dsd2I,민석이도 거짓말을 너무 많이 했구나.,34.0,2020-12-29T15:13:05Z
PAcw-6Dsd2I,민석이 덕분에 민석이가 쓴 조선왕조실록 책 을 현재라면 받침대로 쓰고 있슴,34.0,2020-12-29T16:15:01Z
PAcw-6Dsd2I,아니 논란이 있는데 왜 대상 후보를 <br>말해주고 있는지 모르겠다..<br>우리 나라가..이렇게 폭망 해가는 건가..,33.0,2020-12-29T14:58:29Z
PAcw-6Dsd2I,연구가 아니라<br>석사과정은 지나가는 스펙이라고 생각했을겁니다.<br>다들 그렇게 생각하지않나요?<br><br>계속 이런문제가 제기되고 반복되는건<br>지식과 연구가 아닌 돈으로만 생각하는<br>학위시스템이 문제가 아닐까요?,31.0,2020-12-29T17:37:51Z
PAcw-6Dsd2I,예전부터 말이 많았지만 한국사인강을 무료로 풀어주고 우리나라 사람들한테 역사를 이렇게 재밌게 강의한사람은 드물다고 본다 나도 수험생으로서는 모르겠지만 우리나라 한국사선생으로는 최고였움,30.0,2020-12-30T00:11:50Z
PAcw-6Dsd2I,민석이형만큼 잼나게 야그해주는 사람 없는데  아쉽다,30.0,2020-12-29T23:22:54Z
PAcw-6Dsd2I,이투스에서도 하차하나?,29.0,2020-12-29T16:28:37Z
PAcw-6Dsd2I,재밌게 가르치다보면 비유를 넣거나 자기 생각을 넣어서 가르치게 되는데<br>그게 역사 왜곡이 되는거임. 설민석 보다 더한게 초중고 선생들이지.,29.0,2020-12-29T15:23:33Z
PAcw-6Dsd2I,반일로 선동해서 많이 꿀빨았짘ㅋㅋㅋㅋ,29.0,2020-12-29T18:11:42Z
PAcw-6Dsd2I,비난말고 비판을합시다,28.0,2020-12-29T22:29:04Z
PAcw-6Dsd2I,말은 똑바로 해라.. 게을리가 아니라 힘 안들이고 베낀거자나,28.0,2020-12-29T18:17:44Z
PAcw-6Dsd2I,"설민석이 가장좋아하는역사=일제강점기.<br>시청자들분노게이지상승시키며<br>몰입하게하고,소설시작.",28.0,2020-12-30T03:38:59Z
PAcw-6Dsd2I,석사논문 저런식으로 쥐잡듯잡으면 교수들 반은 물러나야될듯ㅋㅋ,28.0,2020-12-29T21:27:46Z
PAcw-6Dsd2I,벌거벗은 세계사 기다리고 있었는데 무슨일이고 ㅋㅋㅋㅋㅋ,27.0,2020-12-29T15:45:32Z
PAcw-6Dsd2I,확실히 까는기사 나오면 방구석에서 키보드질하는사람들 총출동이네 ㅋㅋ,27.0,2020-12-29T19:05:43Z
PAcw-6Dsd2I,과장했어도 역사시험 전날 이분거 보고 시험ㅂ개잘봤는데,25.0,2020-12-29T18:59:46Z
PAcw-6Dsd2I,하차로 끝나는게 아니라 석사학위가 취소 되어야지. 조국 사태 못 봤나 요즘 시대에 불공정은 사라져야 한다.,23.0,2020-12-29T15:01:55Z
PAcw-6Dsd2I,"솔직히 옹호하자는건 아닌데 ㅋㅋㅋㅋ 석사때 걍 졸업이나 박사과정 하기위해 적당히 때우잖아? 교수, 박사들조차 무관심하고 오히려 참고하라고 강조해서 편하게 가려고 하던데 누가봐도 석사때의 논문은 우리나라의 학계의 악습을 고스란히 보여준 사례다. 단지 언론으로 뭔가 이슈거리용으로 들먹인거겠지 정작 석사 딴사람중 떳떳한사람 몇이나 될까? 그리고 당연히 당당하게 자신만의 논문을 연구못한 대가는 치루는게 맞지",22.0,2020-12-29T17:53:04Z
PAcw-6Dsd2I,강사라기보단 연기자가 더 잘어울림<br>강연할때 오바가 심해서 보기 불편한적이 많았음,22.0,2020-12-29T15:08:45Z
PAcw-6Dsd2I,"2010년, 그리 오래전도 아니고 어린나이도 아니고 본인나이 40살에... 그것도 어디 다른 대학 대학원생 논문이나 보고 배껴서 논문을 쓸생각을 하다니.",21.0,2020-12-29T23:56:32Z
PAcw-6Dsd2I,난 그래도 좋았는데.. 아쉽네ㅠ,21.0,2020-12-29T17:54:38Z
PAcw-6Dsd2I,형...가지마 나아직 설민석 한국사 다 못 읽었어...,21.0,2020-12-29T23:39:59Z
PAcw-6Dsd2I,설민석방송보는 사람들 수준자체가 낮아서그럼 역사에 역자도 모르니까 사짜가 나와서 재미만있게하면 오 재미있네 우리설쌤최고 주접싸는거보면 한국에서 인문학은 뒤졌음,20.0,2020-12-29T15:50:53Z
PAcw-6Dsd2I,ㅋㅋ근데<br>논문 일반인들 표절절반이상함ㅋㅋ,19.0,2020-12-29T18:14:51Z
PAcw-6Dsd2I,선을 넘는 녀석들도 폐지합시다!!!~,18.0,2020-12-30T03:08:43Z
PAcw-6Dsd2I,나도 어렸을땐 재밌게 봤는데 625 역사강의 보니까 진짜 왜 사람들이 우파 좌파 하는지 이해가 가드라..,17.0,2020-12-30T02:09:21Z
PAcw-6Dsd2I,아깝다 그나마 설민석씨가 해주는 강의는 재밌었는데,17.0,2020-12-29T17:15:23Z
PAcw-6Dsd2I,"그래도 잘못한거 까이니까<br> 모든 방송 다 하차하는건 괜찮네.<br>원래 이게 당연한건데 최근엔 논란 터져도 아무 일 없었다는 듯이 방송 잘만 출연하는 사람들을 너무 많이 봐서 그런지 당연한거 한게 잘한걸로 보임 ㅋㅋㅋㅋㅋㅋ<br>막 샴푸 허위광고 하던 사람은 아직도 방송에 나오고 있고 논물표절 먼저 터졌던 그 가수는 논란 터지고 한달 가까이 지나고서야 사과했던거 생각하면 하차 다 하겠다는게 어색할 정도임 ㄹㅇ;;<br>잘못했으면 이렇게 TV프로 다 내려오는게 맞는건데<br>그마저도 안 하는 사람을 많이 봐서 그런가 사과하는 태도는 완전히 최악의 케이스는 아니었다고 봄.<br>근데 사과를 좀 잘 했어도 역사왜곡이나 논문표절 등은 분명 큰 잘못이 맞고, &#39;사과 잘 했으니까 까지 마라&#39; 이런 의미로 말한건 절대 아니니까 오해하시는 분 없으시길",17.0,2020-12-29T23:35:27Z
PAcw-6Dsd2I,부풀려서 눈물 한번 찔금 흘리게 감동시켜주고 본인이 듣고싶은대로만 왜곡해 들려주는 사람에게 홀랑 취하고... 정작 옆에서  팩트를 말해주면 친일파 프레임씌우고..설민석 이 사람만 욕할 게 아니고 이 사람을 좋아했던 대중이 더 나쁘죠.. 이런 감정적 사람들이 많으니 설민석같은 사람이 나와버리는 겁니다.,16.0,2020-12-29T18:24:15Z
PAcw-6Dsd2I,미안한 말이지만 언젠가 이렇게 될 줄 알았다. 사람들은 말빨에 잘 현혹되더라만... 깊이도 없고. 고증이 제대로 된 것 같지 않은 말들을 너무 쉽게 하더라니. 진정한 학자라면 그렇게 방대한 역사들을 어느 하나 쉽게 얘기하는 것에 조심스러울 것이다.,16.0,2020-12-30T01:08:33Z
PAcw-6Dsd2I,연구를 안하셨다 라기 보다는 그냥 일그러진 신념 같으신데,16.0,2020-12-29T17:59:00Z
PAcw-6Dsd2I,"2020년 전에 일어난 안 좋은 일들도 올해 일어난 것 같은 느낌,,",15.0,2020-12-29T19:36:47Z
PAcw-6Dsd2I,뭐 뜨기만 하면 ㅈㄹㅈㄹ해서 끌어내리기 바뻐 참 ㅋㅋㅋ대단하다 대단해 남 까내리지말고 니들인생 살어,14.0,2020-12-30T00:52:27Z
PAcw-6Dsd2I,역사판 김제동이라 그러던데,13.0,2020-12-29T14:47:23Z
PAcw-6Dsd2I,설 문 석,13.0,2020-12-29T14:39:00Z
PAcw-6Dsd2I,근데 단국대 연극영화과 가 왜 역사를 가르치죠? ㅋ 세상 참,13.0,2020-12-29T15:13:08Z
PAcw-6Dsd2I,ㅋㅋㅋ판타지 책읽고 진짜역사인마냥 말하면 유명인될수있겟네,13.0,2020-12-29T18:36:21Z
PAcw-6Dsd2I,이사람땜에 그래도 역사 잼나게 들었는뎅 아쉽다,12.0,2020-12-29T14:44:36Z
PAcw-6Dsd2I,2020년은 마지막까지 ㄹㅈㄷ네 몇명이 떠나가는거냐,11.0,2020-12-29T18:35:28Z
PAcw-6Dsd2I,"설민석,아주 잼있는 강의였는데,ㅠㅠㅠ",11.0,2020-12-29T15:09:54Z
PAcw-6Dsd2I,&quot;연구안했다&quot;,11.0,2020-12-29T19:33:04Z
PAcw-6Dsd2I,방송 잘 나가는 사람들 중에 안끌리는 유형의 인간들이 있는데 그 중 하나가 설민석과 혜민이었음,11.0,2020-12-30T02:31:52Z
PAcw-6Dsd2I,요즘 왜 10년전 논문이 왜 이렇게 난리지.10년전 논문 다 전수조사해야되는거 아니야.,11.0,2020-12-29T17:11:17Z
63_-_u-LgPQ,전형적인 골수좌파,99.0,2020-12-29T09:23:59Z
63_-_u-LgPQ,그럴줄알았지?<br>좀건방스럽더니<br>입만똑똑  안타깝네<br>속았네,99.0,2020-12-29T09:30:45Z
63_-_u-LgPQ,구라치는 설 주둥이   우웩....  퉷,97.0,2020-12-29T09:18:43Z
63_-_u-LgPQ,좌파한테도 매도당하고 우파한테도 쥑일놈이 되네. 인기얻으려 혀를 마구 놀리다 한방에 훅 가버리네.,82.0,2020-12-29T10:01:19Z
63_-_u-LgPQ,10만이 머지 않았습니다. 힘이 되는 멋진 큰 언니 화이팅!🤩🤩🤩,81.0,2020-12-29T09:18:06Z
63_-_u-LgPQ,결국 역사 왜곡 또 하겠다는 거죠,76.0,2020-12-29T09:29:20Z
63_-_u-LgPQ,그래서 저는 저사람 나오면<br>채널을 바로 돌림,70.0,2020-12-29T09:38:47Z
63_-_u-LgPQ,방송국이 문제지요 CJ계열 tvn 이재현 풀어줄때 무슨짓이라도 한다고 할때 알아봤음,63.0,2020-12-29T10:39:51Z
63_-_u-LgPQ,제주43사건은 김대중이가 cnn인터뷰에서 인민군이일으킨 폭동이라 말했습니다 제주43을 진압안했으면 제주도땅이 북한땅되었습니다 지만원시스탬TV가서 우파의 진정한역사를 공부하셔요,60.0,2020-12-29T10:21:03Z
63_-_u-LgPQ,모든 방송에서 하차한다고 하네요 이런날이올줄…,55.0,2020-12-29T09:53:55Z
63_-_u-LgPQ,아버님이  용산구전  민주당<br>국회의원 출신,54.0,2020-12-29T09:10:45Z
63_-_u-LgPQ,젊은사람이 역사이야기를 참 재밌게 봤는데 배신감을 들게했네요<br>연기에 소질이 있어서 말을 잘할수있었나봐요 그좋은 머리를 올바른데 썼음 좋았을것을,50.0,2020-12-29T11:19:34Z
63_-_u-LgPQ,중고등학교때보던 모습이아직도 많이남아계시내요^^ 우리고모님과닮으셔서 참좋아햇읍니다.ㅎ,46.0,2020-12-29T09:22:12Z
63_-_u-LgPQ,설민석   제주 역사  왜고되게 해서  실망 했습니다 70년전이면  농경시대인데  공장으로갔느니 ~~,46.0,2020-12-29T09:24:24Z
63_-_u-LgPQ,박근혜대통령 상까지 받았는데요! 상받을때 표정이 기쁜얼굴이 아니어서 유심히 봤네요! 그후에 행보를 보니 역시나!,44.0,2020-12-29T13:10:24Z
63_-_u-LgPQ,전문성이 없는자를 띄워주는 벙송이나 그걸 보고 점검도 하지 않고 따르는 사람들도 문제의식을 가져야.,43.0,2020-12-29T17:57:34Z
63_-_u-LgPQ,방미 선생님 잘들었 습니다.,42.0,2020-12-29T09:28:15Z
63_-_u-LgPQ,그러면서<br>똑똑한척은다하고<br>몰랐네요,41.0,2020-12-29T09:15:14Z
63_-_u-LgPQ,몰랐던내용알게해서감사함다그동안방송에많이출연했지만뭔가통했는지체널을자꾸돌리게되더라구요홧팅ᆢ,41.0,2020-12-29T10:52:19Z
63_-_u-LgPQ,설민석ㅡ연세대학교 석사 ㅡ가짜??,41.0,2020-12-29T09:27:06Z
63_-_u-LgPQ,설민석이는 유시민 하고 똑같은 사람입니다 한마디 하면 알아보면 전부 사실이 아님,40.0,2020-12-29T09:26:22Z
63_-_u-LgPQ,"저는  방미님  엄청  좋아  합니다,  요즘은  우울증   느낌으로  가슴이  답답한데    방미님은   사이다  완전  핵사이다  이십니다   가끔   이렇게  글을  쓸수  있는것두  감사하게  생각 합니다 방미님도   나라가  안정될때까지  건강  합시다",39.0,2020-12-29T11:20:20Z
63_-_u-LgPQ,설인석 그럴줄 알았엉 <br>진짜 대단해  가짜 나불나불,39.0,2020-12-29T09:33:25Z
63_-_u-LgPQ,사깃꾼 이죠~~,36.0,2020-12-29T10:15:51Z
63_-_u-LgPQ,반가워요.💘💘💘,35.0,2020-12-29T09:06:06Z
63_-_u-LgPQ,설썰~~ 이젠 석사논문까지... 한방에 갈날이 멀지않은듯하다,35.0,2020-12-29T09:31:14Z
63_-_u-LgPQ,방미님은 정통 연예인 코스를 밟으신 분인데<br>정확하게 진단을 하고 계시네요<br><br>서울에서 같은 학원에서 강사 생활을 했는데 <br>그때도 모사꾼 이었습니다<br>역사공부를 전공한 정통파가 아니니까 <br>말씀으로 어린애들에게 검정되지 않은 역사로 왜곡을 시켜 문제를 일으켰습니다,34.0,2020-12-29T18:25:40Z
63_-_u-LgPQ,"동연배로서 방미씨 생각과 예리한 분석을 전적으로 동의 합니다, 좌우를 치우치지 않더라도 상식의 입장에서 방미씨를 응원합니다",34.0,2020-12-29T09:27:56Z
63_-_u-LgPQ,참대단하십니다 당신의용기에 진심으로 응원합니다,32.0,2020-12-29T11:38:07Z
63_-_u-LgPQ,예전에 너무 좋아한 가수 방미언니 ㅎㅎ<br>멋지십니다~<br>모든게 시원합니다,32.0,2020-12-29T10:13:12Z
63_-_u-LgPQ,"맞아요, 방미 언니 제대로 보시네요~♡",32.0,2020-12-29T09:56:20Z
63_-_u-LgPQ,댓글이 되네요 ㅋㅋㅋㅋㅋ 속 시원합니다,29.0,2020-12-29T09:27:39Z
63_-_u-LgPQ,방미선생님 새해복많이 받으세요,26.0,2020-12-29T10:42:03Z
63_-_u-LgPQ,👍,26.0,2020-12-29T09:19:50Z
63_-_u-LgPQ,"ㅅㅁㅅ이 쓰레기인가요? 역사조작 전문 역사를 코메디로, 애비가 만주 지린성 요고 수상하네~ 역사가 아니라 나불나불 ㅋㅋ",26.0,2020-12-29T12:21:18Z
63_-_u-LgPQ,역사관이 뭔가 저랑 안맞았더군요,24.0,2020-12-29T09:39:17Z
63_-_u-LgPQ,제주43사건도 왜곡이 심합니다,23.0,2020-12-29T11:40:06Z
63_-_u-LgPQ,방미♥♥,22.0,2020-12-29T10:25:36Z
63_-_u-LgPQ,나이도어린데어쩜저렇게아는게많은지무척궁금했었죠.강의에뭐에돈을엄청벌었나봐요.집도보여줬는데어마어마하더군요.,22.0,2020-12-29T10:42:06Z
63_-_u-LgPQ,뻥박사 설민석,21.0,2020-12-29T10:52:12Z
63_-_u-LgPQ,"이늠 첨 부터 알아봤다 난 ,,정상아니란걸",20.0,2020-12-29T11:51:21Z
63_-_u-LgPQ,그동안 좌파 편으로 많이 옹호하다가 결국 유식한 사람들이 얼마나 많은데,20.0,2020-12-29T12:01:22Z
63_-_u-LgPQ,저도 우연한 기회에 설민석이 강의를 들었는데 완전 좌파식 강의를 하는걸 보고 화가 치밀었습니다.<br>지금은 꼴도 보기싫은 작자입니다.,20.0,2020-12-29T10:54:56Z
63_-_u-LgPQ,방미님  ㅋㅋㅋㅋ 가끔웃기실때가 있음요   아자아자!!!!!!!,19.0,2020-12-29T10:07:48Z
63_-_u-LgPQ,언니 옷 예뻐요~~잘 어울려요  언니는 나이가 거꾸로 가나요~~🙆🥤,19.0,2020-12-29T10:59:04Z
63_-_u-LgPQ,제주도 역사를 설명할때 알아봤어요 바로 채럴 돌렸습니다,18.0,2020-12-29T19:52:54Z
63_-_u-LgPQ,모든역사왜곡을!!!~<br>연기였꾼요~ㅉㅉㅉ,18.0,2020-12-29T11:43:54Z
63_-_u-LgPQ,설민서정신좀차례ㆍ,18.0,2020-12-29T10:38:38Z
63_-_u-LgPQ,새해 복 많이 받으셔요 ~방미 💗 언니~~!!,17.0,2020-12-29T11:04:55Z
63_-_u-LgPQ,🤔기가막히네요.잘보고갑니다.감사합니다,17.0,2020-12-29T11:29:22Z
63_-_u-LgPQ,"설민석~말,잘해재미있게들었는데~최근,역사,왜곡실망스러워~잘안봅니다",16.0,2020-12-29T19:39:04Z
63_-_u-LgPQ,설민석이 역사 이야기 많이 하던데 ᆢ아 ㆍ그렇게 안봤는데 ᆢ 완전 😞 실망,16.0,2020-12-29T11:03:38Z
63_-_u-LgPQ,방미님은 빨갱이들이 판치는 세계에서 대한민국을 위해 정의로운 발언을 할 수 있는  몇 안되는 분 중의 한 분 입니다.,16.0,2020-12-29T12:48:38Z
63_-_u-LgPQ,방미방미ㄱㅏ최고야,14.0,2020-12-29T10:33:55Z
63_-_u-LgPQ,좌파 설민석,13.0,2020-12-29T10:24:30Z
63_-_u-LgPQ,짜가가 판치는 세상<br>엄벌이 필요합니다,12.0,2020-12-30T08:11:04Z
63_-_u-LgPQ,방미  언니   조근조근 말솜씨  최고랍니다 ..응원합니다,11.0,2020-12-29T15:46:23Z
63_-_u-LgPQ,"방미, 씨<br>항상, 응원합니다",11.0,2020-12-29T11:09:28Z
RwRFo6qn9jg,ㅋㅋㅋ  간판이  없어  사무실인줄  알았데.....ㅋㅋ   변명함   구질구질하다......민주당  시의원님.....,41.0,2020-12-30T00:05:33Z
RwRFo6qn9jg,역사를 모르는것 보다 잘못알고 있는게 더 무섭다,37.0,2020-12-30T05:15:00Z
RwRFo6qn9jg,왜 저런 사람 많잖어 ㅋㅋㅋㅋ 김제동도 헌법강의하고 ㅋㅋㅋㅋ 역제동 아니냐 ㅋㅋㅋㅋ,36.0,2020-12-30T00:13:21Z
RwRFo6qn9jg,잼게보다가 혼자 울컥울컥 하는거 컨셉인지 ㅈ같아서 그때부터 안봄,29.0,2020-12-30T01:02:00Z
RwRFo6qn9jg,홍진영 뉴스보면서 밤잠 못잤겠네 ㄷㄷ,28.0,2020-12-30T00:37:41Z
RwRFo6qn9jg,잘못된 명예는 결코 오래가지 못한다.<br>인터넷이 발달된 요즘세상이 너무좋다.<br>옛날엔 저런 그지같은 인간들이 지식인다 사회지도층이다 라고<br>판치고 살았는데. 이젠 밝혀져 너무좋다,27.0,2020-12-31T03:32:25Z
RwRFo6qn9jg,우리나라 석박사 논문 다 털자. 모든 박사  논문은 표절이 대부분. 한번 따져보자.,22.0,2020-12-30T10:45:07Z
RwRFo6qn9jg,석.박사 논문 전수조사 해봐라. ㅋㅋ 재미있것다,22.0,2020-12-30T04:02:02Z
RwRFo6qn9jg,이미 돈 벌거 다 벌었을텐데<br>하차해도 뭐...,21.0,2020-12-30T00:33:29Z
RwRFo6qn9jg,"그런 논문을 통과 시켜주는 대학원과 대학시스템이 더 문제 아닐까? 왠만한 논문은 각주 출처 걸고 넘어지면 다 걸릴텐데, 물론 표절률이 좀 쎄긴해서 할말은 없겠지만...",18.0,2020-12-30T00:36:48Z
RwRFo6qn9jg,역사 왜곡 스피커의 최후!,16.0,2020-12-30T05:12:32Z
RwRFo6qn9jg,와 논문 표절 ㅋㅋㅋ 진짜 논문 표절 이게 뭐라고 진짜 학위논문 중에 과연 표절안한 논문이 얼마나 있을까 진짜 궁금하네.,15.0,2020-12-30T00:35:02Z
RwRFo6qn9jg,잘못은 잘못이지만 강의 볼때마다 정말 재미있었고 많이 배웠다. 뭔가 아쉽기만하네,15.0,2020-12-30T00:04:39Z
RwRFo6qn9jg,입털 때 사기성이농하더만 사람들 중에 저 사람이 말하는 허구를 진짜로 믿는 사람들이 많았구나~ㅋㅋㅋ<br>국평오 진짜인듯,14.0,2020-12-30T00:27:28Z
RwRFo6qn9jg,MBC 방송 한게 날라가는거야 ㅋㅋ,14.0,2020-12-30T00:24:57Z
RwRFo6qn9jg,"...??? 역시 시험시간, 시간없을땐 최태성... 뭐지근데;;",13.0,2020-12-30T00:00:50Z
RwRFo6qn9jg,하차가 아니라 구속 아님? 역사왜곡 허위유포,13.0,2020-12-30T02:25:17Z
RwRFo6qn9jg,역교익 ㅋㅋ,12.0,2020-12-30T00:49:35Z
RwRFo6qn9jg,"그런것을 방관한 미디어 매체들의 잘못이 더 큰데 왜 설쌤을 욕받이로 쓰는지....... 그래도 우리나라 역사를 진흥시키고, 알아야 한다는 것을 적극적으로 말하신 분에게 너무 욕하는 것은 아닌것 같아요....우리나라 역사를 감회롭게 다시 알리셨는데......",12.0,2020-12-30T00:25:37Z
RwRFo6qn9jg,설민석님 이분 말이 쏙쏙 들어오고 역사를 쉽게 이해시켜주어서 감동이었는데....,11.0,2020-12-30T00:35:59Z
2X6CpTsB3oc,한방에 훅가네 ㅋㅋㅋ 왜곡을 그렇게 하더니 결국은 가는구나 자정효과는 일어나는구나,60.0,2020-12-29T10:54:41Z
2X6CpTsB3oc,설민석 당신은 장날 시장통에서 만담이나 하면<br>딱어울릴것같다,56.0,2020-12-29T12:33:38Z
2X6CpTsB3oc,"나 선을넘는녀석들, 벌거벗은 세계사, 책읽어드립니다. 진짜 연심히 봤는데...울 엄마도 좋아하는데..진짜 이럴줄 몰랐다.<br>표절이라니..설민석 나오는 채널 끊어야겠다.역사와세계사는 많으니.. 설민석 이렇게 안봤는데",44.0,2020-12-29T12:12:18Z
2X6CpTsB3oc,결국은 밑천이 드러나게 되어 있다.,42.0,2020-12-29T12:13:11Z
2X6CpTsB3oc,역사왜곡자 설민석 가짜강사네요,38.0,2020-12-29T11:23:56Z
2X6CpTsB3oc,내 이럴줄 알았다 논문 통과시켜준 교수들 작살내야 함,36.0,2020-12-29T12:30:46Z
2X6CpTsB3oc,"다신 보질 말자<br>역사왜곡자, 표절자 설민석",33.0,2020-12-29T10:37:50Z
2X6CpTsB3oc,어쩐지 사기꾼 냄새가 난다 했더니만...,22.0,2020-12-29T13:02:31Z
2X6CpTsB3oc,학위취소 되면 지금까지 번돈 어떻게 되는거임?,21.0,2020-12-29T11:31:47Z
2X6CpTsB3oc,미미광어의 기운은 여기까지인가요?,18.0,2020-12-29T10:44:51Z
2X6CpTsB3oc,역사학자가아니고 소설가아닌가요?,13.0,2020-12-29T12:41:02Z
2X6CpTsB3oc,이정돔데 오래 해드셨네요..,13.0,2020-12-29T12:26:02Z
2X6CpTsB3oc,연세대 교육대학원 논문지도위원회부터 조져야겠네~#,12.0,2020-12-30T03:01:05Z
2X6CpTsB3oc,김제동도 헌법교육학 박사논문 파해쳐보자,12.0,2020-12-29T11:43:54Z
urISCUJm87I,이런 사람이 역사 선생이라니.....,16.0,2020-12-29T13:06:45Z
urISCUJm87I,설민석은 역사를 잘 설명해서 유명해진 것이지<br>많이 알아서 유명해진게 아님,12.0,2020-12-29T13:04:39Z
NTeEWHHNw9M,헐... 연극영화전공요??!! 와 난 역사전공한 역사 학원선생출신인 줄 알았는데. 좌빨은 맞나보네요.  방송서 역사관련 말고도 예능까지 나오고 엄청 띄어주길래 좀 오버스럽다했는데...,26.0,2020-12-29T14:27:03Z
NTeEWHHNw9M,역사를 애곡하는<br>인간을 잡아다가<br>책임을 물어야 한다.,23.0,2020-12-29T22:04:03Z
NTeEWHHNw9M,설 저자나오면 안봐요<br>완전 거짖말을하는걸보고<br>역겨워는데<br>어쩐지  제발없어져라<br>민석아<br><br>바른것알어 주셔서감사합니다,21.0,2020-12-29T15:52:33Z
NTeEWHHNw9M,감정이입 연기를 아주 잘 하죠<br>그것도 말 마지막쯤에 감자기 아가리질을 멈춥니다<br>그리고 입을 반쯤 열고 시선을 허공으로 응시를 하죠<br>그러면서 마치 감정이 복받쳐오르는걸 애써 참고 누르는 듯한 표정<br>눈깔에 즙이 촉촉하게 졎시죠<br>즙 짜는 연기가 아니라 쯥 짜다 만 연출에 아주 능한 넘이죠,19.0,2020-12-29T19:07:09Z
NTeEWHHNw9M,무식하면 용감. 책 한권 읽고 용감. 연극으로 퍼포먼스 ~!!,18.0,2020-12-29T14:38:19Z
NTeEWHHNw9M,"저는 6년전즈음 이자가 초창기 티비에 나와서 좌파편향으로, 말씀하신대로 뻥튀기하고 왜곡하더군요!!  그때부터 싹수가 노랗다고 봤습니다. 책이 베스트셀러 되는거보고 기가 찹디다!!",18.0,2020-12-29T16:24:07Z
NTeEWHHNw9M,무식하면 용감함.. 막 씨부림~<br><br>양심 없음요..,17.0,2020-12-29T15:17:55Z
NTeEWHHNw9M,"역사왜곡은 좌파들의 교육계<br>진출에서 더욱더 두드러진 일들이다 ᆢ 이제라도 소장님같이  바로잡으려는 학자들이 계셔 주시니 마음 놓입니다,  설민석을 보면서<br>손자들이 빠져 있어 크게 우려는 했지만 지도할 능력부족으로 안타까웠습니다.<br>누구의 잘못보다 우리모두<br>잘못이라 생각들 하면서요ᆢ<br>역사학자님들께 바른길<br>꼭 찾아 주시길 희망합니다 ᆢ",16.0,2020-12-29T20:44:54Z
NTeEWHHNw9M,나는 처음부터 인상이 얍삽한게 마음에 안들었어~ 전공도 아닌게 마음대로 씨부리고.내그럴줄 알았다!,16.0,2020-12-29T14:57:25Z
NTeEWHHNw9M,연극영화과 출신~!!,15.0,2020-12-29T14:35:25Z
NTeEWHHNw9M,🐸🐸📣📡  4•15 부정선거 진실규명을 외면하는 용기없고 올바르지 못한 정치인이나 당은 다음 선거에서 뽑지 맙시다!     멸공!,12.0,2020-12-29T19:56:36Z
NTeEWHHNw9M,그놈이웃기놈이다,12.0,2020-12-29T13:56:42Z
NTeEWHHNw9M,"강화도 조약이랑 흥범 14조랑 뒤섞였나 보네요. ㅋ 근데 강화도조약은 우리나라 최초의 조약이며 불평등조약이다,는 옛날부터 교과서에서 항상 그렇게 기술되어 있었는데.. 그걸로 시험도 나왔어요 ㅠㅠ 그리고 총으로 위협해서 거의 반강제로 이루어진 조약이라고 온갖 책마다 적혀 있었던...",12.0,2020-12-29T13:56:57Z
