Office,Date,Link,Identity
,2020.12.11,https://m.entertain.naver.com/article/032/0003048217,m0003048217
경향신문,2020.12.18,https://n.news.naver.com/mnews/article/032/0003049376?sid=102,n0003049376
경향신문,2020.12.19,https://n.news.naver.com/mnews/article/032/0003049517?sid=102,n0003049517
경향신문,2020.12.22,https://n.news.naver.com/mnews/article/032/0003050116?sid=103,n0003050116
경향신문,2020.12.22,https://n.news.naver.com/mnews/article/032/0003049926?sid=103,n0003049926
경향신문,2020.12.22,https://n.news.naver.com/mnews/article/032/0003050040?sid=103,n0003050040
,2020.12.16,https://m.entertain.naver.com/article/005/0001391669,m0001391669
,2020.12.17,https://m.entertain.naver.com/article/005/0001391759,m0001391759
,2020.12.20,https://m.entertain.naver.com/article/005/0001392710,m0001392710
국민일보,2020.12.20,https://n.news.naver.com/mnews/article/005/0001392687?sid=103,n0001392687
국민일보,2020.12.22,https://n.news.naver.com/mnews/article/005/0001393690?sid=103,n0001393690
국민일보,2020.12.22,https://n.news.naver.com/mnews/article/005/0001393275?sid=103,n0001393275
국민일보,2020.12.24,https://n.news.naver.com/mnews/article/005/0001394428?sid=103,n0001394428
,2020.12.18,https://m.entertain.naver.com/article/020/0003327264,m0003327264
동아일보,2020.12.21,https://n.news.naver.com/mnews/article/020/0003327564?sid=103,n0003327564
,2020.12.21,https://m.entertain.naver.com/article/020/0003327595,m0003327595
동아일보,2020.12.22,https://n.news.naver.com/mnews/article/020/0003327788?sid=103,n0003327788
,2020.12.23,https://m.entertain.naver.com/article/020/0003328075,m0003328075
문화일보,2020.12.22,https://n.news.naver.com/mnews/article/021/0002453892?sid=103,n0002453892
서울신문,2020.12.13,https://n.news.naver.com/mnews/article/081/0003147230?sid=103,n0003147230
서울신문,2020.12.21,https://n.news.naver.com/mnews/article/081/0003149243?sid=103,n0003149243
서울신문,2020.12.21,https://n.news.naver.com/mnews/article/081/0003149463?sid=103,n0003149463
서울신문,2020.12.21,https://n.news.naver.com/mnews/article/081/0003149434?sid=102,n0003149434
,2020.12.21,https://m.entertain.naver.com/article/081/0003149462,m0003149462
서울신문,2020.12.22,https://n.news.naver.com/mnews/article/081/0003149840?sid=103,n0003149840
서울신문,2020.12.22,https://n.news.naver.com/mnews/article/081/0003149536?sid=103,n0003149536
서울신문,2020.12.25,https://n.news.naver.com/mnews/article/081/0003150736?sid=103,n0003150736
서울신문,2020.12.27,https://n.news.naver.com/mnews/article/081/0003150949?sid=103,n0003150949
,2020.12.11,https://m.entertain.naver.com/article/022/0003532159,m0003532159
,2020.12.11,https://m.entertain.naver.com/article/022/0003532153,m0003532153
,2020.12.11,https://m.entertain.naver.com/article/022/0003532156,m0003532156
,2020.12.11,https://m.entertain.naver.com/article/022/0003532167,m0003532167
,2020.12.11,https://m.entertain.naver.com/article/022/0003532175,m0003532175
,2020.12.11,https://m.entertain.naver.com/article/022/0003532170,m0003532170
,2020.12.11,https://m.entertain.naver.com/article/022/0003532168,m0003532168
,2020.12.11,https://m.entertain.naver.com/article/022/0003532171,m0003532171
,2020.12.11,https://m.entertain.naver.com/article/022/0003532172,m0003532172
,2020.12.11,https://m.entertain.naver.com/article/022/0003532173,m0003532173
,2020.12.20,https://m.entertain.naver.com/article/022/0003534955,m0003534955
세계일보,2020.12.21,https://n.news.naver.com/mnews/article/022/0003535189?sid=103,n0003535189
세계일보,2020.12.22,https://n.news.naver.com/mnews/article/022/0003535525?sid=103,n0003535525
,2020.12.23,https://m.entertain.naver.com/article/022/0003535942,m0003535942
조선일보,2020.12.20,https://n.news.naver.com/mnews/article/023/0003584593?sid=103,n0003584593
조선일보,2020.12.21,https://n.news.naver.com/mnews/article/023/0003584818?sid=103,n0003584818
조선일보,2020.12.22,https://n.news.naver.com/mnews/article/023/0003585081?sid=103,n0003585081
조선일보,2020.12.24,https://n.news.naver.com/mnews/article/023/0003585555?sid=103,n0003585555
조선일보,2020.12.24,https://n.news.naver.com/mnews/article/023/0003585397?sid=103,n0003585397
조선일보,2020.12.25,https://n.news.naver.com/mnews/article/023/0003585733?sid=103,n0003585733
조선일보,2020.12.25,https://n.news.naver.com/mnews/article/023/0003585814?sid=103,n0003585814
조선일보,2020.12.27,https://n.news.naver.com/mnews/article/023/0003585998?sid=103,n0003585998
조선일보,2020.12.28,https://n.news.naver.com/mnews/article/023/0003586095?sid=103,n0003586095
조선일보,2020.12.28,https://n.news.naver.com/mnews/article/023/0003586121?sid=103,n0003586121
중앙일보,2020.12.20,https://n.news.naver.com/mnews/article/025/0003062826?sid=102,n0003062826
중앙일보,2020.12.21,https://n.news.naver.com/mnews/article/025/0003063206?sid=103,n0003063206
중앙일보,2020.12.22,https://n.news.naver.com/mnews/article/025/0003063578?sid=103,n0003063578
중앙일보,2020.12.24,https://n.news.naver.com/mnews/article/025/0003064190?sid=103,n0003064190
중앙일보,2020.12.25,https://n.news.naver.com/mnews/article/025/0003064346?sid=103,n0003064346
한겨레,2020.12.11,https://n.news.naver.com/mnews/article/028/0002523867?sid=103,n0002523867
,2020.12.22,https://m.entertain.naver.com/article/028/0002525392,m0002525392
,2020.12.26,https://m.entertain.naver.com/article/028/0002525906,m0002525906
한겨레,2020.12.28,https://n.news.naver.com/mnews/article/028/0002526091?sid=110,n0002526091
,2020.12.05,https://m.entertain.naver.com/article/469/0000560208,m0000560208
,2020.12.06,https://m.entertain.naver.com/article/469/0000560294,m0000560294
,2020.12.07,https://m.entertain.naver.com/article/469/0000560531,m0000560531
,2020.12.08,https://m.entertain.naver.com/article/469/0000560870,m0000560870
,2020.12.08,https://m.entertain.naver.com/article/469/0000560990,m0000560990
,2020.12.11,https://m.entertain.naver.com/article/469/0000561985,m0000561985
,2020.12.11,https://m.entertain.naver.com/article/469/0000561978,m0000561978
,2020.12.11,https://m.entertain.naver.com/article/469/0000561973,m0000561973
,2020.12.11,https://m.entertain.naver.com/article/469/0000561980,m0000561980
,2020.12.11,https://m.entertain.naver.com/article/469/0000562046,m0000562046
,2020.12.12,https://m.entertain.naver.com/article/469/0000562264,m0000562264
,2020.12.12,https://m.entertain.naver.com/article/469/0000562304,m0000562304
,2020.12.12,https://m.entertain.naver.com/article/469/0000562220,m0000562220
,2020.12.13,https://m.entertain.naver.com/article/469/0000562355,m0000562355
,2020.12.15,https://m.entertain.naver.com/article/469/0000562954,m0000562954
,2020.12.19,https://m.entertain.naver.com/article/469/0000564416,m0000564416
한국일보,2020.12.21,https://n.news.naver.com/mnews/article/469/0000564951?sid=103,n0000564951
,2020.12.21,https://m.entertain.naver.com/article/469/0000564948,m0000564948
한국일보,2020.12.21,https://n.news.naver.com/mnews/article/469/0000564920?sid=110,n0000564920
,2020.12.21,https://m.entertain.naver.com/article/469/0000564718,m0000564718
한국일보,2020.12.22,https://n.news.naver.com/mnews/article/469/0000565303?sid=103,n0000565303
한국일보,2020.12.23,https://n.news.naver.com/mnews/article/469/0000565402?sid=103,n0000565402
,2020.12.23,https://m.entertain.naver.com/article/469/0000565361,m0000565361
,2020.12.24,https://m.entertain.naver.com/article/469/0000565731,m0000565731
한국일보,2020.12.25,https://n.news.naver.com/mnews/article/469/0000566193?sid=103,n0000566193
